latitude,longitude,accidentCategoryCode
50.81239810900007,12.948821508000037,3
51.16303159000006,13.04829339400004,3
51.08952411900003,13.24334639400007,3
51.051098187000036,13.803620816000034,2
51.049689175000026,13.809524679000049,3
51.058371169000054,13.753235708000034,3
51.06637253100007,13.596423639000022,3
51.19555106200005,14.997953941000048,3
51.14498587000003,14.995308431000069,3
51.272607193000056,12.377269958000056,3
51.31891081800006,13.123112392000053,1
50.50229219000005,12.13487847500005,3
50.621189368000046,12.52109095000003,3
50.523797381000065,12.765746319000073,3
50.82596047700008,12.941339517000074,3
50.49789057100003,12.926206490000027,3
50.44641313000005,13.013439925000057,3
50.48595248300006,12.739383519000057,3
50.545096783000076,12.57520024300004,3
50.45423657500004,12.632484781000073,3
51.112477771000044,12.98846966700006,3
51.058330855000065,12.984158174000072,3
50.923230243000035,13.43151830000005,2
50.712319043000036,12.875000872000044,3
50.94770272900007,13.98170037400007,3
51.04952097700004,13.744766215000027,3
51.047062133000054,13.670224242000074,2
51.02920793100003,13.673103965000053,3
51.03797453200008,13.808728833000032,3
51.071717868000064,13.748596621000047,3
51.12262299500003,13.722249846000068,3
51.106025017000036,13.628993061000074,3
51.17362588300006,13.85567111100005,3
51.36604683500008,14.178643842000042,2
51.32424311800003,12.391139586000065,3
51.40015274000007,12.392961461000027,3
51.27260744000006,12.377248199000064,3
51.52934176100007,12.196735129000047,3
51.34830789500006,12.376165832000027,3
51.272607193000056,12.377269958000056,3
51.307158162000064,12.372271130000058,3
50.71734515600008,12.486867548000077,3
50.811997888000064,12.692082030000051,3
50.442574739000065,11.894333149000033,3
50.37831076500004,12.143581178000034,3
50.73827705400004,12.368633490000036,3
50.731587371000046,12.48169706300007,3
50.71932570000007,12.766790413000024,3
50.88705457800006,12.753227988000049,3
50.99928500900006,13.157740034000028,3
50.64700933000006,13.356575503000045,3
51.02520039800004,12.902895393000051,3
50.601336425000056,12.804782583000076,3
51.24476621500003,13.503435779000029,2
51.07374780400005,13.794165348000035,2
51.20966087200003,14.731214127000044,3
51.08328949400004,14.69254883900004,3
51.36380638300005,12.313774633000037,2
51.13776198700003,12.509046070000068,2
51.32018589300003,12.16697466100004,3
51.34258740400003,12.445078852000051,3
51.33593836400007,12.405987928000059,3
51.32643419300007,12.379325022000046,3
51.05380043100007,12.558253999000044,3
51.559510196000076,12.987063028000023,3
50.593613265000045,12.337883162000026,3
50.68511523700005,12.488084017000062,3
50.79983645600004,12.971774777000064,2
50.72218606200005,12.784532204000072,3
51.03992829400005,13.804580986000076,2
51.10830431200003,13.736237696000046,3
50.99615230300003,13.795851798000058,3
50.98240545300007,13.796423624000056,3
51.04208042600004,13.701170340000033,3
51.184999574000074,13.499172111000064,3
50.97417752400003,13.940100981000057,3
51.10528389500007,14.459923269000058,3
51.07040800100003,13.994170384000029,3
51.25829335600008,14.251634402000036,3
50.901758888000074,14.822482282000067,3
50.89938091000005,14.712126405000049,3
51.327079499000035,12.403199749000066,3
51.37022078900003,12.478219054000022,3
51.26042507200003,12.911272204000056,3
50.58415323100007,12.351119563000054,3
50.99151048600004,13.118742189000045,3
50.57397298400008,13.053242296000064,3
50.46864222000005,12.987172668000028,3
51.00673359000007,13.83698018900003,3
50.99346292200005,13.766558313000075,3
51.064386898000066,13.611991275000037,3
51.03659332900003,13.62952983100007,2
51.01669502300007,13.671012751000035,3
50.91865741700008,14.189741454000057,3
51.165171384000075,14.688967197000068,2
50.85482595500008,14.702227697000069,3
51.36263049900003,12.468350469000029,3
51.32156350400004,12.38966888400006,3
51.323555182000064,13.042486867000036,2
50.60656420500004,12.391012556000021,3
50.599662024000054,12.410619225000062,3
50.81741290000008,12.612844338000059,3
50.885822939000036,12.700709251000035,3
50.65139019000003,12.827399968000066,3
50.58904534200008,12.696958965000022,3
51.059672997000064,13.67058159100003,3
51.09324529400004,13.720370220000063,3
51.04222714400004,13.751844077000044,3
51.03758408400006,13.597946876000037,3
51.296301192000044,13.53049426900003,3
51.28878228200006,13.525470949000066,3
51.10469091900006,13.418796249000025,3
51.10706616600004,13.647890661000076,3
50.92676434200007,14.043666639000037,3
50.92468635700004,14.048854041000027,3
51.14761481000005,14.956730953000033,2
51.45311372000003,14.189949780000063,3
50.97928703400004,14.615991013000041,3
51.322892833000026,12.393393169000035,3
51.35323068300005,12.376524704000076,3
51.33839343100004,12.404057823000073,2
51.38720970500003,12.805416321000052,2
51.34273968000008,12.381168530000025,3
51.369381849000035,12.466801670000052,3
51.358470090000026,12.367737590000047,3
51.31825511300008,12.407412089000047,3
51.332768298000076,12.480435343000067,3
51.30652235700006,12.380666781000059,3
51.13551605200007,12.50967272400004,3
51.10389020000008,12.718504693000057,2
51.35936200900005,12.715977052000028,2
50.64862102500007,12.475492606000046,2
50.711319942000046,12.473537184000065,2
50.47189928200004,11.946817474000056,3
50.68340301500007,12.479654624000034,2
51.04792999600005,12.798600867000061,2
50.831349473000046,12.953884377000065,3
50.84109180300004,12.919777621000037,3
50.591554131000066,12.699765164000041,2
51.11765503700008,13.126629353000055,2
50.84704367900008,13.234686513000042,3
50.905472951000036,12.863851327000077,3
50.933386134000045,12.704851508000047,3
51.11302901100004,13.773804319000021,3
51.04184464900004,13.799020512000027,3
50.99850513200005,13.79950976200007,3
51.08763002200004,13.631385870000031,2
51.01928615800006,13.63578715500006,3
50.98541793900006,13.576610302000063,3
51.29290989800006,13.528053444000022,3
51.14331418800003,14.025555088000033,3
51.190307707000045,14.188193021000075,3
51.173573143000056,14.429576815000075,3
51.338246111000046,12.386767938000048,2
51.37510916100007,12.412865382000064,2
51.467625963000046,12.455342916000063,3
51.37584739000005,12.378154679000033,3
51.35069409100004,12.44569597700007,3
51.32056448600008,12.37339666400004,3
51.32351534900005,12.41319126600007,3
51.35186228400005,12.458408285000075,3
50.58882607100003,12.275087347000067,2
50.73099674600007,12.483787584000027,2
50.50855018100003,12.402564117000054,2
50.500483657000075,12.135725455000056,3
50.72186134400005,12.501571455000033,3
50.50465059700008,12.130938177000075,3
50.82147358900005,12.94314937400003,3
50.605028606000076,12.687804775000075,2
50.58827704300006,12.731652930000052,3
50.85627406200007,13.393443038000044,3
51.304532952000045,13.38468079100005,2
50.986169833000076,13.675813151000057,3
51.06636198400008,13.753841296000076,3
51.04543715900007,13.711278821000064,3
51.33418037100006,13.758646674000033,2
51.34331454000005,13.706465801000036,3
50.95863798000005,13.93741312800006,3
51.23555705600006,13.32557777900007,3
50.97245524300007,14.269579410000063,2
51.145032538000066,14.990707163000025,3
51.06376039200006,13.941605819000074,3
51.50680798700006,14.71316831100006,3
51.40738855300003,14.548712957000077,3
51.34817909800006,12.53096141800006,3
51.28526388100005,12.422384988000033,3
51.35725411000004,12.491243452000049,3
51.332118226000034,12.359975989000077,2
51.373370762000036,12.318920878000029,3
51.375221665000026,12.412791018000064,3
51.24456324100004,12.384015465000061,3
51.31469552200008,12.368473463000043,3
51.33680766200007,12.470783653000069,3
51.308668201000046,12.270975177000025,3
51.34273658700005,12.395023791000028,3
51.327907622000055,12.370480964000024,3
51.12136649400003,12.493024566000031,3
51.12791979100007,12.497055416000023,3
51.20439023000006,12.324353582000072,3
51.230536560000075,12.723374489000037,3
51.20265493000005,12.607759411000075,3
51.45988669700006,12.637261848000037,3
51.55441583500004,13.030857066000067,3
50.587253522000026,12.218640595000068,2
50.821583917000055,12.548191907000046,3
50.70695797900004,12.45917709500003,3
50.718735045000074,12.483195586000022,3
50.72571563500003,12.776964791000069,3
50.995343571000035,13.144212414000037,3
50.83189489700004,12.919602566000037,3
50.59264862200007,12.808158781000031,3
50.73463931500004,13.063107573000025,3
50.90809368100008,13.032496713000057,3
51.05326492900008,13.781463931000076,3
51.04008400400005,13.660444066000025,2
51.06079898300004,13.731733255000051,3
51.03435818100007,13.731225499000061,3
51.057966916000055,13.688938243000052,3
51.074528635000036,13.723045218000038,3
50.76138466000003,13.787293307000027,2
50.89725227000008,13.691642036000076,3
51.23418994100007,13.536489796000069,1
51.22967346900003,14.895090740000057,2
51.08798867400003,14.213329724000062,3
51.05864340000005,13.777368741000032,3
51.30836905900003,14.32610567100005,3
51.11333414100005,13.921190957000022,3
51.261366578000036,13.90210694600006,3
50.90386631300004,14.808599369000035,3
51.33062473700005,12.36293379700004,2
51.36723417300004,12.46086983300006,3
51.421672123000064,12.400565701000062,3
51.31964390100006,12.37357410900006,2
51.40718084400004,12.381848872000035,3
51.40599769700003,12.388361289000045,3
51.36182359000003,12.39983310100007,3
51.33659550800007,12.371544579000044,3
51.537233325000045,12.316789376000031,3
51.466804395000054,12.604488058000072,3
51.30692639400007,13.100334791000023,3
51.45754055500004,12.927336505000028,3
50.55498288000007,12.19055959800005,3
51.120508131000065,13.153611585000021,2
50.73312046800004,12.862977078000029,3
50.83082576800007,12.892628018000039,3
50.59836236800004,13.001267317000043,3
50.53255250600006,12.841749191000076,3
50.68457512200007,13.10695075500007,3
50.65099621600007,13.188669614000048,3
51.039535009000076,13.738490243000058,3
50.97135827400007,13.854833625000026,2
51.180018817000075,13.746334621000074,3
51.060108211000056,13.752630810000028,3
51.053184789000056,13.584031026000048,2
51.26964792600006,13.502952956000058,2
51.197454665000066,13.405703544000062,3
51.04871851100006,14.079144782000071,2
50.96929907500004,14.249002397000027,3
51.263121503000036,13.928790467000056,3
51.106352515000026,13.907027321000044,3
51.51637012900005,14.718217486000071,3
51.02138528200004,14.804038890000072,3
50.98247108800007,14.608471492000035,3
51.38339395000003,12.381952049000063,2
51.057410040000036,12.690838477000057,3
51.51540067700006,12.365367154000069,3
51.45944706300003,12.627847259000077,3
50.51434921500004,12.120599574000039,3
50.59971212900007,12.546427442000038,3
50.64072262500008,13.012838455000065,2
51.00161211100004,12.954955299000062,2
50.82194012700006,12.942919646000064,3
50.76043000800007,12.926509902000078,3
50.611970142000075,13.068832359000055,3
50.57546173000003,13.118969293000077,2
50.73157505800003,13.130511487000035,3
50.63098291600005,13.159765393000043,3
51.293558536000035,13.295288407000044,3
51.06546525500005,13.742349140000044,3
51.10789432400003,13.632060738000064,3
51.05423414300003,13.800470612000026,3
51.049151033000044,13.641811267000037,3
51.17085382000005,13.476441951000027,3
51.003405325000074,14.026532503000055,3
51.31767033500006,13.28281374100004,3
51.19300377800005,14.483489849000023,3
51.24558500000006,14.898851928000056,3
51.15670152100006,14.984965758000044,3
51.152359571000034,13.893689648000077,2
51.10365293000007,14.66975091300003,3
51.32557489900006,12.420891125000026,3
51.23607049800006,12.201381106000042,3
51.32457206600003,12.336842509000064,3
51.06870112000007,12.555365351000034,3
50.495674896000025,12.184914071000037,3
50.69889873500006,12.680690017000074,2
50.49970073700007,12.132446208000033,2
51.08534249000007,13.827913275000071,2
51.06004757800008,13.769410318000041,3
51.103742648000036,13.863813318000041,3
51.14643770600003,14.982825158000026,3
51.50894229900007,14.32296347600004,3
51.35822424400004,12.407148138000025,3
51.41147467700006,12.544011572000045,3
50.72666927300003,12.489589673000069,3
50.88517712000004,12.783147499000052,1
50.69137428400006,12.707990893000044,3
50.61725189800006,12.730178367000065,3
50.584713460000046,12.635615764000022,3
51.20441177300006,13.153568816000075,3
50.90586669600003,13.337188059000027,3
50.656988786000056,13.337621523000053,3
51.30041621700008,13.601249548000055,3
51.16004720800004,13.491164191000053,1
51.03418379500005,13.800261954000064,3
51.008862341000054,13.83912994800005,3
51.443444328000055,14.134889904000033,3
51.224380179000036,13.908612911000034,3
51.08647598600004,14.66231198500003,3
51.35131891100008,12.407401385000071,3
51.37923460500008,12.421412399000076,3
51.122688495000034,12.518005772000038,2
51.32584190100005,12.448875803000021,3
51.32920431700006,12.350731852000024,3
51.172982180000076,12.259323030000076,3
51.12470873400008,12.492697001000067,3
51.235618343000056,12.723780775000023,3
51.26393079300004,12.971852209000076,3
50.79161867900007,12.627287527000021,3
50.85103257000003,12.476715784000021,3
50.87696349600003,12.595120388000055,3
50.49747772400008,12.601175475000048,2
50.83441861600005,12.954167725000048,3
51.02652956800006,13.832990033000044,3
51.02484056000003,13.731238008000048,3
51.08533317200005,13.644783368000049,1
51.31637941200006,13.285473628000034,3
51.27121016700005,13.235186310000074,3
50.967549287000054,14.187818229000072,3
51.177093306000074,14.423269517000051,3
51.16267566300007,14.32789671100005,2
51.46243789700003,14.081885191000026,3
50.95275750700006,14.726948916000026,3
51.326698573000044,12.441681409000068,3
51.36279208500008,12.430869610000059,2
51.18329836600003,13.02365708000002,3
51.41192473600006,12.453509604000033,3
51.30461521500007,12.424596635000057,3
51.350458357000036,12.457674509000071,3
51.308952856000076,12.26440021600007,3
51.33223451300006,12.387266113000067,3
51.331290773000035,12.373712031000025,2
51.33273947200007,12.361594404000073,3
51.34848556500003,12.349313532000053,3
51.330512344000056,12.37366577000006,3
50.49131219800006,12.163303757000051,3
50.67290252500004,12.487236769000049,3
50.41347863200008,12.336226789000023,3
50.62212889400007,12.278545627000028,3
50.484203259000026,12.140371749000053,3
50.31033402300005,12.317298127000072,3
50.66809296300005,12.655911978000063,3
50.61830975400005,12.982443812000042,2
50.67719701600004,13.122302206000029,1
50.621582868000075,12.729116197000053,2
50.74009547700007,13.152514732000043,3
51.244154681000055,13.305451169000037,2
51.06108194500007,13.750426227000048,3
51.00206608900004,13.842016471000022,2
51.050287052000044,13.739033893000055,3
51.01996544500008,13.729401428000074,3
51.16720714200005,13.490146106000054,3
50.96031995000004,13.946578293000073,3
51.31720399300008,13.364005718000044,3
51.30382425600004,13.37959876800005,3
51.19202043100006,14.447485421000067,3
51.149370238000074,14.984242693000056,3
51.17332461900003,13.85599576900006,3
51.46137395400007,12.665173637000066,3
51.353062238000064,12.373360105000074,3
51.476865058000044,12.343256686000075,2
51.223696053000026,12.386827410000024,3
51.52962344900004,12.34158810300005,3
50.40958648900005,12.035598164000021,2
50.84244889200005,12.531512705000068,3
50.77053759900008,12.621986948000028,3
50.56510019800004,12.645178307000037,2
50.80205163900007,12.933691310000029,3
50.54942863900004,12.843724345000055,3
51.119169932000034,13.122748616000024,3
50.990714353000044,12.96610768100004,3
50.744544639000026,12.676651732000039,2
50.97227113500003,14.097536104000028,2
51.03172155900006,13.76171101600005,3
51.07835553600006,13.70417450900004,3
51.05095186300008,13.732751963000055,3
51.04012730000005,13.804007888000058,3
51.03550429100005,13.772698615000024,3
51.03172327100003,13.76171245300003,3
51.06351998900004,13.822385273000066,3
51.058854731000054,13.710700837000047,3
51.11022163700005,13.640130628000065,3
50.95769384700003,13.941594302000055,2
51.10187009200007,14.091570622000063,2
51.172986553000044,14.408308279000039,3
51.30262493300006,14.289843381000026,2
50.90039978100003,14.821081425000045,3
51.14232561400007,12.505601956000021,3
51.39271044800006,12.32870777100004,3
51.32089156500007,12.369135024000059,3
51.32915680500008,12.363546837000058,3
51.28672187700005,12.752089160000025,3
51.47489576700008,12.34519556400005,3
50.89163512500005,12.625593441000035,3
50.87490474500004,12.603921091000075,3
51.33904000700005,12.395189551000044,3
50.510578588000044,12.525656480000066,2
51.047362185000054,12.794777323000062,3
50.91200724500004,12.989371025000025,3
50.82622764200005,12.929083157000036,3
50.413246281000056,12.939366660000076,3
50.56005697400008,12.73161003000007,2
51.21080344500007,13.07778947600002,3
50.66849890800006,13.322048936000044,3
50.748355149000076,12.861362921000023,3
50.70393587800004,12.755019403000063,3
51.051498983000045,13.714954588000069,3
51.04389594100007,13.781455140000048,3
51.04824427900007,13.748715508000032,3
51.05904348400003,13.75303979000006,3
51.032705168000064,13.730093125000053,3
51.09665653500008,13.718968436000068,3
51.23546649700006,13.727815104000058,3
51.26898275600007,13.238997435000044,3
51.13066612000006,13.917479893000063,3
51.28666818000005,14.143280782000033,3
50.88751196000004,14.665682336000032,3
51.14171571900005,12.327151876000073,2
51.30334324000006,12.374118320000036,3
51.37285953700007,12.41047431000004,3
51.26053255200003,12.270065299000066,3
51.324403388000064,12.302466221000032,3
51.33220795100004,12.398699957000076,3
51.36419840800005,12.73170609400006,3
50.524238774000025,12.372659619000046,3
50.499452768000026,12.190622748000067,3
50.72248440700008,12.349677486000076,3
50.68517998100003,12.462039434000076,3
50.84624026000006,13.080629827000053,3
50.98795191000005,12.967288526000061,2
51.00912965300006,12.683894918000021,2
50.83324235100008,12.921353472000021,3
50.81798965200005,12.84027199600007,3
50.59308664500003,12.63856336300006,2
51.097383938000064,12.956375540000067,3
50.80038403300006,13.208881871000074,3
50.69647450100007,12.768796918000021,3
51.01423828900005,13.66441672700006,3
51.14683097500006,14.995874310000033,3
51.32802818300007,14.15300090900007,3
51.37871084500006,14.254627886000037,3
51.16640029300004,13.088263708000056,3
51.41532836600004,12.308129649000023,3
51.36121520200004,12.386215049000043,3
51.209541752000064,12.892119999000045,3
50.574088508000045,12.76831410400007,3
50.773278849000064,13.256668529000024,3
51.046282903000076,13.75475880700003,2
50.910696219000044,14.119335490000026,3
51.46916616800007,14.73282987400006,2
51.34063353400006,12.370868382000026,2
51.36193648200003,12.399920780000059,3
51.334192091000034,12.482126548000053,3
51.27294218000003,12.381761188000041,3
50.84843282300005,12.462421046000031,3
50.28024744000004,12.238401986000042,3
50.75785246500004,12.244548148000035,3
51.14425139400004,13.170298889000037,2
50.90873550500004,12.747261191000064,2
50.82454370700003,12.927496748000067,3
50.84003914200008,12.896957397000051,3
50.52520778600007,12.825041890000023,3
50.78194264700005,13.274804429000028,3
50.712833818000036,13.22454099600003,2
50.97996305700008,12.975113854000028,3
50.95410512600006,13.111728179000067,3
50.901305070000035,13.910687291000045,2
51.03381251400003,13.717949782000062,3
51.313270577000026,13.288887732000035,2
51.03200766200007,13.727893355000049,2
51.16294904600005,13.795718904000069,3
51.03980386300003,13.818223940000053,3
51.046401752000065,13.706005215000062,3
51.05279831000007,13.544421639000063,3
51.305762679000054,13.279792519000068,3
51.313516625000034,13.249245776000066,3
51.39421699400003,14.628142896000043,3
51.14576072300008,14.977613389000055,3
51.29442964400005,14.829140006000046,3
51.50302496200004,14.413761506000071,3
51.42302444400008,12.375318340000035,2
51.33622105200004,12.370881130000043,2
51.362712705000035,12.430815434000067,3
51.32285557500006,12.393451915000071,3
51.34945778200006,12.520034144000022,3
51.36514017800005,12.455034874000035,3
51.326705092000054,12.327670946000069,3
51.342722207000065,12.394853749000049,2
51.341060378000066,12.395375996000041,3
51.34772901200006,12.374604413000043,3
51.41686102400007,12.28179239700006,3
50.85076756700005,12.464996796000037,2
50.73381539900004,12.477074696000045,3
50.81725524400008,12.43127841300003,2
50.853862727000035,12.459049639000057,3
50.73410944200003,12.35721595800004,3
50.72565606500007,12.505815889000075,3
50.73944039300005,12.489149342000076,3
50.857911311000066,13.395140576000074,2
50.84707961500004,12.900470915000028,3
50.574874769000076,13.00996542300004,3
50.498253214000044,12.75138819800003,3
51.15646546600004,13.05754089100003,3
50.89337518800005,13.372546106000073,3
51.046007151000026,13.086517556000047,3
50.99605368200008,12.703493055000024,3
50.89225789600005,13.666964384000039,2
51.12092091400007,13.597437236000076,2
51.055873090000034,13.755922651000049,3
51.12681653900006,13.700921716000039,3
51.15149083300008,14.24527723400007,3
51.22609016000007,14.914872670000022,3
51.12038408400008,14.827189943000064,3
51.27791102200007,14.101540109000041,3
51.542398837000064,14.528650775000074,3
51.31251241400008,12.28077470900007,3
51.27179362900006,12.36882759200006,3
51.34569008300008,12.473521454000036,3
51.34265796900007,12.301818233000063,3
51.344509843000026,12.37705408100004,3
51.26634616000007,12.494072462000076,3
51.25912751800007,12.73486986200004,3
50.84759802000008,12.477563707000058,3
50.858858120000036,12.913456816000064,2
50.80049636700005,13.166431608000039,2
50.79110287800006,12.839296429000058,3
51.103089315000034,13.139288614000066,3
50.63221291700006,12.801998033000075,3
50.97707703200007,13.558010237000076,2
51.061075499000026,13.857845259000044,3
51.034930630000076,13.73129590600007,2
51.01311330800007,13.795681222000042,3
51.06496134500003,13.674403183000038,3
51.137130323000065,13.681943644000057,3
50.962039695000044,13.937833664000038,2
51.230426918000035,14.89263038100006,3
51.340573085000074,12.366723777000061,3
51.396373313000026,12.338529318000042,3
51.273090884000055,12.383500212000058,3
51.30041692000003,12.650567064000029,3
50.76428096500007,12.501137972000038,3
50.92591478700007,13.04849568700007,3
50.83287678600004,12.954396517000077,3
50.85139452200008,13.275885534000054,3
50.65314806900005,13.351298619000033,3
50.910515340000075,12.809919428000057,3
50.704034464000074,12.754682261000028,3
51.16266133100004,13.457433274000039,2
51.044249611000055,13.779857242000048,3
51.043069238000044,13.79322333400006,3
51.06715181100003,13.789072678000025,3
51.057801604000076,13.740905191000024,2
51.03029744400004,13.730716440000037,3
50.997857243000055,13.852098417000036,3
50.93736988000006,13.784118763000038,3
51.066310678000036,13.339526435000039,3
51.15506186500005,13.46748487800005,3
51.10714108800005,13.629126958000029,3
51.07229128300003,14.040735183000038,3
51.16866445200003,14.425709733000076,2
51.165363556000045,14.657404912000061,3
51.15250946300006,14.434868118000054,2
51.19066445300007,14.451366954000036,2
51.20071209100007,14.406687889000068,3
51.38258038200007,14.069399371000031,3
50.95265451300003,14.726997996000023,3
51.31958328200005,12.373569350000025,3
51.535582376000036,12.318658933000052,3
51.35854388900003,12.386959632000071,2
51.32042983300005,12.382434974000034,3
51.142432066000026,12.646313831000043,3
51.52145625000003,12.322523538000041,3
51.530939989000046,12.335255588000052,3
50.59526536300007,12.334384874000023,3
50.48664741300007,12.388245924000046,3
50.81864443100005,12.83968240200005,3
50.805468620000056,12.863112730000068,3
50.58673455300004,12.704379110000048,3
50.76567601200003,13.123314096000058,3
50.713818168000046,12.780751882000061,3
50.73177564200006,12.702926587000036,2
51.062799330000075,13.679340978000027,3
51.05978351700003,13.843756436000035,2
50.98336221100004,13.883098607000022,3
51.07877748200008,13.609355304000076,3
50.983558378000055,13.584687435000035,3
51.30248385500005,13.535599800000057,3
51.15901979700004,13.469732742000076,3
50.977624674000026,13.930928308000034,3
51.324783370000034,13.378959224000027,3
51.08030609900004,14.191008513000043,3
51.191407724000044,14.462223079000069,2
51.22362376800004,14.909290707000025,3
51.460599794000075,14.098112358000037,3
51.42459353800007,14.227112275000025,3
51.17996710400007,14.019260010000039,3
51.075280931000066,12.50489420100007,2
51.33871202600005,12.381672176000052,3
51.34335797400007,12.38161215200006,3
51.184701989000075,12.486923746000059,3
51.384634118000065,12.739964903000043,3
51.05951350600003,12.706361568000034,3
51.18574436100005,12.867265795000037,3
51.25738598300006,12.752530963000027,3
51.29444567200005,13.112991564000026,3
50.52576783400008,12.379808144000037,3
50.83171927600006,12.554927683000074,3
50.88579542700006,12.700777130000063,3
50.54273744300008,12.077152201000047,3
50.79921376200008,12.898311664000062,3
50.600941265000074,12.667855690000067,3
50.93758944600006,12.839792221000039,3
51.07381042600008,13.690197913000077,3
51.04261931100007,13.778668166000045,3
51.284962748000055,12.193693710000048,3
51.31222453100003,12.32667426200004,3
50.81183292400004,12.54405636100006,1
50.67475099700005,12.47146869200003,3
50.83685311900007,12.659902301000045,1
50.57735113100006,12.54261894700005,2
50.74176765300007,12.487848091000046,3
51.08867910300006,13.712920590000067,2
51.03925454400007,13.806303522000064,3
51.068145583000046,13.752875034000056,3
51.126042823000034,13.839759920000063,3
51.10183038000008,13.77011637000004,3
51.39884215100005,14.78453182800007,3
51.31480843300005,12.377802085000042,3
51.34128954000005,12.364319197000043,3
51.008426815000064,12.71203672200005,3
50.50389635600004,12.219579127000031,3
50.81867215500006,12.83965403700006,2
50.898304204000056,12.74246593600003,3
50.87544895100007,12.923707362000073,3
50.79654969400008,12.908563345000061,3
50.95211269400005,12.97144079900005,3
50.94321667500003,12.680220792000057,3
51.161837812000044,13.565370428000051,2
50.99853532100008,13.799773424000023,3
51.051452736000044,13.757818777000068,3
51.050609750000035,13.718484201000024,3
51.06079529900006,13.694633289000024,3
50.995651000000066,13.653349395000077,2
50.96399447600004,13.641729294000072,2
51.105471959000056,13.654152337000028,3
51.154885480000075,14.971040919000075,3
51.17330674100003,13.856015039000056,3
51.36959905600003,12.33802139200003,3
51.32065798100007,12.370912502000067,3
51.33248664000007,12.958790237000073,3
50.847764934000054,12.539346931000068,3
50.50140604300003,12.142530856000064,3
50.74993710700005,12.570958810000036,3
50.91618195700005,13.023780352000074,3
50.91960321200003,13.035027542000023,3
50.84056100200007,12.947131386000024,3
50.541800641000066,12.913561100000038,2
50.98736683100003,13.275423236000051,3
51.03959522900004,13.802042520000043,3
51.02989559000008,13.802641047000066,3
51.05936038100003,13.700440859000025,2
51.068568904000074,13.77613006200005,3
51.06427730000007,13.744647534000023,3
51.01098452300005,13.812605999000027,3
51.07956055500006,13.714551950000043,3
50.99119684600004,13.643019724000055,3
51.018735003000074,13.638094980000062,3
51.29399098600004,13.61091368700005,3
51.14692916000007,13.54492152000006,3
51.15795555100004,13.563606037000056,3
50.96663294000007,13.855383221000068,3
51.06172281200003,14.200322094000057,3
51.18939962400003,14.359676167000032,3
51.15471391300008,14.98524078500003,3
51.43287276700005,14.253392295000026,3
51.43879186000004,14.25499972800003,2
51.44277853300008,14.269857921000039,3
51.163657139000065,14.052072571000053,3
50.89736062800006,14.792449242000032,3
51.05500111100008,14.640993815000058,3
51.351307821000034,12.407488925000052,3
51.36451696800003,12.356575436000071,3
51.31066867700008,12.373250520000056,3
51.32325394900005,12.324726201000033,3
51.342105375000074,12.411168204000035,3
51.55649989600005,12.999838774000068,2
51.56328691500005,12.983906489000049,3
50.311749629000076,12.329230403000054,3
50.70344309700005,12.770673331000069,2
50.53353067000006,13.025541730000043,3
50.58904534200008,12.696958965000022,3
51.00311581500006,13.291753074000042,3
50.74066434400004,13.281358486000045,2
50.90600527000004,13.41419563200003,2
50.70506931600005,12.742179904000068,3
51.18841332100004,13.608334457000069,2
51.07206733400005,13.669987265000032,3
51.05587325800008,13.755923062000022,3
51.02675314500004,13.806679402000043,3
51.12550594100003,13.835040718000073,3
51.12145048900004,13.593011511000043,3
51.21472327300006,14.811189813000055,2
51.08772161100006,14.670699170000034,3
51.37584685100006,12.378173116000028,3
51.10172632600006,12.408392854000056,2
51.41831135900003,12.307499042000074,2
51.15802400800004,12.501597440000069,2
51.39180410900008,12.376005171000031,3
51.42280229900007,12.285852790000035,3
51.35006796700003,12.339105815000039,3
51.33786278300005,12.340979429000072,3
51.33563693500008,12.37203372600004,3
51.36994014900006,12.744556174000024,3
51.54515434100006,12.313157271000023,3
50.499087872000075,12.165215510000053,2
50.76548982600008,12.541704134000042,3
50.40497401300007,12.156365782000023,3
50.701135599000054,12.760529685000051,3
50.83866631800004,12.900164833000076,2
50.83955436900004,12.90627455300006,2
50.55190783000006,12.774041952000061,3
50.92111154600008,12.715491352000072,3
51.070320182000046,13.778518876000021,3
51.04480833700006,13.777822898000068,3
51.05278083700006,13.805047479000052,3
51.11858943000004,13.772927720000041,3
51.15884265700004,13.75222317500004,3
51.03442507200003,13.731258876000027,3
51.01120833500005,13.781400592000068,3
51.15777819300007,13.484521717000064,3
51.17518688400003,13.702617833000033,2
51.20953286200006,14.932010675000072,3
51.10270385900003,14.66943066400006,3
51.25888090800004,14.47380311300003,3
51.168412414000045,14.439710631000025,3
51.18305486500003,14.433724228000074,3
51.10797226100004,14.908305717000076,3
51.17463797800008,14.999659678000057,2
51.44220760600007,14.100397580000049,3
51.224864197000045,14.135399000000064,3
51.37355997000003,14.726758550000056,2
50.96490232900004,14.738402356000051,2
50.874671791000026,14.693188242000076,3
50.990860550000036,14.794437444000039,3
50.98449098000003,14.824787344000072,3
51.55512031000006,12.986421965000034,2
51.34620663900006,12.262833511000053,3
51.342056626000044,12.358872208000037,3
51.23736113400008,12.383152536000068,3
51.36506081500005,12.736166186000048,2
51.62001158600003,13.00521356400003,2
50.81760466000003,12.652742446000047,3
50.773149826000065,12.674861343000032,3
50.79030297200006,12.739736598000036,3
50.46506174800004,12.070787643000074,2
50.71916740300003,12.464290207000033,3
50.88713164200004,12.75300419000007,3
50.83845150600007,12.934695584000053,2
50.839629796000054,12.929056523000042,3
50.52990770100007,12.824302011000043,2
50.78089209800004,13.28659312600007,3
51.08192455900007,13.694643890000066,2
51.042848992000074,13.692428923000023,3
51.03983298500003,13.851388849000045,3
51.01201370800004,13.808961581000062,3
51.04657273400005,13.760730141000067,2
51.073138837000045,13.765488753000056,3
51.048612981000076,13.681106632000024,3
51.16488302500005,14.974056751000035,3
51.429203682000036,14.27598097300006,3
51.36182779100005,12.399831448000043,3
51.51738980600004,12.479842736000023,2
51.373188592000076,12.322450068000023,3
51.34805922000004,12.399163860000044,3
51.300882700000045,12.433035747000076,3
51.33216013100008,12.396340338000073,3
51.47413481700005,12.432820072000027,3
50.71410530800006,12.480780751000054,2
50.796285520000026,12.702053610000064,3
50.49564956000006,12.137804304000042,2
51.01077046700004,13.129585348000035,3
50.67492156700007,13.111506119000069,2
51.03337908300006,13.799528406000036,3
51.08534748300008,13.737339810000037,2
51.00423477700008,13.829598676000046,3
51.102477142000055,13.680440721000025,3
51.18093934500007,14.007622480000066,3
51.00864769900005,14.597155728000075,3
50.89985415900003,14.788163586000053,3
51.29356900600004,12.234518169000069,3
51.34889785300004,12.206048131000045,3
51.32009782600005,12.425998481000022,3
50.508746201000065,12.158714449000058,3
50.694801218000066,12.411745734000021,3
50.652117590000046,12.933581120000042,3
50.612178441000026,12.641054435000058,3
51.108275879000075,13.752509075000034,3
51.139217777000056,13.65427616900007,3
51.05274973200005,13.72664463500007,3
51.01431279900004,13.812661262000063,3
50.93434633900006,13.947557742000072,3
51.06495382700007,14.573681978000025,1
51.44640257200007,12.714348087000076,3
50.820697678000045,12.562517381000077,3
50.664805743000045,13.163512810000043,2
50.86276677400008,13.141691652000077,2
50.85054344300005,12.84190817700005,2
50.83894382700004,12.92143952500004,3
50.77182909000004,12.927498162000063,2
50.806519981000065,12.893179173000021,3
50.82486712100007,12.912532982000073,3
50.58002957200006,12.718685478000054,3
51.04621013600007,12.80799081500004,3
50.92832289800003,12.711091743000054,3
50.72866606600007,12.712195187000077,3
51.09302594600007,13.70126818500006,3
51.05375464300005,13.777849678000052,3
51.24956257900004,13.779659931000026,3
51.064366660000076,13.746842314000048,3
50.98122975700005,13.927062516000035,3
51.026515535000044,14.218880456000022,3
51.06008224800007,14.888357487000064,3
51.13156429000003,14.183643174000053,3
51.16377155500004,14.95964658400004,3
51.15009876800008,14.985078791000035,3
51.26913711600008,13.958834632000048,2
51.35702393400004,12.387455210000041,3
51.346785072000046,12.25624074600006,3
51.33093796700007,12.362744299000042,3
51.15629684900006,12.28715502600005,3
51.522531093000055,12.34248266000003,3
51.29963279400005,13.095533269000043,3
51.297859935000076,13.10460342400006,2
51.481905432000076,13.124841917000026,3
50.73607351900006,12.488235402000043,3
50.731598553000026,12.380145567000056,3
50.598696251000035,12.636233446000062,2
50.85292213400004,13.396765910000056,3
50.86737943900005,12.905463461000068,2
50.84121592200006,12.922002785000075,3
50.47760154600007,12.747209516000055,3
50.91127213400006,13.350974655000073,3
51.05280676500007,13.246889771000042,3
50.72723571300003,12.699994808000042,3
51.11037922100007,13.775247465000064,3
51.03032549000005,13.730301954000026,2
51.05587320400008,13.755922931000043,3
51.06469513500008,13.740328555000076,3
51.01522832300003,13.643009788000029,3
51.047131156000034,13.537766096000041,3
51.28841898100006,13.531792231000054,3
51.157734162000054,13.484540904000028,3
51.18244069200006,14.497998856000038,2
51.16066616000006,14.517351317000077,3
51.28182809500004,14.892842771000062,3
51.14398809900007,14.032222757000056,3
51.49126516700005,14.661785430000066,3
50.89047031800004,14.805395421000071,2
51.37498388400007,12.378097203000038,3
51.373938106000026,12.690222446000064,2
51.34273658700005,12.395023791000028,2
51.259917588000064,12.710490770000035,3
51.36057378900006,12.373823352000045,3
51.36960529900006,12.397249034000026,3
51.30927012600006,12.45425750000004,3
51.27746264700005,12.358389588000023,3
51.32042693200003,12.317734415000075,3
51.05879059500006,12.68307012400004,3
51.50647874200007,12.28347960900004,3
51.40954284900005,12.456652548000022,3
50.93666704900005,12.977945912000052,1
50.86737791500008,12.863801567000053,2
50.85417977100008,12.881238062000023,3
50.85029455100005,12.89321781700005,3
50.80468066800006,12.856005607000043,3
50.83598452100006,12.907037836000029,3
50.495964893000064,12.917027546000043,3
51.04232766500007,13.79768927300006,3
51.07234592800006,13.744865509000022,3
51.00624277700007,13.787532663000036,3
51.17686286800006,14.429133549000028,3
51.11565028600006,14.977522665000038,3
51.129047349000075,13.919272410000076,3
51.18544304300008,14.015134397000054,3
51.110162641000045,14.649607673000048,3
51.54913117700005,12.238952047000055,2
51.31229205200003,12.313091015000055,2
51.342362483000045,12.411404684000047,3
51.34471952500007,12.405851996000024,3
51.376248790000034,12.83605546800004,3
50.50938960800005,12.39205626100005,3
50.511440519000075,12.125672088000044,3
50.41346728600007,12.173045313000046,3
50.830752259000064,12.854067558000054,3
50.82946425200004,12.910377872000026,3
50.80310688800006,12.948044740000057,3
50.78361903100006,12.805035375000045,3
51.04528025500008,13.723640204000048,3
51.07965238000003,13.72940363300006,3
51.07397603000004,13.739307844000052,3
51.04334684200006,13.696626604000073,3
51.03947499700007,13.718765018000056,3
51.027476301000036,13.716169705000027,3
51.023127213000066,13.809616232000053,3
51.05872381800003,13.684281344000055,3
51.29752105100005,13.299148003000028,3
51.18206034000008,15.005507034000061,3
51.063772232000076,14.893815981000046,3
51.091301041000065,14.006519698000034,3
51.19468991000008,13.834436906000064,2
51.16847338600007,14.046152895000034,3
50.892197140000064,14.818300476000047,2
51.33502701800006,12.410680868000043,3
51.352363911000054,12.392139229000065,3
51.367359684000064,12.461222186000043,3
51.346000822000065,12.356959996000057,3
51.33885334200005,12.382150367000065,3
51.53594309200008,12.480371607000052,3
50.57834894500007,12.231747250000069,3
50.40176825800006,12.199775094000074,3
50.81119867500007,12.962426745000073,2
50.84111069700003,12.922750328000063,3
50.83479638000006,13.312039558000038,3
51.04567366400005,13.018812233000062,3
51.05191011000005,13.803094989000044,2
51.160394635000046,13.490012774000036,2
51.060108540000044,13.776863125000034,3
51.03642451300004,13.798708885000053,3
51.028548037000064,13.786413012000025,3
51.04859928500008,13.756542973000023,3
51.03677715100008,13.833590239000046,3
51.05854460100005,13.828768878000062,3
51.05452894100006,13.816552363000028,3
51.07680066300003,13.730771780000055,3
51.07680066300003,13.730771780000055,3
51.00691703800004,13.729765647000022,3
51.23899625100006,13.788356572000055,2
51.43102082900003,14.264074134000055,1
51.29095818800005,12.294242105000023,2
51.32049093300003,12.357034354000064,3
51.29564841400003,12.45469392700005,3
51.303894841000044,12.504475829000057,3
51.42924952800007,12.191864529000043,3
51.321801237000045,12.273836261000042,3
51.353078733000075,12.373317738000026,3
51.231921251000074,12.703697884000064,3
51.52838257500008,12.346247592000054,3
51.546949537000046,12.337006956000039,3
51.56980173000005,13.055351937000069,2
51.569376255000066,13.003890450000029,3
50.846820526000045,12.539450337000062,3
50.734760804000075,12.329432692000069,3
50.85925532200008,13.093330371000036,2
50.55125203500006,12.942783691000045,2
50.79889655100004,13.450413239000056,3
50.749053942000046,13.075299060000077,2
51.123142778000044,13.581038930000034,2
51.12062416300006,13.763524663000055,3
50.95733382700007,13.92003730600004,3
51.43543540400003,14.275290243000029,3
51.17184157100007,13.861821775000067,3
51.159295307000036,14.36307537600004,3
51.44849315700003,14.131219007000027,2
51.396471070000075,14.831931374000021,3
51.32936141600004,12.383291539000027,3
51.42885381600007,12.198706547000029,2
51.35627016900003,12.406532201000061,3
51.31919503300003,12.41377949300005,3
50.75553387400004,12.628939657000046,3
50.40462552100007,12.226397636000058,2
50.796576205000065,12.385621036000032,2
50.69916177600004,12.486356550000039,3
50.79523277900006,12.499321902000077,3
50.81444350500004,12.901396010000042,3
51.042948858000045,13.693196558000068,3
51.03971174000003,13.731063224000025,3
51.09384873100004,13.697722054000053,3
51.27674333700003,13.818248408000045,3
51.33977676200004,12.361290355000051,3
51.38327516500004,12.463229444000035,3
51.36305697600005,12.386002005000023,3
51.33275321000008,12.333315398000025,2
51.53177554600006,12.335981160000074,3
50.51115435300005,12.220723467000028,2
50.67704439600004,13.424991509000051,1
51.066330899000036,13.186589895000054,3
50.724510586000065,12.705471333000048,3
51.02567159800003,13.775892953000039,3
51.03059363400007,13.788361386000076,3
51.162216166000064,13.561646600000074,3
51.18111327100007,14.423684217000073,3
51.18543364000004,14.428583093000043,3
51.28672304100007,14.817156139000076,3
51.35282815900007,14.065764622000074,2
51.18572658800008,13.82997928900005,3
51.47203700000006,12.70349518300003,2
51.327668516000074,12.370006284000056,3
51.34363262800008,12.425115671000071,1
51.531042367000055,12.340272139000035,3
51.39961210600006,12.184467894000022,3
51.53076742700006,12.330937774000063,3
50.80868468700004,12.486392027000022,3
50.86018255500005,12.891229354000075,3
51.12080111300003,13.123177395000027,3
50.96075182000004,13.137025992000076,3
51.01744115100007,12.814240889000075,3
50.62949328500008,12.815552849000028,3
51.08463857400005,13.727806488000056,3
51.05002646600008,13.755654164000077,3
51.062849404000076,13.716209458000037,3
51.058952798000064,13.67763685500006,3
51.04315530900004,13.694259355000042,3
51.05211245300006,13.713743666000028,3
51.100380157000075,13.680924600000026,3
51.13806677700006,13.653669879000063,3
50.96678396300007,14.269877089000033,3
51.43498822200007,14.248917732000052,2
51.43569524900005,14.233041850000063,2
51.26545638700003,14.128962712000032,3
51.18624682700005,13.782474702000059,3
50.89771770800007,14.816620263000061,3
51.32007983900007,12.425456472000064,3
51.465667659000076,12.653409367000052,3
51.374127689000034,12.429771483000025,2
51.31773403700004,12.310242557000038,3
50.54643224900008,11.97690910700004,3
50.527352069000074,12.242253825000034,2
50.82336775400006,12.529167246000043,3
50.725801947000036,12.368382475000033,3
50.72036559800006,12.48250011400006,3
50.459808612000074,12.71965794700003,3
50.76555347300007,12.811242778000064,3
50.59640862400005,12.708269426000072,3
51.06291738800007,13.748950657000023,2
51.05757173500007,13.737732497000025,3
51.05074474300005,13.713513799000054,3
51.06939620300005,13.691672306000044,3
51.05471231800004,13.720039524000072,3
51.10945551200007,13.703516591000039,2
50.973453851000045,14.279346146000023,3
51.09395759600005,14.542234738000047,2
51.19808603700005,14.222679741000036,3
51.18500785300006,14.410540926000067,3
51.13405221700003,14.180714546000047,3
51.456559370000036,14.095801447000042,2
51.22493137600003,14.14760171100005,3
51.016608717000054,14.742780806000042,2
51.24782507500004,12.279275620000021,3
51.356785709000064,12.456641557000069,3
51.346259832000044,12.371338258000037,3
51.320654097000045,12.38181813400007,3
51.33766381700008,12.372806319000063,3
51.34416297300004,12.369367323000063,3
51.123572556000056,12.58727526000007,2
51.19647148800004,12.46132089200006,3
50.341365610000025,12.369087141000023,3
50.72553662800004,12.703010495000058,2
50.88972428400007,12.74827164100003,3
51.11531142200005,12.98889147500006,3
50.83670731600006,12.93378259800005,2
51.00205336200003,13.170485703000054,3
50.946954109000046,13.065098565000028,2
50.86866411500006,12.795965339000077,3
50.810473235000075,13.009587368000041,3
50.84489931200005,12.915941542000041,2
50.550108425000076,13.096243774000072,3
50.486683292000066,12.739588802000071,3
50.55663232100005,12.751251191000051,3
51.118942151000056,13.121775395000043,3
51.177563459000055,12.98556633800007,3
50.91334846500007,13.374324453000042,3
50.94838394400006,13.297791646000064,2
50.97957388200007,12.975079960000073,3
51.16115546200007,13.758785105000072,2
51.024781551000046,13.828203508000058,3
51.279060350000066,13.62433020900005,2
50.88467881200006,13.66876239100003,2
50.781927203000066,13.834094635000042,3
50.76456990400004,13.75679413100005,3
50.76912484800005,13.837564373000077,3
51.24450103700008,13.673100250000061,3
51.291512143000034,13.534874367000043,3
51.246499775000075,13.54751630900006,3
51.08237862400006,13.275249762000044,3
51.302012414000046,13.306124323000063,3
51.001717582000026,14.239875564000045,3
50.92386227000003,14.349477136000075,3
51.162409883000066,13.807216141000026,2
51.216316550000045,14.265559199000052,3
51.105971442000055,14.903458210000053,3
51.100004081000066,14.83191120600003,3
51.441105364000066,14.31160464100003,3
51.29280234700008,14.108605024000042,3
51.28522411900008,14.213414098000044,3
51.556949262000046,14.498063514000023,3
51.116285850000054,14.600512925000032,3
51.33439430900006,12.399576871000022,2
51.344126810000034,12.445105288000036,3
51.34692784500004,12.41753823700003,3
51.25377664700005,12.823276547000034,3
51.42168128600008,12.290175125000076,3
51.32104225100005,12.363783359000024,3
51.323600283000076,12.395808683000041,3
51.33692293300004,12.393167929000072,3
51.12524337900004,12.500508661000026,3
51.19653072400007,12.725409963000061,3
51.26330107100006,12.676234394000062,3
51.19610123800004,12.742161139000075,3
51.22726945000005,12.799757016000058,3
51.35652918400007,12.70866644800003,3
51.561261959000035,13.001107410000031,2
51.48606438400003,13.07381199200006,3
51.479109133000065,13.120034013000065,3
50.57308688400008,12.287092667000024,3
50.82221200500004,12.62679147600005,3
50.81206655100004,12.646205629000065,3
50.805653490000054,12.745049552000069,3
50.66296347700006,12.66626923800004,2
50.62939353100006,12.553478667000036,3
50.59130083900004,13.014858340000046,3
50.75656858700006,13.332577098000058,3
50.98677761500005,12.980996625000046,3
51.31804740100006,13.433061401000032,2
51.04092043500003,13.779690005000077,3
51.04972864400003,13.77797014600003,3
51.134276200000045,13.644146460000059,3
51.30685327800006,13.29839180600004,3
51.05523790400008,14.42753149400005,3
51.36953648900004,14.259498342000029,3
51.16075959300008,13.969224782000026,3
51.25628681000006,14.20258154000004,3
51.14067651900007,13.951302278000071,3
50.99392663000003,14.616479748000074,2
51.36124472800003,12.365200199000071,3
51.35893175100006,12.389619593000077,2
51.35130331600004,12.431553079000025,3
51.331388806000064,12.367602846000068,3
51.12967692600006,12.516801629000042,2
51.34346140000008,12.30443604100003,3
51.345197893000034,12.321185610000043,3
51.34627863600008,12.371377910000035,3
51.16320450500007,12.418704474000037,3
50.71232605600005,12.479408981000063,2
50.50474176900008,12.399710412000047,3
50.70455624200008,12.495899293000036,3
51.12498920000007,13.071603727000024,2
50.68311408400007,12.914780264000058,3
51.03842783600004,13.775095255000053,2
51.04724026300005,13.751650480000023,3
51.02296587600006,13.767172165000034,3
51.20425532500008,14.776509659000055,2
51.14454853500007,14.824316404000058,3
51.37095980700008,12.34711625500006,3
50.90421578300004,12.999685219000071,2
50.89500588400006,12.798419987000045,3
50.952415313000074,13.699166030000072,3
50.49063860500007,12.140709607000076,3
50.80244524900007,12.885487585000021,2
50.43185550000004,12.730190973000049,3
50.775407931000075,13.555755368000064,3
50.97099437500003,13.118963843000074,2
51.043274686000075,13.788732912000057,3
51.034620208000035,13.703555681000068,3
51.13507746300007,13.59849226700004,3
51.07177763300007,13.99698472600005,1
51.16059227000005,13.961943908000023,3
51.16065959000008,13.961933664000071,3
51.186158945000045,14.958392786000047,3
51.26322587700008,14.11484318600003,2
51.309798415000046,12.373115514000062,3
51.353618263000044,12.28703554200007,2
51.30655669600003,12.264703152000038,3
50.629532409000035,12.29257988300003,3
50.908249470000044,13.05652993700005,2
50.82116660100007,13.020385007000073,3
50.82599545900007,12.90543188600003,3
50.54720583300008,13.186340783000048,2
50.585824812000055,12.719860587000028,3
51.01418621300007,12.813463574000025,3
51.01216287700004,13.802253584000027,3
51.055596120000075,13.777677607000044,3
51.04927903400005,13.720563226000024,3
51.03447168800005,13.814749664000033,3
51.050175728000056,13.738136895000025,3
51.05389575100003,13.803327995000075,3
51.31471258700003,13.263084978000052,3
51.20321904200006,13.307637167000053,3
51.20186804800005,14.29110083200004,3
51.19233365900004,14.34459143500004,3
51.38422670500006,14.084371986000065,3
50.89047662100006,14.805381694000062,3
51.33610385800006,12.472128729000076,3
51.35168836300005,12.422301621000031,3
51.35082144200004,12.393877031000045,3
51.370344705000036,12.338879387000077,3
51.278084945000046,12.375190529000065,3
51.35243556100005,12.298427482000022,3
51.34336379500007,12.39557785900007,3
50.47703646900004,12.14515328400006,2
50.51861233000005,12.382596299000056,3
50.538723392000065,12.492235623000056,3
50.49321925700008,12.15266030500004,3
50.715828559000045,12.493865150000033,3
50.800864776000026,12.892003174000024,3
51.05234708800003,13.77018504800003,3
51.09904884000008,13.684795317000066,3
51.13867117800004,13.152885121000054,3
51.04714371500006,13.708776227000044,3
51.03892534100004,13.691817866000065,3
51.17689306400007,13.824435300000061,1
51.26199206100006,12.625610713000071,1
51.31398411600003,12.451643448000027,3
51.326066138000044,12.305711343000041,3
51.45219144200007,13.028571940000063,3
50.76229689100006,12.530253704000074,3
50.47385091500007,12.365835812000057,2
50.58360212600007,12.709293496000043,2
50.92034476200007,13.046500868000066,2
51.07452377900006,13.723051782000027,3
51.13044175500005,13.749148603000037,3
51.02648159100005,13.755448952000052,3
51.02802281100003,13.712203317000046,3
51.16074667400005,13.486673891000066,3
51.03492924500006,14.171321565000028,3
51.18548073900007,14.806700930000034,3
51.16059605200007,13.914519852000069,2
51.33302088600004,12.373648236000065,3
51.315884064000045,12.436997026000029,1
51.60510348200006,12.93440040300004,3
51.61341671500003,12.914750680000054,2
50.441065551000065,12.463421198000049,1
50.79969164400006,12.702153284000076,3
51.076993016000074,12.901710441000034,3
50.850491033000026,12.833044163000068,2
50.84277261300008,12.800416218000066,3
50.83618206600005,12.834121781000022,3
50.55568670000008,12.97403698200003,2
50.942043830000046,13.943877420000035,2
51.00508474600008,13.839738442000055,2
51.03994350000005,13.719042408000064,3
51.00954454500004,13.826903725000022,3
51.17756146000005,14.455970309000065,3
51.10075466400008,14.706421084000056,3
51.32703550400004,12.386001191000048,3
51.31699439300007,12.413915536000047,3
51.49830340500006,12.912205073000052,2
51.314826064000044,12.279538527000057,3
51.12457572300008,12.31115488200004,2
50.49655462900006,12.13669176600007,2
50.71491142700006,12.49992736300004,3
50.715384759000074,12.483610472000066,3
50.709936637000055,13.425952124000048,3
50.699979452000036,13.03873681400006,3
50.96740523100004,13.93446328500005,3
51.03787575000007,13.791006306000043,3
50.90377196000003,13.671132272000023,3
51.00394314500005,13.64726328100005,3
51.14830397600008,14.570709750000049,3
51.44345434300004,14.258356396000067,3
50.89866532100007,14.792893187000061,3
51.46386147900006,12.662431995000077,3
51.31615596900008,12.26157295300004,3
51.14127992200008,12.648611242000072,3
50.28165930200004,12.230226951000077,3
50.816616717000045,12.656509326000048,2
50.755217868000045,12.321829010000044,3
50.83597748500006,12.896130459000062,3
51.02334456600005,13.302418092000039,3
51.12767564300003,13.732900565000023,2
51.20304365800007,13.769224449000035,2
51.18122650000004,14.424337123000043,2
51.36602212200006,12.37580729900003,3
51.33647439900005,12.478089578000038,3
51.33610767700003,12.356967859000065,3
50.20389698100007,12.315185573000065,3
50.46061200300005,12.108853798000041,2
50.81680865000004,12.94907782200005,3
50.82335148300007,12.925669480000067,3
50.67043284500005,12.951299658000039,3
51.07338076500008,13.238051029000076,3
51.15882245900008,12.926581105000025,3
50.743069339000044,12.748291767000069,3
51.042430711000065,13.683579895000037,3
51.059230110000044,13.483164036000062,2
50.978462096000044,13.626100321000024,3
50.958980490000044,13.883542808000072,3
51.30715509700008,13.294871833000059,2
51.043359303000045,14.106849949000036,3
51.39463936800007,14.633898439000063,2
51.181947913000045,14.423527687000046,3
51.17141208400005,14.267940666000072,3
51.27079738900005,14.266832761000046,3
51.03633947000003,14.419504935000077,2
51.43648537100006,14.230994805000023,2
51.047727946000066,14.826511080000046,3
51.36378290300007,12.401694031000034,3
51.29815674000008,12.326862112000072,3
51.452702085000055,13.115370099000074,3
50.72267300900006,12.444318361000057,3
50.602732368000034,11.997379162000072,2
50.81514922700006,12.528559830000063,3
50.81771595500004,12.647284533000061,3
50.49251930500003,12.143914033000044,3
50.51566741800008,12.992861262000076,2
50.78555906200006,12.925612028000046,3
50.60072587700006,13.047304517000043,2
51.213172248000035,13.079735342000049,3
50.906745009000076,13.349441400000046,3
51.051705017000074,13.733653377000053,3
51.05503209200003,13.864245117000053,3
51.015377613000055,13.740331318000074,3
51.07444101500005,13.72316531000007,3
51.022440706000054,13.696924545000059,3
50.95719330400004,13.919150190000039,3
51.26136756600005,13.902113885000063,1
51.14556363300005,14.981369073000053,3
51.14394497400008,14.968678349000072,3
51.10539080900003,13.937981827000044,3
51.01259090900004,14.582135873000027,3
51.61290076800003,12.567157443000042,3
51.34959880800005,12.37230805200005,3
51.27921568200003,12.367964206000067,3
51.356153978000066,12.315455068000063,2
51.34048915800008,12.300275423000073,3
51.318891104000045,12.400022965000062,3
51.32885610900007,12.32181472700006,3
51.34022628900004,12.366318281000076,3
51.11230369200007,12.514116965000028,3
51.577851389000045,13.055805793000047,3
50.75061691500008,12.439881022000066,3
50.848308014000054,12.78823962000007,3
50.80913174700004,12.966193960000055,3
50.84689806200004,13.086074134000057,3
51.00789647900007,13.848109454000053,3
51.20776812100007,14.497334881000029,3
51.15216941300008,14.970982780000043,3
51.42907689500004,12.34569388400007,2
51.41830365200008,12.307511967000039,3
51.05774711600003,12.55180462100003,2
51.379587412000035,12.42980831400007,3
51.330242835000035,12.38012866300005,3
51.33620725800006,12.40067943400004,3
51.563895814000034,12.991588873000069,3
50.61927803800006,13.028063317000033,2
50.65256506400004,12.92293634300006,2
50.71879265500007,12.754997023000044,3
50.73365204400005,12.923289546000035,3
51.157309790000056,13.468606435000027,2
51.08838035000008,13.67880086100007,3
51.01163892100004,13.662054857000044,2
51.08366602700005,13.707008312000028,3
51.27283176600008,13.506782497000074,3
51.30475665400007,13.298785362000046,3
51.29157515400004,14.821862625000051,2
51.40002810200008,14.241016440000067,3
51.40480187300005,12.195829589000027,2
51.30653610600007,12.380630798000027,3
51.53586902200004,12.275272966000045,3
51.52492277200008,12.356567534000021,2
50.59926458900003,12.409252963000029,2
50.38679850500006,12.148490554000034,2
50.54294549800005,12.54338268400005,3
50.62644189400004,12.736149797000053,2
50.914823401000035,12.717603626000027,3
51.069398987000056,13.689694493000047,3
51.07146566900008,13.65210029900004,3
51.05509691100008,13.75657413500005,3
51.12154632100004,13.791047008000021,3
51.002205280000055,13.841921053000021,3
51.015166504000035,13.771993088000045,3
50.91094798800003,13.672076332000074,3
51.18463369800003,13.443180401000063,3
51.17770373700006,13.496078585000078,3
50.961097143000075,13.931053763000023,3
51.30106869400004,13.332433214000048,2
51.30372512400004,14.812901908000072,2
51.160254258000066,14.092419195000048,1
51.054674257000045,14.40712669100003,3
51.08502933700004,14.052601454000069,3
50.87991360600006,14.722429101000046,3
51.30896780100005,12.271312107000028,2
51.59208430500007,12.949191608000035,3
50.43494738600003,12.084249680000028,3
50.48976756700006,12.393650449000063,3
50.48199196500008,12.376279370000077,3
50.34189969100004,12.245606794000025,2
50.738258408000036,12.48959020500007,3
50.55712588100005,12.758582550000028,2
51.19221699000008,14.446809006000024,3
51.12489248000003,14.180088536000028,3
51.06961469400005,14.492951455000025,3
51.337514197000075,12.208079749000035,2
51.578945144000045,12.671160506000035,1
51.35718743700005,12.363579449000042,2
51.305658005000055,12.43640692100007,3
51.28854671900007,12.240704563000065,3
50.47939169300008,12.131897039000023,3
50.862478338000074,12.953736787000025,3
50.78092107700007,13.281073086000049,3
51.06753065700008,13.777691760000039,3
51.118321379000065,13.601884685000073,2
51.06831500100003,13.745470251000029,3
51.25235704800008,13.78580002700005,2
51.05531423200006,13.370083696000052,3
51.045687487000066,13.767436906000057,2
51.09666907400003,13.718964748000076,3
50.96004061600007,13.947308710000073,3
50.98837929500007,14.02419747500005,2
51.502312344000075,14.711808606000034,2
51.53634247000008,14.650332484000046,2
51.338690049000036,12.298701906000076,3
51.32451519600005,12.515281436000066,3
51.35284132700008,12.410098772000026,3
51.34899914400006,12.546016618000067,3
51.341979682000044,12.301564982000059,3
51.33590761000005,12.331890232000035,3
51.33610449100007,12.402125463000061,3
50.83596713700007,12.938435138000045,3
50.808800173000066,12.896425137000051,3
50.53846806100006,12.794533879000028,3
50.82323541900007,13.326946399000065,3
50.704040020000036,12.75465464000007,3
50.70564855300006,12.775761206000027,3
51.05709112800008,13.532831517000034,2
51.04966820900006,13.757611767000071,2
51.05557552100004,13.777680017000023,3
51.07220999700007,13.768679382000073,3
51.05578516500003,13.721813955000073,3
51.03749644100003,13.577733279000029,2
51.10848069000008,13.65911718500007,3
51.13362181100007,13.69969857600006,3
51.18025039400004,14.443334245000074,2
51.11085336100007,14.114895696000076,3
51.092206848000046,14.320634686000062,2
51.40111166600008,12.283582276000061,3
51.355464158000075,12.45958129500002,3
51.33704004300006,12.392745589000072,3
51.34245642900004,12.384402241000032,3
51.36578881100007,12.741033698000024,3
51.30270908400007,13.10179877400003,3
51.53706141100008,13.112742712000056,2
50.74106278800008,12.60491156200004,2
50.45238581900003,12.338127167000039,3
50.86054216400004,12.765245180000022,3
50.49410799600008,12.102761477000058,3
50.51045052200004,12.143270531000042,3
50.82244003300008,12.387068660000068,3
50.76620594800005,12.362248494000028,2
50.74369730300003,12.474659849000034,3
50.81236642400006,12.795618385000068,3
50.834904066000036,12.93342997800005,3
50.91136094800004,13.334256254000024,3
51.04004658500003,13.770996988000036,3
51.051455575000034,13.757801546000053,3
51.028824619000034,13.81340074600007,3
51.12912398000003,13.793568403000052,3
50.92351389600003,13.586770211000044,3
50.89251309000008,13.948760815000071,3
51.25172561100004,13.300061514000049,3
51.21564736800008,14.48960194600005,3
51.16230430600007,14.95678575100004,3
51.28230420800003,14.122882686000025,3
51.28310544900006,14.108236528000077,3
51.097941709000054,14.661038310000038,2
51.09635342300004,14.651519318000055,2
51.351308231000075,12.407485681000026,3
51.24427006500008,12.85992754700004,2
51.35553147500008,12.356172677000075,3
51.201371463000044,12.96651085600007,2
51.34597381900005,12.447071093000034,3
51.33111545700007,12.337994779000041,3
51.33945880300007,12.38515204500004,3
51.33221369100005,12.378381510000054,2
51.33235833800006,12.411230700000033,3
51.56641303100008,12.99722882900005,3
50.52452674600005,12.381506900000034,2
50.79918337500004,12.700428484000042,2
50.73839084300005,12.491487608000057,3
50.746463334000055,13.479290029000026,2
50.526878905000046,12.839800360000027,3
51.12279238200006,13.13272926600007,3
50.905222113000036,13.164523184000075,3
50.62967695300006,12.814597330000026,3
50.70551847100006,12.769003964000035,3
50.946798648000026,13.865404149000028,2
51.15976815400006,13.790714839000032,3
51.05587337700007,13.75592335600004,3
51.064635543000065,13.73244518000007,3
51.06367888700004,13.736580823000054,3
51.00279734700007,13.80267070800005,3
51.02224183100003,13.765745904000028,3
51.093023799000036,13.669912599000043,3
51.07208107300005,13.689864363000027,3
50.99497333100004,13.650128866000045,3
51.126405316000046,13.571999333000065,3
51.136360782000054,13.686115737000023,3
50.90204221600004,14.006718395000064,2
51.307690766000064,13.293066863000035,3
51.29942263600003,13.256642287000034,3
51.17454969600004,14.136734020000063,2
51.16715358400006,14.048628846000042,3
51.363635438000074,12.374273939000034,3
51.32044295700007,12.334855735000076,3
51.336546130000045,12.396971996000048,3
51.138592912000036,12.787120812000069,3
51.30361619900003,13.10831369300007,3
50.85535828600007,12.74267091300004,3
50.81295920600007,12.548845391000043,2
50.28189696800007,12.236285098000053,3
50.50293205100007,12.135975108000025,3
50.49478605500008,12.130561285000056,3
50.81049845800004,12.385204281000028,3
50.682304473000045,12.47320183100004,3
51.15695438900008,13.042628514000057,2
50.83247299900006,12.937718959000051,3
50.53111347300006,12.995210415000031,3
50.97231665600003,13.436249089000057,2
50.85990579200006,13.320094446000041,3
50.994872487000066,12.965773787000046,3
51.04944562400004,13.662629629000037,3
51.20822483500007,13.624702713000033,3
50.99946179700004,13.715045344000032,3
51.050803460000054,13.77688904100006,2
51.06777889500006,13.652552163000053,3
51.07195862400005,13.726661873000069,3
51.030593569000075,13.701588020000031,3
51.312028104000035,13.46208938500007,3
50.92468184400008,13.961623468000028,2
50.91965866000004,14.069595081000045,3
51.06886960800006,14.204370176000054,2
50.98333820000005,14.612605588000065,2
51.15597876000004,14.98017307300006,3
51.17971245900003,14.400022352000065,3
51.07596612700007,14.33970051800003,3
51.122834976000036,14.196390749000045,3
51.20827814200004,14.76422315900004,3
51.33599112600007,12.333963926000024,3
51.47683739000007,12.343277327000067,2
51.37645920700004,12.218394740000065,2
51.34642862100003,12.38008061000005,3
51.42269469900003,12.561610987000051,2
51.41139388400006,12.395268186000067,3
51.275561596000045,12.369098304000033,3
51.35344153200003,12.512093564000054,3
51.313957060000064,12.405063658000074,3
51.31973411100006,12.280256432000044,3
51.251085585000055,12.321356206000075,3
51.46513390400003,12.536250102000054,3
50.825127457000065,12.440219863000038,2
50.851084025000034,12.709945138000023,1
50.49156484800005,12.160498549000067,3
50.77477408400006,12.357742478000034,3
50.72400885900004,12.55152692300004,3
50.704947710000056,12.75387048500005,3
50.678052319000074,13.114955950000024,2
50.691653846000065,12.714965433000032,3
50.72988845900005,12.779488913000023,2
50.84363001500003,12.929555982000068,3
50.84933412000004,12.944361560000061,3
50.86708318800004,12.864732773000071,3
50.81993117700006,12.941632821000042,3
50.58683599400007,12.703776565000055,3
50.58498574300006,12.70788890600005,2
50.86199751200007,13.170937227000024,3
50.99460333700006,13.279729521000036,3
50.74931667200008,12.978836682000065,3
51.05509743400006,13.75657538400003,3
51.09541322600006,13.719333554000059,2
51.108715446000076,13.73319433000006,3
51.02929206500005,13.70709912500007,3
51.00288814500004,13.839878142000032,3
51.016255235000074,13.816159262000042,3
51.01293614100007,13.77771537700005,3
51.02690365900003,13.766242059000035,3
51.08740297300005,13.634122538000042,3
51.082363841000074,13.652929647000065,3
50.90776529300007,13.60193094300007,3
51.167926428000044,13.484525818000066,3
50.96418022700004,13.939878085000032,2
50.93222934000005,13.945390985000074,2
51.18259485800007,14.292054651000058,3
51.18118018200005,14.423657328000047,3
51.17618194000005,14.438164094000058,3
51.07288590600007,14.962501404000022,3
51.15143874200004,14.085602452000046,3
51.16750904200006,14.064553016000048,2
51.563398730000074,14.570909376000031,2
51.10393200800007,14.66014248700003,3
51.047200976000056,14.827175198000077,2
51.33532939500003,12.390278700000067,3
51.381901035000055,12.407025627000053,3
51.33813413800004,12.37145838300006,3
51.421442384000045,12.380632911000077,2
51.32368003000005,12.391856895000046,3
51.31580611000004,12.211850605000052,3
51.33921899900008,12.398366347000035,3
51.054571906000035,12.694488311000043,3
51.17723194300004,12.643878722000068,3
51.52998898800007,12.350966097000025,2
51.52967251200005,12.341641776000074,3
51.602798102000065,12.773444004000055,2
50.49179726400007,12.141162380000026,3
50.59920978800005,12.546293867000031,3
50.70262958700005,12.773594117000073,3
50.84749936500003,12.812432027000057,3
51.19709979800007,13.195863693000035,3
51.055198622000034,13.739501878000056,3
50.85211990800008,13.778982376000044,3
50.98737503500007,13.57799742700007,3
51.14329579400004,13.499035020000065,2
51.275351697000076,14.817280851000078,3
51.259221069000034,14.809560239000064,3
51.337381350000044,14.222918270000037,3
51.16533625500006,13.872059300000046,3
51.32846555300006,12.323356825000076,3
51.35595435000005,12.704722519000029,2
51.33611337200006,12.378558780000049,2
51.355848019000064,12.387852703000021,3
51.47171046100004,13.115149726000027,3
50.496259836000036,12.132088645000067,3
50.83525572700006,12.416754413000035,3
50.65726226100003,12.440646246000028,2
50.59933910600006,12.71458313900007,2
50.53294754900003,12.912506412000027,3
50.79787442200006,12.85267665400005,2
50.83908562500005,12.953775928000027,3
50.82666635500004,12.928748530000064,3
50.54346226900003,12.916663868000057,3
51.16688625000006,13.164393520000033,3
51.04823214000004,13.655408696000052,3
51.06718379300003,13.789652253000042,3
51.02142542000007,13.818331347000026,2
51.040116692000026,13.670509410000022,3
50.848211596000056,13.60580032100006,3
51.30251097800004,13.381203972000037,3
51.168649740000035,14.424970665000046,3
51.26914538900007,14.812004307000052,2
51.265063815000076,14.117121865000058,2
51.32813981400005,12.309080448000032,3
51.27894937800005,12.451687441000047,3
51.43457088000008,12.202274527000043,2
51.43435341600008,12.363455033000037,3
51.344579612000075,12.389770918000067,3
51.21541373700006,12.723708044000034,2
50.50770368900004,12.144536093000056,3
50.491385097000034,12.17770377000005,2
50.712964740000075,12.400340866000022,3
51.00203095900008,12.954384077000043,2
50.98256346000005,12.726177970000037,3
50.83679635300007,12.938801762000026,3
50.819260701000076,12.874400631000071,3
50.82040866300008,12.934466920000034,3
50.52817453900008,13.01430696600005,3
50.510688352000045,13.037618224000028,3
50.95772896600005,13.287071154000046,3
51.088300841000034,13.734744341000066,3
51.319042273000036,13.426512197000022,2
51.13774914700008,13.75421650800007,3
51.05087043600008,13.730176577000066,3
51.057604136000066,13.772021047000067,3
51.01549311100007,13.795410330000038,3
51.09047785300004,13.702447407000022,3
51.085194683000054,13.728181145000065,3
51.29461521600007,13.510111818000041,3
51.13552143000004,13.506090592000021,3
51.13713966500006,13.681664323000064,3
51.163670282000055,13.57383752100003,3
50.881878338000035,13.854272609000077,2
51.26848503600007,13.256113381000034,3
51.17936484300003,14.366844551000042,3
51.06369720400005,14.347655280000026,3
51.258944238000026,14.471522845000038,3
51.18097234900006,14.430425206000052,3
51.11897763300004,14.96719564700004,3
51.14532127900003,14.964751308000075,2
51.33041315000003,14.966472718000034,3
51.28672095200005,14.012845851000066,3
51.12516614300006,13.916372539000065,3
51.45846726800005,12.575860958000021,3
51.35440539000007,12.410153781000076,3
51.33794792500004,12.468537017000074,3
51.31688625900006,12.368460156000026,3
51.33076022400007,12.309436680000033,3
51.33228150200006,12.34248502500003,3
51.30838165400007,12.228564732000052,3
51.34749709000005,12.373195329000055,3
51.29000654400005,12.574285452000026,3
50.72086663300007,12.473155573000042,3
50.49362305000005,12.099872952000055,3
50.643325987000026,12.625921240000025,3
50.68591069100006,12.458297898000069,3
50.91429706500003,13.02919010200003,2
50.82987515700006,12.916872758000068,3
50.86175151800006,12.86256534100005,3
50.823859979000076,12.905935698000064,3
50.46437866800005,12.736781737000058,3
50.47558291100006,12.621592011000075,2
50.94395497000005,12.920515048000027,3
51.13744586300004,13.659931476000054,3
51.04474313600008,13.780209161000073,3
51.00638323000004,13.589625113000068,3
51.111027679000074,13.772747049000031,2
51.03361850700003,13.735005303000037,3
50.89333830800007,13.669095932000062,3
51.01405460600006,13.635083612000074,3
51.10084901500005,13.685242407000032,3
51.26865370000007,13.238506832000041,2
51.17312859300006,14.437243669000054,3
51.44258574500003,14.267288435000069,3
51.13992697200007,14.018228062000048,2
51.14438136000007,14.019111999000074,3
51.28121725600005,14.100944949000052,3
51.381368552000026,12.50006866700005,3
51.33853710000005,12.384962118000033,3
51.253552838000076,12.82697326400006,3
51.38107071100006,12.386236781000036,3
51.330884851000064,12.441220911000073,3
51.34643502900008,12.540622714000051,3
51.34374297700003,12.387333007000052,3
51.330599214000074,12.380930122000052,3
51.08266665200006,12.64853387100004,3
51.35829245800005,12.588481485000045,2
51.617579714000044,12.824335958000063,3
50.83513317900008,12.382896770000059,3
50.84957134800004,12.79590762600003,2
50.606164558000046,11.997022731000072,3
50.720220993000055,12.48048949200006,3
50.839750422000066,12.963804793000065,3
50.845462111000074,12.92472387500004,3
50.82102595600003,12.884271139000077,3
50.852874547000056,13.070412291000025,3
50.971385558000065,12.695492512000044,3
51.04199679900006,13.794647281000039,3
51.05061103700007,13.49763282500004,3
51.05264166200004,13.769032386000049,3
51.049472439000056,13.758731570000066,3
51.05363642900005,13.723597158000075,3
51.05121785600005,13.720455500000071,3
51.099677016000044,13.735734752000042,2
51.06288235900007,13.715787888000023,3
51.090062196000076,13.712570259000074,3
51.067203746000075,13.67446148700003,2
51.056420822000064,13.721965752000074,3
50.994638155000075,13.645775597000068,3
51.045757937000076,13.538388952000048,3
50.936541832000046,13.557752915000037,3
51.164464493000025,13.484868800000072,3
51.10053654500007,13.666806413000074,3
51.131464520000065,14.183515215000057,3
51.15125359700005,14.324521662000052,3
51.11960416800008,14.217240523000044,3
51.138149931000044,14.956575008000073,2
51.382217224000044,14.080787086000043,3
51.31668504700008,14.221655988000066,3
51.35842932800006,12.41775859300003,3
51.380100930000026,12.494180758000027,3
51.392759038000065,12.290270407000037,3
51.34339571700008,12.390754061000052,3
51.36557071300007,12.385336469000038,3
51.32968128400006,12.373546357000066,3
51.33555132500004,12.372724952000056,3
51.12446994800007,12.492180375000032,3
51.51521155800003,12.656653719000076,3
50.72157741700005,12.491904110000064,3
50.835745202000055,12.927354713000057,3
50.89335522500005,13.372212190000027,3
50.93057139900003,12.869331715000044,3
51.25638437500004,13.798661801000037,2
51.07398170600004,13.739039259000037,3
51.04872419900005,13.773612092000064,2
51.07465559700006,13.761420778000058,3
51.06058272900003,13.752991339000062,3
51.08677597500008,13.73737569900004,3
51.01593399700005,13.70005369300003,3
51.01598263300008,13.70007074700004,3
51.088698273000034,13.732281231000059,3
51.16242191300006,13.47269904500007,3
50.95106377400003,13.960686465000038,3
51.29236915200005,14.821673791000023,3
51.186201666000045,13.829377803000057,3
51.51625060600003,14.609066228000074,3
51.33587795200003,12.37483670100005,3
51.336920287000055,12.38718928000003,2
51.28961405500007,12.763277369000036,2
51.39228730700006,12.740141359000063,3
51.380962440000076,12.739819519000037,3
50.50076377700003,12.126354829000036,3
50.75894615300007,12.977063317000045,2
50.931835653000064,13.057267255000056,3
50.87615904100005,12.826446555000075,3
50.91429901600003,13.338833783000041,3
50.89030012400008,13.348098364000066,3
50.948475881000036,13.297705607000069,3
51.113192043000026,13.773685799000077,3
51.04558510900006,13.713235220000058,3
51.02065455800005,13.790430316000027,2
51.03589627400004,13.781124143000056,3
51.04620810400007,13.728708135000034,3
51.050298679000036,13.817664057000059,3
51.081062530000054,13.60528542000003,3
51.03459801300005,13.70353908900006,3
51.09371518700004,13.697906816000057,3
50.955840168000066,13.944760510000037,2
51.11442541000008,14.444876300000033,3
51.18041684100007,14.44194480300007,3
51.14789601100006,14.955978702000039,3
50.97997578400003,14.616547045000061,3
51.35420280100004,12.400297482000042,3
51.35760905200004,12.376394699000059,3
51.32378974100004,12.39678882800007,3
51.30314761600005,12.30663566800007,2
51.35431166400008,12.412503963000063,3
51.38224606700004,12.388154332000056,3
51.320708557000046,12.376785331000065,3
51.31392721900005,12.40599611600004,2
51.346555512000066,12.258765064000045,3
51.33591540500004,12.37900269000005,3
51.428209148000064,12.682299927000031,3
51.23239680800003,12.547286454000073,3
51.48367699600004,13.125964562000036,3
50.49439146900005,12.138049368000054,3
50.85209161900008,12.886954313000047,3
50.58602494400003,12.702823564000028,3
50.96576156100008,13.344967042000064,2
51.06181406400003,13.84973524000003,3
51.076667274000044,13.755564067000023,3
51.074351301000036,13.69858817100004,3
51.14855913400004,13.647982403000071,3
51.11824658200004,13.707300056000065,3
50.836656582000046,13.965362391000042,2
51.34589185900006,12.439228297000057,3
51.34026355200007,12.331938174000072,3
51.34423123000005,12.445107362000044,2
51.27253813600004,12.453308391000064,3
51.32022341900006,12.33035121200004,3
51.34483750900006,12.376993951000031,3
51.33757788500003,12.376212082000052,3
50.51352863900007,12.941978387000063,2
50.65002686300005,12.719639080000036,3
50.83552429500003,12.92819466700007,2
50.83303961100006,12.908068709000077,3
50.838953606000075,12.887839000000042,3
50.86622753000006,12.904300180000064,3
50.77146745200008,12.88369712900004,3
50.94379417500005,13.812974575000055,3
51.43556571200003,14.225421234000066,2
51.295497675000036,14.103716617000032,3
50.89450996100004,14.803648485000053,3
50.89624709700007,14.797176378000074,3
50.53282285700004,12.406073339000045,2
50.80870750100007,12.937709408000046,3
50.58771425200007,12.701929151000058,2
50.50014446200004,12.754918505000035,3
50.90335285500004,13.263100688000065,3
50.90997392200006,13.04070388200006,3
51.05329082700007,13.781537779000075,3
51.048271638000074,13.74872810000005,3
51.15923684100005,13.789527252000028,3
51.050419256000055,13.725026970000044,2
51.06128396300005,13.679300454000042,3
51.03756017400008,13.702980452000077,3
51.16995130200007,14.432613633000074,3
51.43588815700008,14.230842712000026,3
51.19283629200004,13.861414656000022,3
51.51717606700004,14.760489302000053,3
51.094225229000074,14.660486358000071,3
51.079642371000034,14.558062518000042,3
51.09466319100005,14.665066896000042,3
51.29288309400005,12.517195053000023,3
51.36137762200008,12.370639608000033,3
51.36582313000008,12.72589601900006,2
51.45563648900003,12.613580845000058,3
51.33613411300007,12.357018621000066,3
51.34629490900005,12.371331415000043,3
51.42309022100005,12.231786888000045,2
51.24300753500006,12.217986664000023,3
51.30404045800003,12.42567877700003,3
51.32014619700004,12.373584907000065,3
51.33233397300006,12.341180937000047,3
51.32285557500006,12.393451915000071,3
51.34462969800006,12.413625427000056,3
50.45435477400008,12.322068476000027,2
50.78928688700006,12.475351089000071,3
50.784824868000044,12.63284241100007,3
50.84900143300007,12.469755294000038,2
50.844636508000065,12.944001521000075,3
51.216249350000055,13.157366559000025,2
51.124600917000066,13.09704484100007,3
50.72204657200007,13.095587601000034,3
51.05006070600007,13.780654260000063,2
51.063245652000035,13.750731788000053,3
51.001807487000065,13.79378269700004,3
51.05267562900008,13.657820187000027,3
51.18927538600008,13.607882288000042,3
51.21433937900008,13.730989243000067,3
51.072741000000065,13.527227357000072,3
51.153529580000054,14.940275062000069,3
51.14998207100007,14.973921596000025,3
51.43852450400004,14.26833504900003,3
51.491266092000046,14.66180636300004,3
51.34513929500008,12.413360578000038,3
51.085969154000054,12.672872099000074,2
51.338544640000066,12.355205879000039,3
51.350144381000064,12.376344145000076,2
51.365830222000056,12.725910071000044,3
51.34832479100004,12.376254422000045,2
51.423018881000075,12.30077784100007,3
51.33800493200005,12.333315635000076,3
51.33858026200005,12.367886763000058,3
51.33813156200006,12.369229964000056,3
51.335650556000076,12.386539207000055,3
51.215294217000064,12.255705289000048,2
50.70095042300005,12.459866612000042,1
50.52644482300008,12.38232156600003,3
50.859786787000075,12.761605074000045,3
50.81659822300003,12.525613407000037,3
50.803297833000045,12.713150738000024,3
50.503869466000026,12.137602964000052,2
50.49627033100006,12.114730479000059,3
50.58344665000004,12.69970403800005,2
50.58277881500004,12.682800178000036,3
50.67805128200007,13.114954793000038,3
51.06550323000005,13.73442459000006,3
51.073262525000075,13.765487649000022,3
51.05200414700005,13.761542613000074,2
51.04444745600006,13.705110256000069,3
51.04160779700004,13.720936452000046,2
51.00341431000004,13.825134835000028,2
51.02451161000005,13.762343008000073,3
51.061094049000076,13.693412143000046,3
51.041602682000075,13.739813871000024,3
50.90522002700004,13.672537113000033,3
51.099656019000065,13.679163861000063,3
51.28240942700006,14.107311438000067,3
51.06789618000005,12.690463117000036,1
51.27237488600008,12.403372520000062,1
51.38065414400006,12.384139892000064,3
51.31212154600007,12.325642583000047,3
51.335220916000026,12.374362799000039,3
51.33615685900003,12.35706228500004,3
51.466608146000056,12.896556936000025,3
50.79653056600006,12.707493347000025,2
50.40916998400007,12.414588753000032,2
50.50025658900006,12.142149130000064,2
50.42467477100007,12.067021298000043,3
50.62146262400006,12.146277393000048,2
50.70889587800008,13.271712515000047,2
50.818487950000076,12.887750143000062,2
50.82713474600007,12.904316076000043,3
50.76169099600003,12.913039555000069,3
51.08555843900007,13.146304525000062,3
50.65143900800007,13.354136166000046,3
50.62701489400007,13.375418251000042,3
51.03313024000005,12.946280387000058,2
50.725584824000066,12.75312715800004,3
51.084523888000035,13.706987992000052,3
51.101725042000055,13.71667446400005,2
51.02986913700005,13.822118613000043,3
51.04684600600007,13.657373369000027,3
50.991255125000066,13.643050451000022,3
51.12914460300004,13.576879037000026,3
51.32216262700007,13.318327318000058,3
51.028903211000056,14.16846064300006,3
51.34230023900005,14.340156380000053,1
51.46747472900006,14.926443259000052,3
51.09809352900004,14.390029043000027,3
51.18757731900007,14.639820171000054,2
51.19156847600004,14.60443884600005,3
51.183565145000046,14.431856602000039,3
51.17816182800004,14.447387076000041,3
51.093673307000074,14.427664898000046,3
51.38394526400003,12.454114537000066,3
51.379410644000075,12.323775784000077,3
51.36946635600003,12.468731777000073,2
51.23161570500008,12.716311303000055,3
51.41267896800008,12.395936765000044,3
51.39018736400004,12.377032192000058,3
51.351669161000075,12.422216879000075,3
51.38048300600008,12.323988633000056,3
51.33809417200007,12.480126004000056,2
51.33666068000008,12.299432985000067,3
51.30969834200005,12.263516374000062,3
51.34666331100004,12.391860682000072,3
51.562857285000064,13.020490349000056,3
50.79790634500006,12.732737254000028,3
50.765959843000076,12.640240189000053,2
50.48696081000003,12.392278524000062,3
50.80719014300007,12.729836695000074,3
50.47479426800004,12.217964521000056,3
50.590198032000046,11.958896554000034,3
50.38138167000005,12.201717578000057,3
51.03336791400005,13.28009180600003,2
50.72691729700006,12.77828101600005,3
50.84608181400006,12.914429468000037,3
50.58543802500003,12.960797257000024,3
50.916474865000055,13.333116637000046,3
50.95698894900005,12.921490732000052,2
50.69201804700003,12.902358648000074,3
51.03170847100006,13.761610159000043,2
51.04286259000003,13.795299214000067,3
51.05347443100004,13.68215826100004,3
51.013232705000064,13.666120590000048,3
51.17411157200007,13.498217787000044,3
50.98078060300003,13.927849741000045,3
51.02810108500006,14.21679487700004,3
51.15137651900005,14.03010303800005,3
51.11176208400008,13.920680952000055,3
51.30683647700005,12.263833841000064,3
51.419997952000074,12.44619268100007,2
51.344847111000036,12.419262291000052,3
51.32881608300005,12.336556405000067,3
51.42703850000004,12.318738905000032,3
51.35802603700006,12.368119466000053,3
51.36182721900008,12.368873429000075,3
51.31695860200006,12.26702775700005,3
51.31616111100004,12.261605692000046,3
51.31419931800008,12.373428330000024,3
51.34312384800006,12.37674480000004,2
51.524222816000076,12.34063197200004,3
51.52392484200004,12.336392732000036,3
50.64514045400006,12.451928852000037,3
50.79694450100004,12.482226011000023,3
50.489138971000045,12.136877717000061,3
50.68314984500006,12.47899579400007,3
50.67717732700004,12.60817589800007,3
50.55617955800005,12.90554660500004,2
51.06286979400005,13.715787851000073,3
50.984454105000054,13.897234317000027,2
51.06051303500004,13.526176253000074,3
51.01326032500003,13.79034960100006,3
51.084782672000074,13.727661401000034,3
50.98740887900004,13.750091351000037,3
51.18329352100005,13.720966229000055,3
50.93728994200006,14.68708517600004,2
51.249986070000034,14.54431032900004,3
51.28097476600004,14.82418104900006,3
51.125931938000065,14.98389099800005,3
50.904874446000065,14.832328679000057,3
51.30736210100008,12.373415501000068,2
51.501124609000044,12.75533155200003,3
51.405925515000035,12.388734158000034,3
51.32115135300006,12.361924818000034,3
51.32072903000005,12.369123196000032,3
51.332274047000055,12.34284548100004,3
51.31831336100004,12.339436276000072,3
50.83211884600007,12.947703130000036,3
50.80193330900005,12.97300778500005,2
50.547209973000065,12.78102713100003,3
50.750441898000076,13.677155347000053,2
51.040768083000046,13.817113961000075,3
51.185556760000054,14.439598226000044,3
51.35115055700004,12.411825668000063,3
51.24863299900005,12.706486776000077,3
50.79170061500008,12.751471905000074,3
50.685431365000056,12.31215998500005,2
50.64837780500005,12.755215630000066,1
50.938316099000076,13.061534924000057,2
50.831765390000044,12.95218833000007,3
50.83411048000005,12.939480368000034,3
50.97484049600007,12.981478112000048,3
50.70972183900005,12.86327837500005,3
50.967759046000026,13.715309927000021,2
50.925550411000074,13.684458772000028,1
51.12232912200005,13.782853663000026,3
51.03947785200006,13.805929774000049,3
51.04004609500004,13.770996535000052,3
51.04824830200005,13.748717360000057,3
51.06442476600006,13.958052696000038,3
51.057873846000064,13.883298315000047,2
51.03552765500007,13.733700615000032,3
51.04371637200006,13.703110931000026,3
51.07761190100007,13.71650661800004,2
51.053669196000044,13.736705863000054,3
50.94524033000005,13.757044213000029,2
51.351426616000026,14.07603860100005,2
51.180711630000076,14.149003890000074,2
51.12016088000007,14.440461520000042,3
51.27344008600005,14.453920381000046,3
51.15284621400008,14.355963904000077,3
51.166782631000046,14.934927739000045,3
51.46320273600003,14.07627500500007,3
51.27701401300004,13.925448513000049,3
51.52494971800007,14.681124914000065,3
50.906008145000044,14.81235563000007,3
51.45460328000007,12.49908339600006,2
51.379298178000056,12.421925325000075,3
51.27600480700005,12.263333931000034,3
51.399044521000064,12.341458974000034,3
51.332697247000056,12.33234946400006,3
51.26180069000003,12.73866166700003,3
51.235630393000065,12.719650692000073,3
50.37730549200006,12.465181603000076,3
50.62306695800004,12.373976538000022,3
50.82294219100004,12.52711974500005,3
50.81756132100003,12.531515870000021,3
50.864591992000044,12.957014890000039,2
50.838840325000035,12.931823474000055,3
50.83557216400004,12.92807318000007,3
50.69713847200006,13.091058705000023,2
50.98995609200006,12.952957149000042,3
50.90777639100003,12.977731334000055,3
51.09303015200004,13.701247685000055,3
51.057321939000076,13.747477096000068,3
51.074991358000034,13.760443602000066,3
51.07370015200007,13.698828186000071,3
51.000610849000054,13.669113219000053,2
50.96517217400003,13.916271154000071,3
51.302425278000044,13.389001781000047,3
50.97378990500005,14.267284836000044,3
51.17600580800007,14.461986999000032,2
51.14790291400004,14.955983224000022,3
51.15227364500004,14.986982057000034,2
51.16491598400006,14.97886210300004,3
51.23566448200006,14.133996510000031,3
50.89771183900007,14.813875713000073,2
51.06323321900004,14.509858659000031,3
50.86557962400008,14.759982587000025,3
51.33400236800003,12.392513735000023,3
51.33176598700004,12.319183122000027,1
51.36451639400008,12.46517758400006,2
51.38175586400007,12.396815482000022,3
51.36311707300007,12.39951528000006,3
51.37889157600006,12.358671405000052,3
51.34964445700007,12.325498250000066,3
51.343598212000074,12.35614011000007,3
51.33871310900008,12.388133438000068,2
51.444754517000035,12.420923407000032,3
51.535435644000074,12.336217495000028,3
50.80765633200008,12.534011490000069,2
50.62932836200008,12.290756550000026,2
50.83394098600007,12.926464402000022,3
50.87212190500003,13.329555164000055,3
50.898850992000064,13.046918095000024,3
51.03488827900003,13.702130512000053,3
51.05316469700006,13.777783267000075,2
50.96165096500005,13.858347669000068,3
51.06353083700003,13.934114653000051,3
51.05080201000004,13.775798311000074,3
51.05764338700004,13.724874928000077,3
51.059944389000066,13.689960261000067,3
51.062974163000035,13.752007774000049,3
51.00681650200005,13.650662412000031,2
50.97330429200008,13.696254037000074,3
51.014521126000034,13.644933984000033,3
50.95052461500006,13.940942148000033,3
50.96979479000004,13.870989698000074,3
51.05104517900003,14.427068389000056,3
51.208034025000075,14.934049009000034,3
50.90001855500003,14.769133727000053,3
50.89187958900004,14.811232506000067,3
51.32389056400007,12.373684466000043,3
51.28206516100005,12.763282099000037,2
51.34762840600007,12.406173916000057,3
50.683854315000076,12.444788231000075,3
50.72820647400005,12.374062881000043,3
50.836303445000055,12.900720198000045,2
50.72126793700005,12.769801937000068,3
50.84909774700003,12.94845514800005,3
50.83373714900006,12.926438430000076,3
50.83691035500004,12.932472464000057,3
50.80897667700003,12.876420831000075,3
50.61947668800008,13.02608766700007,3
50.55658775900008,13.15001778900006,2
50.57826208900008,13.010083441000063,3
51.076105175000066,13.147922546000075,2
50.86780614300005,13.369134590000044,3
50.650335495000036,13.249137908000023,2
51.03783816300006,13.80393116700003,3
51.088572276000036,13.703435120000051,3
51.06187773400006,13.565846203000035,3
51.11362415500008,13.773351319000028,3
51.11651843700008,13.729280569000025,3
51.02469842100004,13.73109998600006,2
51.07612297800006,13.720177971000055,3
51.43834758400004,14.23319152700003,2
51.03168045800004,14.870285869000043,3
51.40083829400004,12.388436264000063,3
51.399756455000045,12.407441198000072,2
51.36135213800003,12.370747455000071,2
51.29647246300004,12.401767913000072,3
51.35365393500007,12.302294637000045,3
51.335041157000035,12.323369333000073,3
51.34831681900005,12.376212621000036,3
51.34687329900004,12.36511315000007,3
51.57251720200003,13.068672078000077,3
50.84613281000003,12.682527200000038,3
50.790810401000044,12.497772330000032,3
50.736169963000066,12.472183485000073,3
50.73695984300008,12.481777958000066,3
50.82684850000004,12.908848699000032,2
50.85011570800003,12.945232259000022,3
50.85496628700008,12.967845429000022,3
50.81401703900008,12.801273985000023,3
50.816901392000034,12.88340991800004,3
50.68966901200008,12.942950991000032,3
50.50122196600006,12.789605275000042,3
50.724836140000036,12.69697181500004,3
50.75376971700007,12.858326231000035,3
51.12911722500007,13.748960150000073,3
51.10245389200003,13.77039777300007,3
51.04557851000004,13.701682118000065,3
51.06967651200006,13.725930584000025,3
51.08622951400008,13.691597408000064,2
51.118312099000036,13.732894565000038,3
51.06850739300006,13.73871710700007,3
51.08692786100005,13.738166696000064,3
50.99404307700007,13.801858477000053,3
51.07238681100006,13.72591514800007,3
51.08401050400005,13.686361521000038,3
51.285043503000054,13.53100631500007,3
51.16401572800004,13.483615477000058,3
51.25859840800007,13.271427602000074,3
50.97106085000007,14.64543277000007,2
51.15121934000007,14.978961833000028,2
51.40721737500007,14.142779612000027,3
51.11588354200006,13.921098379000057,3
51.28495869600005,12.419573755000044,3
51.092588197000055,12.375644392000027,2
51.35314521500004,12.45912702000004,3
51.30925126300008,12.387315857000033,3
51.37838071200008,12.378907427000058,3
51.37203281300003,12.464033177000033,3
51.39662986600007,12.425368297000034,3
51.31873180300005,12.371341820000055,2
51.37957416100005,12.429784993000055,3
51.30475053100008,12.373925158000077,3
51.35928258200005,12.293151268000031,2
51.26332046300007,12.713236750000021,3
51.48783339100004,12.538811828000064,2
51.54689895400003,12.954633872000045,2
50.50598951300003,12.143191638000076,3
50.76228277800004,12.530266967000045,2
50.634176901000046,12.31838964800005,3
50.85812998100005,12.76475303500007,3
50.736810372000036,12.525856413000042,3
51.07201083400008,12.901550431000032,2
51.06267335900003,12.619691579000062,2
50.77929031100007,12.867117521000068,2
51.05078198500007,13.704465670000047,2
51.03395055400006,13.749079234000021,3
51.05093918000006,13.731167612000036,2
51.051945501000034,13.746169477000024,3
51.053143316000046,13.761943074000044,2
51.04734143100006,13.74396680700005,3
51.024217933000045,13.836163493000072,3
51.007095649000064,13.828573129000063,3
51.27759434600006,14.101699379000024,2
51.23708285300006,14.900886951000075,3
51.14113236000003,14.98777235700004,3
51.152033904000064,14.994299782000041,3
51.36410911100006,12.369474622000041,3
51.325067156000046,12.378892760000042,3
51.361219919000064,12.446138853000036,3
51.370089258000064,12.334362246000069,3
51.33646494000004,12.371137582000074,3
51.08293923000008,12.532727107000028,3
51.19794541300007,12.459426541000028,3
51.480714800000044,13.119816524000044,3
51.551220974000046,13.136104327000055,3
50.51172232400006,12.414442518000044,3
50.841430710000054,12.443284715000061,3
50.48510341200006,12.139494322000075,3
50.80755035300007,12.387891110000055,3
50.76793480600003,12.366887966000036,3
50.80157675400005,12.926958446000071,3
50.628274057000056,12.825839257000041,3
51.019020226000066,13.705970487000059,3
51.00870021700007,13.730443046000062,3
51.03736276200004,14.16023754500003,3
51.15348458600005,14.544650473000047,2
50.89971379900004,14.79165591900005,3
51.35331731300005,12.491435249000062,2
51.30526923900004,12.597349562000034,3
51.39467786900008,12.397604328000057,3
50.49700902600006,12.179050751000034,3
50.785030748000054,12.409432667000033,3
50.833647589000066,12.926323779000029,3
50.842883518000065,12.908894297000074,2
50.58110264700008,12.658978449000074,3
50.98091807900005,13.275676559000033,3
50.859532855000054,13.020806995000044,3
50.71807621200003,12.784833271000025,3
51.08453408500003,13.706948491000048,3
51.055242186000044,13.72365962300006,2
50.982693977000054,13.95968265700003,2
51.07629931200006,13.729408913000043,3
50.98094304000006,13.729628520000063,3
50.94993706400004,13.764011771000071,3
50.96359982900003,13.932083813000077,3
51.245021818000055,13.980060165000054,3
51.40032417100008,14.522983190000048,2
50.89476782000003,14.799199076000036,3
51.541368817000034,13.000200635000056,2
51.237474158000055,12.716856654000026,2
51.30552340400004,12.396279302000039,3
51.33750512100005,12.327301332000047,3
51.14999852100004,12.28710929500005,3
51.127491709000026,12.503702927000063,2
51.24336939800003,12.730075030000023,3
51.23449454100006,12.54750923100005,3
51.45204305000004,12.265976310000042,3
51.46789538000007,12.662981648000027,3
51.478427225000075,13.122878730000025,3
50.688277983000035,12.602670696000075,2
50.51079937700007,12.393810921000068,3
51.37523203500007,12.320965063000074,3
50.54496221200003,12.789370725000026,2
50.85675958200005,12.95067653700005,2
50.83073063000006,12.92396711300006,3
50.64393378600005,12.96705724900005,3
51.04677648100005,13.79136731400007,3
51.063181892000046,13.737071097000069,3
51.040045828000075,13.770996288000049,3
51.08860152200003,13.703422056000022,3
51.02265920100007,13.69286558500005,3
51.15719518100008,13.46881996600007,3
50.90321459200004,13.903410369000028,3
51.05552361800005,14.17301378600007,3
51.27746706000005,14.823600620000036,2
51.183605009000075,14.43551738900004,3
51.44663993200004,14.266109799000048,3
51.10906771500004,13.904582521000066,3
51.26395603100008,13.933001954000076,3
50.97918971400003,14.666526076000025,3
50.993865407000044,14.61580377200005,2
51.31397294400006,12.451642410000034,2
51.33814792900006,12.388041259000033,3
51.32585891800005,12.514660083000024,3
51.31686277300008,12.368752094000058,3
51.34972482200004,12.459784513000045,3
51.32857807900007,12.373390979000021,3
51.340539196000066,12.366724150000039,3
50.86101137500003,12.744688035000024,3
50.84229222700003,12.69329411700005,3
50.841869030000055,12.46803686900006,3
50.34179281000007,12.245507825000061,3
50.48294630100003,12.139986985000064,3
50.694550356000036,12.727211688000068,3
50.806062488000066,12.850565249000056,3
50.82449094100008,12.92783664600006,3
50.81762837000008,12.950434836000056,3
50.83114408500006,12.894803658000058,3
50.50680145100006,12.935520073000077,2
51.02341406200003,13.80900398600005,2
50.98732547000003,13.816396567000027,3
51.010316784000054,13.829983930000026,3
51.024762216000056,13.704483597000035,3
51.04968396900006,13.757129862000056,3
51.17560141100006,13.458760139000049,3
51.37866405900007,14.242824751000057,2
51.19959722900006,14.22103886900004,2
51.149460660000045,14.987660723000033,3
51.15336960900004,14.053866188000029,3
51.23362218500006,14.200775477000036,2
51.169167163000054,13.821215411000026,3
51.49730307600004,14.641674729000044,3
51.50188282600004,14.629395334000037,2
51.315209527000036,12.301523988000042,2
51.33088440200004,12.380681173000028,3
51.30727549000005,12.326031129000057,3
51.36842322900003,12.386160700000062,3
51.375875621000034,12.321667387000048,3
51.29424531900003,12.388510532000055,2
51.28648090100006,12.313018396000075,3
51.33121932700004,12.317910357000073,3
51.342153676000066,12.359953031000032,3
51.336091012000054,12.404115997000076,3
51.16861987200008,12.273716578000062,3
51.26169287000005,12.68466853700005,3
51.21592299500003,12.72452363800005,3
50.83470366100005,12.949524366000048,2
50.83376590700004,12.926475077000077,3
50.83791375900006,12.921329585000024,3
50.796627966000074,12.897267333000059,3
51.07698902000004,13.002861048000057,3
50.94030115800007,13.419163026000035,3
50.795019453000066,13.318538481000076,3
50.94272098000005,13.201388661000067,2
50.91171565900004,13.34835440200004,3
50.706584246000034,13.220844235000072,3
50.62219567300008,12.802071696000041,3
51.00695303100008,13.819247895000046,3
51.037312987000064,13.70510553300005,3
51.11182658100006,13.858411817000047,2
50.98305994000003,13.787136234000059,2
51.04238515700007,13.788572982000062,3
51.06298774100003,13.75177672500007,3
51.06203795600004,13.852857529000062,3
51.06466301100005,13.788007764000042,3
51.113368069000046,13.749415161000059,3
51.03237032100003,13.836257544000034,2
51.03701417000008,13.739273689000072,3
51.08300299800004,13.68882906600004,3
50.87677346900006,13.949393163000025,3
50.996003951000034,14.141593533000048,3
51.025069288000054,14.179555193000056,2
51.17108073800006,13.890251653000064,2
51.16186656800005,14.42921554700007,2
51.18122253900003,14.005767337000066,3
51.28457645600008,14.198232458000064,3
50.90252891400007,14.816223197000056,3
50.89823448100003,14.79474489000006,2
50.88996730400004,14.812307654000051,2
51.25244297800003,12.304732493000074,1
51.31287966200006,12.395072249000066,3
51.248185317000036,12.393361567000056,3
51.36203576400004,12.371703769000021,3
51.31479206900008,12.373409514000059,3
51.32125812800007,12.371634348000043,3
51.35629745700004,12.29912166400004,3
51.33239424000004,12.303713250000044,3
51.332365605000064,12.338873333000038,3
51.30791032500008,12.268255517000057,3
51.33669056800005,12.373328258000072,3
51.08268186400005,12.648511318000033,2
51.14118715700005,12.419863358000043,3
51.29237511100007,12.516934938000077,3
51.52299961700004,12.340532587000041,3
50.49328363600006,12.153382940000029,3
50.48947570400003,12.140220858000077,3
50.493037008000044,12.154858969000031,3
50.70608025800004,12.494205392000026,3
50.674891165000076,12.471725870000057,3
50.94385260300004,12.897967795000056,3
50.98524271000008,13.27398241700007,2
50.83578757200007,12.907107401000076,3
50.87027962600007,12.892841215000033,3
50.79880325900007,12.862626366000029,3
50.610272440000074,12.685105573000044,3
50.974308257000075,13.43862665000006,2
50.69040957800007,13.05503636800006,2
50.97800095600007,12.840106501000037,3
51.12999670700003,13.749228026000026,3
51.30491204400005,13.587691496000048,2
50.87531635700003,13.904644474000065,2
51.08836415500008,13.254974779000065,3
51.15343342400007,13.780575304000024,3
51.02093715400008,13.792343500000072,3
51.06339579200005,13.748607119000042,3
51.08102015500003,13.759658742000056,3
50.99831376700007,13.799321151000072,3
51.08465519600003,13.69445987100005,3
50.99452287200006,13.574992266000038,3
50.86505032000008,14.660951806000071,1
51.14724684400005,13.770217444000025,3
51.17998437000006,14.44549304000003,3
51.120874497000045,14.196830741000042,3
51.14585580700003,14.979298358000051,2
51.44313714500004,14.21590814800004,2
51.273300111000026,14.108600314000057,3
51.497235610000075,14.642102910000062,3
50.976991274000056,14.621714341000029,3
50.89857788000006,14.810070351000036,3
50.848805138000046,14.793777998000053,2
50.90020625900007,14.653895188000035,3
51.32465018200003,12.333817530000033,3
51.29485614400005,12.439142909000054,2
51.42818887100003,12.198603520000063,3
51.34582246700006,12.400446955000064,3
51.33439077300005,12.370866117000048,3
51.342761463000045,12.40883139500005,3
51.350484281000035,12.347360190000074,3
51.113839787000074,12.815275933000066,2
51.46472923400006,12.661518474000047,3
50.631743716000074,12.282067736000045,2
50.58717224600008,12.46014367500004,2
50.501369096000076,12.453866164000033,3
50.75605546700007,12.62355960900004,3
50.831841387000054,12.448980679000044,3
50.731409892000045,12.411275888000034,3
50.75551034700004,12.602159267000047,3
50.96750999400007,12.956691209000041,2
50.81992674000003,12.94164379800003,3
50.90550555000004,12.978988726000068,3
51.16736326000006,13.161523836000072,3
51.05112823600007,13.749345357000038,3
51.059960938000074,13.878418124000063,3
51.128969049000034,13.438985806000062,3
51.16452432300008,13.476214648000052,3
51.18552688600005,14.42794619700004,3
51.34025582600003,12.366352819000042,2
51.35827598100008,12.359667399000045,3
51.232826970000076,12.675176778000036,3
51.458810225000036,12.606402980000041,2
50.68221581900008,12.644636193000053,3
50.38019214900004,12.488539633000073,3
50.71210684700003,13.420892106000053,2
50.841141357000026,12.928090165000071,3
51.06189765000005,13.85482788400003,3
51.27004773500005,13.725785175000055,3
51.20288305100007,14.48232024300006,3
51.09480159300006,14.426206661000037,3
51.30510409100003,12.327273700000035,3
51.30654390400008,12.380650413000069,3
51.32797228700008,13.001942744000075,3
51.392025904000036,12.260072638000054,3
51.31616111100004,12.261605692000046,3
51.34290966100008,12.369863673000054,3
50.675572111000065,12.533369457000049,3
50.841913215000034,12.90629840300005,2
50.870004977000065,12.796478318000027,3
51.07830389500003,13.690663586000028,3
51.06081699100008,13.51418465200004,2
50.99205555300006,13.760880503000067,3
51.190397552000036,14.451105492000067,3
51.180212168000025,14.433061660000021,3
51.17067371300004,14.419303304000039,3
51.198635237000076,14.140085252000063,3
51.18094535300003,13.826787448000061,3
51.314579113000036,12.369547290000071,3
51.41556229500003,12.396496796000065,3
51.38862444500006,12.391256057000021,3
51.347367923000036,12.445669007000049,3
51.36232096200007,12.356019041000025,2
51.337761956000065,12.371271561000071,1
51.35047331200008,12.347373617000073,3
51.349726402000044,12.405931848000023,3
50.512682864000055,12.12785034600006,3
50.58615321100007,12.136808888000076,3
50.84342840900007,12.90580667200004,2
50.83862824000005,12.907561410000028,3
50.87920128300004,13.325966177000055,3
51.01756337900008,12.859676597000032,3
50.72134027900006,12.756360251000046,3
51.020894267000074,13.683031361000076,3
51.06101655400005,13.732426279000038,2
51.02815339600005,13.830531674000042,3
51.02793135300004,13.759014827000044,3
51.01305124000004,13.790664097000047,3
51.06230597600006,13.587923618000048,3
51.048259415000075,13.716175088000057,3
51.05029505400006,13.731368813000074,3
51.055873406000046,13.755923426000038,3
51.060306850000075,13.552638702000024,3
51.50604934300003,14.642806233000044,2
51.34408932400004,12.380515238000044,2
51.37482141100003,12.405469122000056,3
51.36851539200006,12.386002896000036,3
51.35621144600003,12.368279595000047,3
51.37924700800005,12.421324709000032,3
51.35693178500003,12.470582055000023,3
51.32158575300008,12.342645047000076,3
51.53912935500006,12.488556567000046,3
51.43212227200007,12.624592058000076,3
51.55985992800004,12.985440070000038,3
50.453145203000076,12.09104018100004,2
50.49148707300003,12.161220343000025,3
50.70872312500006,12.75710330100003,3
50.82456461600003,12.941024275000075,3
50.81696874600004,12.88334554000005,3
51.01957316600004,13.340999503000035,3
50.900590900000054,13.346304460000056,3
50.98525944600004,12.985133609000059,3
50.73375914200005,12.92925430400004,3
50.77072305100006,12.81416778700003,2
51.05116677500007,13.720351526000059,3
51.147786652000036,13.803023781000036,3
51.077611922000074,13.716506576000029,3
51.055705526000054,13.535693973000036,3
50.89937143700007,13.945511269000065,3
51.17531926500004,14.429330721000042,3
51.169073823000076,14.486678687000051,3
51.174889334000056,14.429396102000055,3
51.37302611400003,14.06547462800006,2
51.34735729000005,12.371127681000075,2
51.58553781400008,12.666863595000052,3
51.37405811500008,12.479546356000071,3
51.34786597600004,12.262867225000036,3
51.33221010800003,12.345748521000075,3
51.155822698000065,12.28694766700005,3
51.52451889000008,12.342836039000076,3
51.45388404200003,12.618045847000076,3
50.48672667400007,12.392076351000071,3
50.30963406600006,12.334545989000048,3
50.688019618000055,12.561070752000035,3
50.85296611500007,12.884300440000061,3
50.58268623500004,13.00122139900003,3
51.17166107700007,13.04041731600006,3
50.70339029100006,12.851597603000073,2
50.70977000700003,12.775940405000028,3
51.04091567000006,13.798415788000057,3
51.08743040500008,13.680408714000066,3
51.06848702500008,13.738654520000068,3
51.048244897000075,13.74871579300003,3
51.06467572100007,13.742015009000056,3
51.10195764500003,13.735341867000045,3
51.027783914000054,13.753878110000073,3
51.03206072000006,13.726474086000053,3
50.94855221800003,13.667208989000073,2
51.170748229000026,14.987035857000023,3
50.93290076300008,14.618708988000037,3
51.33928024700003,12.400559003000069,3
51.04899932600006,12.583581407000054,1
51.31469126500008,12.371558210000046,3
51.22163679300007,12.32953384600006,2
51.33114261600008,12.366030719000037,3
51.35472873500004,12.315121268000041,3
51.32660455800004,12.387513453000054,3
51.12280485800005,12.496053993000032,3
51.260923853000065,12.518178883000076,3
50.70341308500008,12.485432805000073,3
50.86261203600003,12.769883142000026,3
50.71741414500008,12.487068340000064,3
50.49220954000003,12.149560515000076,3
50.69135867400007,12.700159819000021,3
50.83880450300006,12.392503354000041,3
50.732458128000076,12.435022936000053,3
51.16152918500006,12.912130619000038,3
50.831842178000045,12.950326379000046,3
50.80650632700008,12.912139119000074,2
50.80813484200007,12.821759547000056,3
50.81183118900003,12.895856104000075,3
51.054434720000074,13.783080081000037,3
51.06183328100008,13.68206632500005,3
51.09797103000005,13.641940159000058,3
51.16435450200004,13.490412372000037,3
51.30239777300005,13.321072280000067,3
51.53727682300007,14.588300902000071,2
51.17816413300005,14.438064539000038,3
51.296468004000076,14.777923690000023,3
51.11556319700003,13.903255693000062,3
51.39283490200006,12.20527226300004,3
51.356061243000056,12.206329220000043,3
51.30455136200004,12.31377214400004,2
51.36447615600008,12.356755071000066,2
51.331544859000076,12.31853611200006,3
51.32260693600006,12.307320790000063,3
51.32902480700005,12.311015345000044,3
51.344325068000046,12.283756097000037,3
51.31600879100006,12.298962133000032,3
51.34554038600004,12.379005522000057,3
51.33857092200003,12.373140311000043,3
51.37277760900008,12.741640589000042,3
51.49315568000003,12.663154575000021,3
51.603276261000076,13.037485974000049,3
50.473726955000075,12.366274920000023,1
50.521416557000066,12.454866066000022,2
50.54092057300005,12.082594254000071,3
50.47240414700008,12.07619780500005,3
50.50245515600005,12.137390684000025,3
50.54332715600003,11.946735622000062,2
50.876184487000046,13.053257882000025,2
50.94704153500004,13.040924102000076,2
50.76963525100007,12.814367998000023,3
50.58514996300005,13.014918486000056,3
50.50160949700006,12.603025008000031,3
50.79704441600006,13.106331060000059,3
50.73827265400007,13.181076105000045,2
50.72306978700004,13.09103422100003,3
50.94861808700006,12.679790327000035,3
50.74728085500004,12.894817482000065,3
50.829210540000076,13.770593533000067,2
51.00804294100004,13.849638433000052,3
51.057614595000075,13.724965660000066,3
50.98511967400003,13.696459687000072,2
50.88864417100007,14.208363322000025,3
50.957951577000074,13.93905810700005,3
51.08773854000003,14.670589066000048,1
51.16692387400008,14.28153642500007,2
51.181010178000065,14.36572654500003,3
51.17741732200005,14.139748347000022,3
51.180866508000065,14.428089843000066,2
51.21900231300003,14.593737470000065,3
51.17612633500005,14.772981835000053,3
51.38331734800005,14.261691864000056,2
51.182460082000034,13.805492770000058,3
51.03946833800006,14.527234173000068,3
51.33074260200004,12.315952191000065,2
51.60588818600007,12.586222870000029,2
51.60591499000003,12.586226071000056,2
51.34479449400004,12.420530375000055,3
51.29756153200003,12.385378426000045,3
51.22068979900007,12.71058927100006,3
51.26732672500003,12.535016504000055,2
51.57005122000004,13.067218884000056,3
50.73968023600003,12.489066254000022,3
50.467920899000035,12.367254883000044,2
50.82634740000003,12.525266239000075,3
50.49535903600008,12.12810492500006,3
50.92376040100004,12.789344365000034,3
50.599432515000046,12.61294855500006,3
50.73628276200003,13.53497277100007,2
51.068552820000036,13.760029477000046,3
51.06973592500003,13.756242812000039,2
51.32856926200003,13.268611246000034,2
51.04064683000007,13.660270879000052,2
51.05438823800006,13.690412008000067,3
51.04759024700007,13.536275824000029,3
51.17415393400006,13.46981055200007,3
51.00189104400005,14.239573634000067,3
50.92207417600008,14.188009567000051,2
51.200704159000054,14.015544910000074,3
51.09620968100006,14.664152776000037,3
51.353084712000054,12.465326364000077,2
51.34404148900006,12.358049722000032,3
51.34196502000003,12.358674897000071,3
51.35306297300008,12.373367268000038,3
51.55915470200006,12.546148733000052,3
51.56203432500007,12.892960849000076,3
50.81945024700008,12.747743042000025,2
50.62680336600005,12.232383911000056,3
50.85871093500003,12.750113131000035,3
50.683986538000056,12.574445923000042,3
50.72029321900004,12.481122317000029,3
50.86233229100003,12.86812988400004,2
50.812367934000065,12.795556992000058,2
50.863729971000055,13.01749768700006,3
50.82206000300005,12.926528705000067,3
50.79440356900005,12.907952412000043,3
50.58344526500008,12.82999914000004,3
50.98272582200008,13.107219659000066,3
50.90545152400006,12.804827502000023,3
51.019850880000035,13.812408547000075,2
51.06499056500007,13.67443131300007,3
51.05040529300004,13.72503769900004,3
51.025114544000076,13.80513118400006,3
51.053232672000036,13.736664758000074,3
51.025362993000044,13.761534765000022,3
51.10054410600003,13.674781220000057,3
51.15161045200006,13.572594308000077,3
51.20796334200003,14.789564497000072,1
51.179539874000056,14.419365348000042,3
51.20803760700005,14.934044149000044,2
50.90085346700005,14.781623300000035,3
51.33605757500004,12.376865053000074,3
51.33769045200006,12.413728371000047,3
51.36411385400004,12.350092782000047,3
51.30265462700004,12.30458754600005,2
51.31392671000003,12.40599594500003,3
51.33045309900007,12.333817465000038,3
51.34656115400003,12.389881599000034,3
51.33591767400003,12.367040351000071,3
51.15482293600007,12.499802887000044,2
51.34775502200006,12.804936834000046,3
51.377320402000066,12.750203014000022,3
51.34527042600007,12.841438065000034,3
51.59000052400006,13.08947075900005,3
50.382068950000075,12.201046355000074,3
50.78695380900007,12.724691525000026,3
50.49505600600003,12.128966185000024,3
50.498828325000034,12.141256687000066,3
50.62157559000008,12.523832628000036,3
50.56274558100006,13.050687625000023,3
50.83827218300007,12.95750466100003,2
50.61539925100004,12.726363590000062,3
50.91566407400006,12.909013354000024,3
50.854128210000056,13.074695557000041,3
51.11927305100005,13.76065503500007,3
51.046304219000035,13.755022273000066,3
51.04952728900008,13.758720407000055,3
51.01100243800005,13.81259028200003,3
51.29127977600007,13.524308433000044,3
51.11289781600004,13.618697619000045,3
51.16727992300008,13.557995427000037,3
51.130493055000045,13.685534583000049,3
51.41304311400006,13.454009781000025,2
51.35106023000003,13.275135196000065,3
51.30095439200005,13.268693714000051,3
51.21120581400004,14.558664469000064,2
51.16721999300006,14.417529822000063,2
51.01844136700004,14.93017026900003,3
51.37893062400008,12.416079626000055,3
51.32314532800007,12.378551039000058,3
51.34408503900005,12.373465464000049,3
51.123291248000044,12.466805848000035,2
51.29560597600005,12.620153186000039,3
51.345569510000075,12.45202596200005,3
51.332119730000045,12.348686569000051,3
51.33206263800008,12.336229235000076,3
51.328962286000035,12.346544873000028,3
51.34589518400003,12.399145712000063,3
51.12071713700004,12.48790058000003,3
51.42000903200005,12.359607135000033,3
50.735034803000076,12.580475189000026,2
50.71893823600004,12.490178301000071,2
50.61862907500006,12.269547307000039,3
50.53113422500007,12.412827846000027,3
50.86289648500008,12.757474425000055,3
50.40526864000003,12.156661769000038,2
50.82669935900003,12.39500135700007,3
51.08460399400008,12.968723192000027,2
51.10248855400005,12.798325154000054,2
50.668921960000034,12.955858135000028,3
50.900863798000046,12.924541602000033,3
50.97509633200008,13.125314983000067,2
50.91771995400006,13.040210478000063,3
50.96792916800007,12.965823687000068,3
51.04202350800006,13.73073735500003,3
51.12601211300006,13.789043150000055,3
51.037003671000036,13.833155053000041,2
51.065385468000045,13.67225753200006,3
51.06212781200003,13.587926795000044,3
51.053032580000036,13.735912828000039,3
51.049466720000055,13.758694735000063,3
51.04690763000008,13.708452087000069,3
51.07594689800004,13.718726445000073,3
50.954114169000036,13.773095452000064,3
51.00742020000007,13.471279436000032,3
50.89652025200007,13.691993965000052,3
51.031169240000054,13.70171386800007,3
51.21619816300006,13.720267071000023,2
51.05780539700004,13.303812034000032,2
51.10752568100003,13.61541961000006,3
50.95335213700008,13.93922879400003,3
50.95324056700008,13.940416980000066,3
51.25093545000004,13.289488936000055,3
51.32070351600004,13.336652318000063,3
51.121666695000044,14.232514318000028,3
51.18086435500004,14.438383810000062,2
51.14886960600006,14.060318154000072,3
51.43422182000006,14.232001768000032,3
51.32329752700008,14.148477032000073,3
51.145510440000066,14.021131940000032,3
51.50991822800006,14.742256922000024,3
51.07340718700004,14.595710822000058,3
51.047199910000074,14.82717264300004,2
51.335663468000064,12.40794569600007,3
51.36015070900004,12.384325882000041,3
51.29704945600008,13.101309067000045,2
51.35131311500004,12.520743693000043,3
51.253981278000026,12.239752047000025,3
51.36256418700003,12.372575767000058,3
51.344504896000046,12.379505334000044,3
51.301166540000054,12.433912745000043,3
51.30071679300005,12.384287757000038,3
51.33170354400005,12.334887373000072,3
51.332310276000044,12.341233471000066,3
51.34431451800003,12.304994042000033,3
51.32794360300005,12.377446978000023,3
51.33668327300006,12.328437735000023,3
51.139130597000076,12.232902298000056,3
51.340773925000065,12.731803429000024,3
50.47497899800004,12.368041781000045,3
50.82900035500006,12.523008306000065,2
50.898220577000075,12.66360135900004,3
50.317291340000054,12.254654161000076,3
50.825431525000056,12.919646818000047,2
50.69594664400006,12.733514840000055,3
50.86719547200005,12.960385150000036,3
50.82804130800008,12.92981779400003,3
50.85439544400003,12.943831471000067,3
50.535856780000074,12.773894756000061,3
50.905838835000054,13.337203484000042,3
50.894963999000026,13.332943736000061,3
50.710587427000064,12.729097394000064,3
50.66830904600005,12.838103315000069,3
50.70124199400004,12.760148879000042,3
51.040879362000055,13.626669758000048,1
51.02573647600008,13.851327462000029,2
51.10251967800008,13.203676107000035,3
51.05040530000008,13.357843013000036,3
51.03595831200005,13.785315400000059,3
51.05468247700003,13.730169542000056,3
51.03406993600004,13.815819145000034,3
51.06470144300005,13.74034565200003,3
51.060135255000034,13.751207988000033,3
51.07058679200003,13.737539905000062,2
51.00823308400004,13.843472151000071,2
51.039582592000045,13.712001474000033,3
51.04373031400007,13.702600602000075,3
51.06003705300003,13.689647622000052,3
51.033323437000035,13.70255842000006,3
51.03841292000004,13.70513580000005,2
50.90801440000007,13.692842031000055,3
50.960054918000026,13.702318094000077,3
51.11409648400007,13.55577442200007,3
50.88457584900004,13.902394179000055,3
51.261901710000075,13.894928850000042,2
51.18937809500005,14.359576834000052,3
51.15071115300003,14.970453769000073,3
51.11845128700003,14.982982282000023,3
51.135117165000054,13.869946274000029,3
51.07069749300007,14.583295751000037,2
50.884221711000066,14.787226111000052,2
51.34793595800005,12.53891597300003,3
51.34558017400008,12.445215246000032,3
51.50662479400006,12.357201528000076,3
51.34949079800003,12.520047444000056,3
51.25182033400006,12.808968375000063,3
51.331263515000046,12.333328679000033,3
51.17742734600006,12.249726047000024,3
51.23892201500007,12.488034360000029,3
51.21728283200008,12.329416526000045,3
51.12220802500008,12.48922888900006,3
51.18678982000006,12.755021136000039,3
51.23718075200003,12.713419987000066,3
51.589687309000055,13.086133776000054,2
50.736204790000045,12.472330974000045,3
50.66163696900003,12.671291035000024,2
50.73978605700006,12.376267497000072,3
50.722337579000055,12.441562373000068,2
50.54243953500003,12.357037598000034,2
50.50987867500004,12.158410106000076,3
50.43259081300005,12.103866696000068,3
50.64592640700005,12.65731631400007,3
50.49670960200007,12.600582442000075,3
50.82296620900007,13.439109580000036,3
51.04168224300008,13.682017604000066,3
51.046625196000036,13.708038808000026,3
50.91961529800005,14.066908598000055,3
51.194353911000064,14.201049516000069,3
51.26395169600005,13.932725793000031,3
51.31938338600003,12.399457103000032,3
51.27293615200006,12.950725849000037,3
51.30656282900003,12.59064997300004,3
51.26325048900003,12.699672693000025,3
51.36572628500005,12.390086114000042,3
51.343117447000054,12.364911366000058,3
51.47463911300008,12.32633247800004,3
51.54959945200005,13.000453205000042,3
51.50783254800007,12.802846363000072,2
50.81320958600003,12.541002413000058,2
50.67508988700007,12.561512115000028,2
50.80340844500006,12.950649687000066,3
50.98218274800007,13.006388332000029,3
50.98499983500005,13.099935173000063,2
50.99487293800007,12.965773827000021,3
51.00880561000008,12.94172231400006,3
51.04797964200003,12.799024853000049,2
51.06672936400008,12.750973388000034,2
51.073216167000055,13.765627122000069,3
51.06460252800008,13.742677067000045,3
51.14411118900006,13.459520209000061,3
50.92731506800004,14.109630965000065,3
51.16353983700003,14.048846193000031,3
51.03565955900007,14.712906490000023,2
51.17942431600005,14.57089032600004,2
51.13825697800007,13.900427834000027,2
51.529593833000035,14.681497125000021,3
50.835165465000046,14.770280496000055,3
51.23122187600006,13.160709765000036,1
51.34062920000008,12.314397944000063,3
51.41615186700005,13.034921208000071,3
50.78742887900006,12.693528135000065,3
50.89849521800005,12.761093086000074,2
50.58172703000008,12.687081014000057,3
50.98366149300006,12.696015270000032,2
50.53579726700008,12.784608953000031,3
51.029182742000046,12.801130182000065,2
51.16501191700007,13.873454269000035,2
51.01212206800005,13.78882010500007,3
50.89905786500003,13.913992052000026,3
51.31223037400008,13.50380172000007,3
51.26675826700006,13.863421323000068,3
51.06877969900006,14.955477724000048,3
50.89419284100006,14.799002638000047,3
50.885860265000076,14.686422278000066,3
51.365891066000074,12.350574975000029,2
51.373532047000026,12.332606799000075,3
51.30450221000007,12.419017814000028,3
51.29942324700005,12.323578603000044,3
50.59224797600007,12.501714759000038,3
50.59548121300003,12.339056732000074,2
50.81013810700006,12.757014592000075,3
50.71811649600005,12.512480157000027,3
50.95996352000003,13.74513616400003,3
50.785688898000046,13.708388727000056,3
50.986960355000065,13.637482530000057,3
51.17967455300004,14.397171885000034,3
51.43000253300005,14.08626372200007,3
51.091012816000045,14.024257705000025,2
51.33216943100007,12.39763550500004,3
51.41147761500008,12.357849187000056,3
51.36080405600006,12.385271277000072,2
51.22929514400005,12.499490232000028,3
51.21230882000003,12.891371900000024,3
50.50877231800007,12.358613280000043,2
50.477034185000036,12.36899989400007,3
50.84345744500007,12.939280083000028,3
51.13048007500004,13.119925876000025,3
51.125829112000076,13.125258270000074,3
50.844975789000046,13.29011919800007,3
50.66923619200003,13.105198414000029,3
51.03077904100007,13.714588623000054,3
51.28185483300007,13.530385625000065,2
51.06291460800003,13.753131091000057,2
51.04428656200008,13.738627807000057,3
51.04902341600007,13.72809703300004,3
51.03614072200003,13.749388870000075,3
51.068003772000054,13.689557714000046,3
51.069488242000034,13.726194559000021,3
50.78577908900007,13.565952659000061,3
51.30209738000008,13.305896134000022,3
51.17184462300003,14.777675743000032,2
51.09722703600005,14.328733518000035,2
51.17830358200007,14.419437338000023,3
51.180938479000076,13.826782040000069,2
51.00300144800008,14.618463986000052,3
51.02903934300008,14.62573763000006,3
50.89798228600006,14.811872266000023,3
51.38720552800004,12.182283280000036,3
51.345381359000044,12.363839195000025,3
51.361844602000076,12.399957598000071,3
51.12651849300005,12.50039078900005,3
51.24549118600004,12.471840131000022,3
51.35934395800007,12.655673658000069,3
51.47161435500004,12.666198714000075,3
51.557277646000045,13.009357713000043,2
50.672567815000036,12.493598126000052,2
50.925489682000034,13.338275933000034,3
50.91356379800004,13.353111744000046,3
51.004405502000054,13.799900402000048,3
51.05903132600008,13.730271147000053,2
51.05587296600004,13.75592234800007,3
51.01130588400008,13.702474536000068,3
51.056988630000035,13.725985242000036,3
51.05308801100006,13.804631451000034,3
51.05247476000005,13.749132165000049,3
51.05466486300003,13.761570153000036,3
51.070396783000035,13.729377045000035,3
51.08981446200005,13.723226709000073,2
51.02626798700004,13.616584859000056,3
51.124483619000046,13.685560144000021,3
50.985301519000075,13.861605828000052,3
50.90815865900004,14.117712452000035,3
51.19251178400003,14.565242475000048,3
51.11196866800003,14.922172922000073,3
51.130470426000045,13.903186276000042,3
51.24959328700004,14.215783584000064,3
50.949112470000046,14.675531570000032,2
51.374538425000026,12.323943069000052,2
51.25731078200005,12.730284250000068,3
51.38673861700005,12.488887168000076,3
51.31821226400007,12.40904269500004,3
51.32034633600006,12.32868069500006,3
51.127466792000064,12.503584250000074,3
51.31341715700006,12.790407935000076,2
51.56418567400004,12.999623185000075,3
50.60882319800004,12.300748890000023,3
50.56158285300006,12.19824840800004,2
50.847862432000056,12.64610274200004,2
50.81759787100003,12.387383172000057,3
50.82996547600004,12.919362892000038,3
50.61462909000005,12.716032651000035,3
50.90742244200004,12.746938671000066,3
51.067561442000056,13.777000009000062,3
51.05519765200006,13.739501218000044,3
51.04951005300006,13.758713000000057,3
51.05220649100005,13.710978238000052,2
50.92537068200005,13.849830862000033,3
51.06941579700003,13.730297423000025,3
51.024268232000054,13.68641890300006,3
51.045874602000026,13.781041512000058,3
51.068755542000076,13.738428055000043,3
51.070068193000054,13.75482458700003,3
51.037628115000075,13.610125778000054,3
51.04703187300004,13.701433421000047,3
51.04086059100007,13.701365768000073,3
51.32090049800007,13.74341600400004,3
51.102666052000075,13.580937492000032,3
51.12248663400004,13.592573548000075,3
51.22341712100007,14.14861673300004,2
51.09833541800003,14.399748660000057,3
51.22054174400006,14.236035874000038,3
51.148004513000046,14.717422760000034,3
50.87252430500007,14.684849665000058,3
51.34689488400005,12.253205388000026,3
51.34571326300005,12.471827357000052,3
51.32747671100003,12.386169935000055,3
51.318575672000065,12.378414624000072,2
51.336736028000075,12.328533579000066,3
50.50710326600006,12.411595264000027,3
50.63089014700006,12.221270100000027,3
51.16572428300003,12.907114685000067,3
50.72989077900007,13.316083970000022,2
51.06673428500005,13.772529946000077,3
51.03063000000003,13.896062892000032,2
51.09864569300004,13.21158044200007,3
51.06182951200003,13.848250162000056,3
51.064676184000064,13.742009904000042,3
51.084365932000026,13.691912255000034,2
51.047083532000045,13.670331433000058,3
51.01050337400005,13.66461004000007,2
50.92554540000003,13.684453636000057,3
50.83748669200003,13.675873842000044,3
51.10636236700003,13.620885803000021,3
50.96643148100003,13.819754215000046,3
51.19003115000004,14.455975508000051,2
51.26357604400005,13.90264733500004,3
51.27954052600006,14.24443636500007,2
50.89782672200005,14.667591190000053,3
51.30669593600004,12.396273192000024,3
51.34415828300007,12.380348404000074,3
51.358731437000074,12.430266647000053,3
51.31714469900004,12.373330773000077,3
51.351547407000055,12.473759771000061,3
51.30721440700006,12.373442103000059,3
51.31894216000006,12.345357034000074,3
51.33102804600003,12.286022712000033,3
51.33021098000006,12.31474322500003,3
51.35647402500007,12.37690490600005,3
51.31909723000007,12.350541356000065,3
50.71736045200004,12.47977297500006,3
50.52575670400006,12.379828885000052,3
50.78377994700003,12.712429256000064,3
50.804872835000026,12.727094113000021,3
50.72481141800006,12.498097571000073,3
50.77917331700007,13.322432413000058,2
50.82811813700005,12.913658300000066,3
50.563773809000054,12.814008415000046,2
50.54069930900005,12.823246716000028,3
50.65078129200003,13.164356707000024,3
50.73540239400006,12.842217198000071,3
51.05023646600006,13.654019130000052,3
51.02349670500007,13.742932677000056,3
51.061474642000064,13.552318233000051,3
51.06899821300004,13.726858999000058,3
51.008594670000036,13.785067961000038,3
51.08100960200005,13.711934947000032,3
51.07855310000008,13.70561796800007,2
51.10577852900008,13.628830495000045,3
51.31698263800007,13.276768018000041,2
50.93000165500007,14.215966519000062,3
51.17151769800006,13.991540909000037,1
51.17964679200003,14.447841830000073,2
51.09827781700005,14.503167704000077,3
51.20071024100008,14.406690026000035,3
51.142499282000074,14.948008568000034,3
51.08918378000004,14.010319606000053,3
51.08286607600007,12.565823933000047,1
51.36188402400006,12.390743454000074,3
51.36016047100003,12.384383865000075,3
51.37971198900004,12.492719108000074,3
51.28219252200006,12.310760518000052,3
51.31768531400007,12.373505485000067,3
51.195448535000025,12.218113408000022,2
51.125152135000064,12.496084402000065,3
51.36463545500004,12.735265843000036,3
51.303978646000076,13.028174327000045,2
50.83418984600007,12.488663162000023,2
50.44226499700005,12.160022655000034,2
50.35088223500003,12.229676029000075,3
50.31640716600003,12.252430692000075,3
50.61398202400005,13.350838010000075,1
50.83067642200007,12.929861944000038,2
51.159578768000074,12.872257769000043,2
50.86293169100003,13.17408155000004,3
50.87044371400003,13.016006563000076,3
51.07738797800005,13.753422741000065,2
51.04145203100006,13.796838842000057,2
51.05220217200008,13.804441585000063,3
51.04816122600005,13.80106806200007,3
51.05931225900008,13.728979598000024,2
51.03421980100006,13.787524524000048,3
51.066974704000074,13.779488105000041,3
51.01891059800005,13.840773520000027,3
50.97904889500006,13.872108513000057,2
51.137822595000046,14.880185503000064,3
51.51883746200008,14.735611025000026,3
50.89160159800008,14.795904509000025,3
51.09029380900006,14.66933300900007,3
50.88392026900004,14.732247992000055,3
50.90346059600006,14.825079950000031,3
51.32412081100006,12.373693243000048,3
51.25976739400005,12.43134692600006,3
51.33235030800006,12.34116920300005,3
51.30422086300007,12.31411814300003,3
51.34543860400004,12.407625365000058,3
51.332697213000074,12.573664025000028,3
50.59205254800003,12.272418488000028,3
50.620904806000055,12.264443413000038,2
50.78551643600008,12.469341695000026,2
50.70295790200004,12.61534669200006,2
50.87335981000007,13.322880129000055,2
50.68016595200004,13.119537395000066,2
50.839098971000055,12.899862418000055,3
50.86616305100006,12.904261939000037,3
50.81928351500005,12.874271676000035,3
50.89038004500003,13.375522853000064,3
50.75216538700005,13.03611354700007,3
50.598494499000026,13.316290581000032,3
50.68491754100006,12.801763707000077,3
51.057720380000035,13.31540546900004,3
51.07374868900007,13.752847572000064,2
51.05628484300007,13.678806449000035,3
51.04473806200008,13.82359503500004,3
51.33381912300007,13.441980250000029,2
51.067071792000036,13.674602200000038,3
51.04323717500006,13.695589206000022,3
51.00040012300008,13.65040097800005,3
51.132027951000055,13.54136565500005,3
51.078515915000025,13.418103020000046,3
51.162833214000045,13.443313437000029,3
50.911905681000064,14.165311209000038,2
50.97132325300004,14.271958600000062,3
51.430755238000074,14.260661673000072,3
51.43049612600004,14.233082590000038,3
51.40736726500006,14.143201823000027,3
50.95266516400005,14.72699302500007,3
50.94823253000004,14.888553264000052,3
51.39828590400003,12.428311116000032,2
51.35178262200003,12.426354307000054,3
51.347868521000066,12.313327464000054,3
51.345965266000064,12.39786551700007,3
51.41453446700007,12.311882725000032,3
51.37821863200003,12.305075057000067,3
51.31495361800006,12.376532055000041,3
51.33475467200003,12.391247445000033,2
51.31979017200007,12.405351105000022,3
51.34418685300005,12.369355239000072,3
51.32341691800008,12.347236771000041,3
51.34258758500005,12.36232342300002,3
51.06879576800003,12.558950410000023,2
51.129119426000045,12.799326375000021,3
51.53505637500007,12.336198423000042,3
50.56735972200005,12.383101569000075,3
50.820634719000054,12.546566204000044,3
50.52052900500007,12.174916901000074,2
50.68208696100004,12.503967353000064,3
50.69049399000005,12.698960593000038,3
50.62643569800008,12.73614467300007,3
50.78350181700006,12.827416947000074,3
50.82453553700003,12.931011683000065,3
50.79243289600004,12.899663240000052,3
50.59256522100003,12.688127691000034,3
51.10939970000004,13.73270720100004,2
51.00652454800007,13.697530614000073,2
51.02749415100004,13.788943147000055,3
51.04007003000004,13.771019061000061,3
51.02058401600004,13.815538042000071,3
51.055873348000034,13.755923283000072,3
51.03152315500006,13.842237940000075,3
51.07338432000006,13.74117020400007,3
51.01270111700006,13.817644649000044,2
51.06795900800006,13.602800850000051,2
51.059809501000075,13.671358891000068,3
51.007486251000046,13.509557724000047,3
51.28662703400005,13.52234777800004,3
51.18438268800003,13.676921712000023,3
50.96904573900008,13.877021787000047,3
51.306090839000035,13.377389034000032,3
51.005590418000054,14.182018431000074,2
51.371397107000064,14.193596068000033,2
51.137980285000026,14.137817951000045,2
51.25177400700005,14.878514580000058,2
51.380272629000046,14.24028897900007,2
51.13826147600008,13.889536501000066,3
51.49732925700005,14.622561389000055,3
50.90176382900006,14.822487705000071,3
50.85926339800005,14.794558700000039,3
50.94968073800004,14.888205492000054,3
51.34378659500004,12.479237700000056,2
51.29034765800003,12.523822831000075,2
51.32240864900007,12.332015141000056,2
51.33236526600007,12.33888842600004,2
51.32104110300003,12.361278359000039,3
51.30700479600006,12.458837171000027,2
51.31617786000004,12.32649338400006,3
51.31242960000003,12.286768663000032,3
51.35942140900005,12.379185693000068,3
51.34374463700004,12.421613923000052,3
51.342061181000076,12.380879367000034,3
51.29234380500003,12.516919166000037,3
51.23129790200005,12.71613261400006,3
50.52606765000007,12.110249186000033,2
50.739515650000044,12.494795820000036,3
50.75647524200008,12.631822103000047,2
50.76424456500007,12.708006126000043,3
50.33559158500003,12.21415591300007,2
50.50646655500003,12.153887462000057,3
50.606490360000066,13.113470496000048,3
50.77742138700006,12.82163733300007,3
50.833103433000076,12.925618317000044,3
50.812700319000044,12.811628270000028,2
50.82984191000003,12.834590985000034,3
50.58689467500005,12.69970445000007,3
50.68362328100005,13.117549179000036,3
50.682871986000066,12.763147382000056,3
51.270841063000034,13.236505145000024,2
51.028105545000074,13.80936186300005,3
51.03614979100007,13.80711446600003,2
51.11198864900007,13.834076517000028,3
51.06988240900006,13.775589393000075,3
51.022878545000026,13.773810346000062,3
51.05879919500006,13.752359341000044,3
51.03010707800007,13.729979379000042,3
51.00443535800008,13.790324015000067,3
51.00701937600007,13.795272641000054,3
51.03209468700004,13.590274694000072,3
51.11850535000008,13.57315644700003,3
51.10816531900008,13.622024710000062,3
51.20360186000005,13.395552287000044,3
51.15724370800007,13.468735319000075,2
50.91277974600007,14.068699971000058,3
50.87050006100003,13.949110914000073,3
51.30330916200006,13.305510194000021,3
50.97120728300007,14.277781040000036,3
51.38093225800003,14.241617929000029,2
51.17938243200007,14.417074327000023,3
51.09729945500004,14.508274910000068,3
51.43783201200006,14.254959150000047,3
51.39580576100008,12.437423336000052,2
51.41394056300004,12.29071900200006,2
51.26128460400008,12.284391043000028,2
51.366704896000044,12.461661641000035,3
51.32364023700006,12.365268228000048,3
51.31506436400008,12.360878655000022,3
51.32701367100003,12.281391104000022,3
51.33262896700006,12.350502273000075,3
51.33217172600007,12.347385259000077,2
51.33967352800005,12.395466698000064,3
51.19686457200004,12.417401394000024,3
51.37449072100003,12.735721462000072,3
51.14116464300008,12.652256586000021,3
51.466111444000035,12.675725055000044,3
50.57523904000004,12.329678771000033,3
50.55952013400008,12.276195947000076,3
50.39562504400004,12.333743544000072,3
50.80123304500006,12.719172717000049,3
50.456938990000026,12.084766166000065,3
50.73498006900007,12.39008003400005,3
50.70447113000006,12.493360652000035,3
50.82608713500008,12.895599073000028,2
50.84546155000004,12.930621321000046,3
50.64879254900006,12.956600578000064,3
51.17711284900008,13.030222625000022,3
50.67678704400004,13.466538527000068,3
50.65758269300005,13.325749794000046,3
50.605584813000064,13.460426722000022,3
51.01673915400005,13.84728171100005,2
51.07379870800003,13.724013058000025,3
51.05069045300007,13.808521421000023,3
51.05036155800008,13.738172503000044,3
51.03440756900005,13.814920354000037,3
51.03624887500007,13.76366971400006,3
51.05647995500004,13.740395076000027,3
51.01694904800007,13.83625763300006,3
51.050017946000025,13.712610263000045,3
51.072237321000046,13.669638963000068,3
51.05806216800005,13.72715335600003,3
50.973830202000045,13.631012636000037,3
50.96334909300003,13.636921271000062,2
50.995101745000056,13.64781978600007,3
51.18897608200007,13.542984494000052,3
51.12884396100003,13.682338449000042,2
51.104875667000044,13.62559655900003,3
50.951410804000034,13.863265725000076,3
50.889178634000075,14.00704412600004,3
50.96029894900005,13.905259146000049,3
50.852130971000065,13.943015229000025,3
51.27974016400003,13.277604298000028,3
50.92867490100008,14.248110402000066,2
51.19430140400004,14.452812731000051,1
51.08185055600006,14.42752809600006,2
51.09771306400006,14.048747425000045,3
51.08889922900005,14.104202803000021,3
51.15630378000003,14.811120570000071,3
51.050369845000034,14.953475968000078,3
51.20237427300003,14.941588384000056,3
51.41714596700007,14.228472366000062,3
51.43654459100003,14.094375210000067,3
51.20969910200006,14.002219549000074,3
50.90646145800008,14.814424649000046,3
50.99641130200007,14.77589548700007,2
51.36973326400005,12.355797730000063,2
51.47384630000005,12.604653793000068,2
51.148760379000066,12.287628828000038,2
51.32654276100004,12.356764646000045,2
51.27516184400008,12.400219267000068,3
51.324124623000046,12.41445940500006,3
51.30642342200008,12.25316074500006,3
51.331588863000036,12.37370697600005,3
51.33113395600003,12.373853045000033,3
51.148755547000064,12.287438076000058,3
51.38619418300004,12.802718594000055,3
50.58277244100003,12.44827048600007,3
50.554186498000035,12.275397291000047,3
50.86464255300007,12.919292917000064,3
51.06627251500004,13.774723694000045,3
51.038887861000035,13.75994971700004,3
51.03305232100007,13.59933981200004,3
51.065732783000044,14.19878120900006,3
51.06080376300008,13.873341149000055,3
51.048714260000054,13.773658493000028,3
51.056794102000026,13.727437388000055,3
51.025055732000055,13.798213755000063,3
51.05068850400005,13.734124375000022,3
51.04642594900008,13.748789368000075,3
50.98210233300006,13.621752325000045,3
51.11887282200007,13.76779491600007,3
51.05756692700004,13.741544574000045,3
51.05125877300003,13.715335949000064,3
51.06018485000004,13.727819078000039,3
51.07935507700006,13.712678664000066,3
50.948190674000045,13.691757772000074,3
50.92256586500008,13.70188915700004,2
51.33574726100005,13.761216582000031,2
51.12246658400005,13.576240751000057,3
50.97763723000003,13.928241221000064,3
50.94506611500003,13.863547248000032,3
50.85037872600003,14.056202729000063,2
51.38741478900005,13.445518489000051,3
50.92599900000005,14.165988520000042,3
51.19060124100008,14.451354507000076,3
51.220516786000076,14.777080160000025,3
51.164440755000044,14.979557659000022,3
51.35617897900005,14.166349298000057,2
51.46503120700004,14.346992645000057,3
51.10324658800005,13.977937396000073,2
51.27426640400006,14.09357344800003,3
51.04332156600003,14.515283234000037,3
51.35631699000004,12.376711431000047,3
51.30618004000007,12.396523826000077,3
51.30934847000003,12.30595223000006,3
51.22271522600005,12.711684492000074,2
51.32315788000005,12.378551645000073,3
51.361147851000055,12.483961719000035,3
51.33932483800004,12.380263237000065,2
51.27697197500004,12.392065368000033,3
51.34529059000005,12.392057488000034,3
51.13682793300006,12.506297736000022,3
51.37115608000005,12.744128838000051,3
51.384167019000074,12.757117201000028,3
51.531344096000055,12.34143223500007,3
51.47491619500005,12.34517485400005,3
51.565385054000046,12.967996415000073,3
50.55325964600007,12.383678628000041,3
50.823749047000035,12.547904034000055,3
50.87596165600007,12.606632343000058,3
50.48963716900005,12.131858844000021,3
50.41630309800007,12.173432106000064,3
50.49784560900008,12.169116207000059,3
50.702767934000065,13.164288772000077,2
50.826678564000076,12.928739748000055,2
50.91083360700003,13.337198363000027,3
50.91049277900004,13.32156370100006,3
50.69789328000007,13.007424849000074,2
51.11068515900007,13.775981650000062,3
51.03286689400005,13.75793451100003,3
51.06315036700005,13.756490646000032,3
50.99716078900008,13.649400721000063,3
51.140709841000046,13.458549265000045,3
51.11485654300003,13.653396164000071,3
50.88523256900004,13.901906900000029,3
51.20461068700007,14.949750165000069,3
51.180955303000076,14.437660894000032,2
51.149925996000036,14.997400996000067,3
51.44105818200006,14.091733588000068,3
51.48935185800008,14.18131661600006,3
51.54247251600003,14.72779035800005,3
51.105573959000026,14.673978642000066,3
51.31659146100003,12.317219545000057,3
51.46519509700005,12.21837847300003,2
51.323119459000054,12.307195750000062,3
51.11953607300006,12.484061844000053,3
51.26190658100006,12.969176291000053,3
50.72032628100004,12.471322987000065,3
50.51023434900003,12.127979185000072,3
51.34265756800005,12.362632014000042,3
50.632164671000055,13.210034765000046,2
50.702701657000034,12.77371266800003,3
51.04485181100006,13.70955667100003,2
51.01135357600003,13.766342907000023,2
51.01883644700007,13.780514293000067,3
51.29930105300008,13.30450667100007,3
51.19620621800004,14.453800880000074,3
51.28623640100005,14.111216996000053,2
51.07162654500007,14.71444686700005,3
50.83054658700007,14.741539537000051,2
51.130480513000066,12.803881987000068,3
51.40497826400008,12.235069127000031,3
51.36883679600004,12.43083096600003,3
51.27720653800003,12.362266069000043,3
51.27357070900007,12.416597683000077,3
51.338927022000064,12.362416425000049,3
51.56661870600004,12.541521266000075,2
50.80094782100008,12.713333973000033,3
50.55414716000007,12.134947096000076,2
50.49082180200003,12.12474850600006,3
50.63794192000006,13.052045041000042,2
50.88533980200003,12.773958662000041,3
50.90971658500007,13.319721320000042,3
50.86275996000006,13.333618512000044,2
50.91502660300006,13.344461398000021,3
50.75319729200004,13.063256787000057,3
50.65077500800004,13.151173644000039,3
50.98578799200004,12.970947120000062,3
51.03303707600003,12.911256088000073,2
50.71591252200005,12.783199125000067,3
51.03594693000008,13.785325458000045,2
51.107966185000066,13.626648308000028,3
51.08824131800003,13.703586244000064,3
51.06118081200003,13.777093534000073,3
51.01559771500007,13.814681953000047,3
50.99804451500006,13.813392638000039,3
51.04371677800003,13.700251121000065,3
51.09814461700006,13.675912636000021,3
50.97198272000003,14.098065821000034,2
51.20336854400006,14.758084889000031,2
51.15941434400003,14.027596129000074,3
51.15154115100006,14.148769100000038,3
51.15378141900004,14.987428230000035,3
51.298009559000036,14.832020348000071,3
51.28785185000004,14.82047870200006,3
51.29551877400007,14.080765301000042,3
51.119145907000075,13.921424376000061,3
51.33261782000005,12.382015086000024,3
51.34623006400005,12.443678435000038,3
51.33566441100004,12.386545419000072,3
51.33068324300007,12.380895506000059,3
51.41902687100003,12.26208728100005,2
51.37359921400008,12.411228420000043,3
51.35364640900008,12.374878324000065,3
51.30545020500006,12.264496552000026,2
51.31259880200008,12.308303709000029,3
51.342189630000064,12.36023744800002,3
51.34671841100004,12.378461868000045,3
50.85699981400006,12.76329378400004,3
50.72323530400007,12.49326088600003,2
50.880172525000035,12.754151395000065,3
50.49782702700003,12.162898897000048,3
50.418770779000056,12.174267125000028,3
50.71156528100005,12.395146087000057,3
50.81003409400006,12.964825923000035,3
50.813075628000036,12.931407084000057,3
50.799364257000036,12.798621894000064,3
50.680947409000055,12.983158824000043,3
50.62404286000003,12.737783615000069,3
51.07944201000004,12.988067573000023,3
50.66348953500005,12.997071740000024,3
51.07139899900005,13.758449082000027,2
51.032120504000034,13.849769109000022,3
51.02872175300007,13.582678050000027,2
51.029654254000036,13.783705765000036,3
51.05585951200004,13.75588936500003,3
51.055873348000034,13.755923281000037,3
51.04537501300007,13.775582104000023,3
51.05820123400008,13.79248786100004,3
51.02681884900005,13.745299332000059,2
51.046429998000065,13.706395667000038,3
50.994277013000044,13.714389113000038,3
50.95239999900008,13.66314879500004,3
51.11363676800005,13.935191849000034,3
51.17974556900003,14.447868824000068,3
51.15274916200008,14.130979481000054,3
51.11096587800006,13.899932601000046,3
51.179841914000065,14.015220256000077,3
51.512746754000034,14.63190678500007,3
51.40341412300006,14.786819477000051,3
51.33132208200004,12.358111941000061,3
51.202646421000054,12.427386960000035,2
51.32763248600003,12.335809680000068,3
51.32096515000006,12.367531703000054,3
51.32063380300008,12.383107903000052,3
51.27574283100006,12.377103146000024,3
51.311441417000026,12.307233371000052,3
51.33222225900005,12.344386349000047,3
51.33895533100008,12.362725802000057,3
51.08476458300004,12.658950574000073,2
51.03439000000003,12.53011973200006,3
51.31583810300003,13.078764198000044,3
51.51185784300003,12.99772161900006,2
51.55504721300008,12.988508050000064,3
51.56139775100007,13.004555935000042,2
50.79047925700007,12.740303665000056,3
50.84045771800004,12.76747653700005,3
50.66661310600006,13.163253673000042,2
51.10172281500007,12.94807602700007,2
50.85627882000006,12.916885937000075,3
50.80562291500007,12.87988118800007,3
50.55877661000005,12.734226146000026,2
50.91977155200004,13.300300595000067,2
50.88071232100003,12.781980376000035,1
51.03597474600008,13.731789521000053,2
51.03977266000004,13.758015042000068,2
51.04723256800003,13.740799113000037,3
51.03611481200005,13.631522916000051,1
51.048032840000076,13.704665465000062,2
50.97430921900008,13.632258125000021,3
51.32088894800006,13.743417589000046,3
50.91892287300004,14.07473116600005,3
51.15863751400008,14.191668654000068,3
51.196914753000044,14.658148267000058,3
51.08808249100008,14.450378045000036,3
51.15277088300007,14.950465827000073,3
51.145243203000064,14.969622051000044,3
51.43663808000008,14.240501247000054,3
51.42920536200006,14.275895289000061,3
51.400354554000046,14.580704279000031,3
51.31670713200003,12.413753820000068,3
51.335027396000044,12.410678759000064,3
51.36289644100003,12.363436766000063,3
51.372525831000075,12.38578300100005,3
51.34778743000004,12.546965349000061,3
51.346231610000075,12.444156792000058,3
51.31464191400005,12.31161890900006,3
51.31699979900003,12.330188470000053,3
51.33610250300006,12.369699565000076,3
51.331776355000045,12.369553422000024,3
51.33463006900007,12.354210027000022,3
50.282863270000064,12.236470044000043,3
50.59363125200008,12.337846261000038,3
50.85955484600004,12.773230701000045,3
50.58221993700005,11.99733754600004,3
50.62506784200008,12.921778704000076,1
50.84866944700008,12.918666322000036,2
50.81913143700007,12.826646922000066,3
50.82990281600007,12.910304274000055,3
51.034228477000056,13.722102665000023,3
51.05895273300007,13.780773325000041,3
51.026088799000036,13.767766393000045,3
50.95307432200008,13.870933466000054,3
51.06527300400006,13.860608290000073,3
50.99542553800006,13.803813708000064,3
51.070117304000064,13.725503102000062,3
51.04990502600003,13.516543472000023,3
51.289000169000076,13.543652635000058,3
51.12539950000007,13.577725073000067,3
50.87937711500007,13.910870217000024,2
51.19233355000006,14.34459195900007,3
51.17943117200008,14.415923451000026,3
51.11480890100006,14.173106013000051,2
51.168652260000044,14.97661196000007,3
51.14900348000003,14.99494425100005,3
51.19443307300003,14.75667080900007,3
51.38000858700008,14.066533081000046,3
50.89798228600006,14.811872266000023,3
51.319438657000035,12.429216747000055,3
51.27292002200005,12.383036727000047,3
51.364517223000064,12.365996472000063,2
51.25209834000003,12.799005871000077,1
51.34459091300005,12.389761596000028,3
51.244272169000055,12.859962938000024,2
51.375810028000046,12.379439293000075,3
51.32376207100003,12.416565028000036,3
51.320791445000054,12.371619375000023,3
51.348898965000046,12.300925934000077,3
51.344493389000036,12.371290721000037,3
51.323994955000046,12.400665845000049,3
51.27547697600005,12.504695396000045,3
51.13102917800006,12.79164376600005,3
51.521623755000064,12.327019781000047,3
51.58978252800006,12.463630633000037,3
51.61458650800006,12.58590790200003,3
51.56288037100006,13.000309578000042,3
51.55694869600006,12.99311476500003,3
50.670409016000065,12.498951661000035,3
50.82765547100007,12.389302151000038,3
50.79759899000004,12.701386677000073,3
50.695143690000066,12.430435704000047,3
50.767241725000076,12.812415275000035,3
50.79038949800008,12.904747460000067,2
50.868779274000076,12.885812921000024,2
50.83700700500003,12.960201836000067,3
50.58965865600004,13.013587992000055,3
50.61008636500003,12.65963518500007,3
50.50890497200004,12.71494221100005,3
50.59580792400004,12.648734554000043,3
50.74750178600004,13.070100293000053,3
51.04840659900003,13.793134529000042,2
51.24583458500007,13.769888266000066,2
51.02996616400003,13.73079597900005,3
51.05169781300003,13.74533406200004,3
51.06622810500005,13.745160045000034,3
51.02528770600003,13.757078678000028,3
51.02249261500003,13.740730881000047,3
51.082798110000056,13.651622380000049,3
50.94523688600003,13.756977087000053,3
51.28854484100003,13.499203004000037,3
51.167013947000044,13.473367534000033,3
51.02350255200008,14.238204131000032,2
50.97286998700008,14.271337581000068,3
51.09701445400003,14.480962022000028,3
51.09780131900004,13.987776734000022,3
51.33830788200004,12.384939581000026,2
51.33970991400008,12.326287726000032,2
51.35187620800008,12.47938451500005,3
51.38221845000004,12.493861984000034,3
51.38036536700008,12.495321710000042,3
51.359752495000066,12.290345126000034,3
51.302786522000076,12.22249193600004,3
51.35710505700007,12.31154293000003,3
51.34400565700008,12.379671814000062,3
51.329395420000026,12.363388061000023,3
51.26574853300008,12.499469055000077,3
51.13090353600006,12.790205339000067,3
51.52370797200007,12.338611589000038,3
51.46665148000005,12.657851975000028,3
50.584045237000055,11.996646640000051,2
50.61195545500004,12.30563083900006,3
50.823455884000055,12.529697342000077,3
50.81564780900004,12.609918469000036,3
50.62489198900005,12.201245286000074,3
50.58277244100003,12.44827048600007,3
50.98686039300003,12.975717694000025,1
50.82644924500005,12.960314207000067,3
50.83215812600008,12.901688475000071,3
50.448232423000036,13.008200485000032,2
50.59871235700007,12.611541730000056,2
51.072161090000066,13.023880030000043,3
50.96570815100006,13.298059887000022,3
50.805190597000035,13.323394996000047,3
50.83095037000004,13.298256695000077,3
50.78134318300005,13.118515305000074,2
50.87073662100005,13.009828275000075,3
51.11908832300003,13.789484971000036,3
51.038231834000044,13.808929220000039,3
51.04223287500008,13.707186045000071,3
50.89571598300006,13.808035951000022,3
50.88030377100006,14.658755467000049,1
51.15761202500005,14.984906056000057,2
51.17964367900004,14.425001159000033,3
51.14727368900003,14.89415456200004,3
50.88644101800003,14.807889985000031,3
51.10697784700005,14.651747224000076,3
51.364959286000044,12.36127977600006,3
51.50991402500006,12.311821662000057,2
51.36932824200005,12.376645637000024,3
51.35128469000006,12.407588346000068,3
51.28476606100003,12.394540641000049,3
51.29059715000005,12.33237624800006,3
51.30500438300004,12.327296345000036,3
51.334242680000045,12.372741432000055,3
51.09249201500006,12.67212181900004,2
51.642135343000064,12.880250568000065,3
50.47663785800006,12.367799526000056,3
50.86166365100007,12.76129813600005,3
50.49626101100006,12.132089037000071,3
50.74777731000006,13.33271011000005,3
50.77651357000008,13.120310131000053,3
50.89745584500008,13.006696032000036,3
50.923172211000065,12.856738332000077,3
50.71282833500004,12.728030913000055,3
51.00349870200006,13.82533771900006,2
51.050026571000046,13.712589797000021,3
51.28281484900003,13.679511504000061,2
51.16146372400004,13.477185861000066,2
51.023307027000044,13.751658425000073,3
51.08027563300004,13.739379304000067,3
51.03039021500007,13.608446908000076,3
51.140820347000044,13.573324992000039,2
51.266605018000064,13.849583608000046,3
51.38417931400005,14.071243158000073,3
50.95786669800003,14.652296352000064,3
50.93447423500004,14.668491919000076,3
51.295895044000076,12.385980908000022,3
51.32731501600006,13.01168842100003,2
51.38058109200006,12.48825838700003,2
51.310333419000074,12.452158391000069,3
51.31782851400004,12.36859333700005,3
51.11122976000007,12.510562280000045,3
51.32903508000004,12.609212100000036,3
51.528864103000046,12.347646766000025,3
50.543711184000074,12.057562322000024,2
50.29489814300007,12.262816738000026,2
50.817947539000045,12.651398726000025,2
50.75153956200006,12.570318886000052,3
50.93078656800003,12.700963846000036,3
50.83751716300003,12.931299942000066,2
50.73093005800007,12.845826178000038,2
50.990748815000075,12.692473508000035,2
50.84124942700004,12.908465708000051,3
50.82629415300005,12.929016238000031,2
50.82527707000003,12.92029373500003,3
50.822228030000076,12.93132557000007,3
50.584055754000076,12.695483713000044,3
50.61198262500005,12.725608133000037,2
50.845593861000054,13.083632024000053,3
51.06298329700007,13.751833851000072,3
51.04337196500006,13.69096939900004,3
51.05587305600005,13.755922566000038,3
51.05759516900008,13.746728810000036,3
51.03712204900006,13.73940383200005,3
51.01271380500003,13.789980453000055,3
51.28406755200007,13.535656115000052,3
51.14545788300006,14.974099595000041,3
51.18201284200006,13.815110832000073,3
51.14138817600008,14.026136766000036,2
51.509273147000044,14.491449204000048,3
50.89767028300008,14.814344496000047,3
51.338655654000036,12.390856993000057,3
51.26292370300007,12.38231137400004,3
51.31023120300006,12.396331232000023,3
51.549075652000056,12.323089507000077,2
51.352731203000076,12.40992622400006,3
51.359562768000046,12.412657219000039,3
51.29833284500006,12.388638575000073,3
51.31498173300008,12.381572658000039,3
51.31480923100003,12.377891849000036,3
51.34055846600006,12.366706693000026,3
51.34409522900006,12.373612708000053,3
51.33104274900006,12.380840026000044,3
51.09353106800006,12.44713364100005,3
51.14532285700005,12.799179801000037,2
51.33539285300003,12.607187515000021,3
51.36426833400003,12.725717829000075,3
51.46194429600007,12.641433755000037,3
51.50949971400007,13.15978136900003,3
50.62019687900005,12.28811669700002,3
50.77195467100006,12.433217713000033,2
50.22374519600004,12.321863002000043,2
50.83075542500006,12.518271553000034,3
50.880013347000045,12.48846786300004,3
50.48119899800008,12.167332524000074,2
50.73718289300007,12.367757880000056,3
50.91936612600006,12.98141657800005,3
50.91184160100005,12.988484399000072,3
50.86656110400003,12.804050394000058,3
50.823858417000054,12.905937296000047,3
50.72332563200007,12.743344880000052,3
51.04724119800005,13.751650984000037,3
51.12368245600004,13.584912254000074,3
51.015448381000056,13.74026308200007,2
51.073722401000055,13.690190922000056,3
51.05792163800004,13.29919588000007,3
51.042165296000064,13.736255167000024,3
51.02889343800007,13.770211393000068,3
51.10695945000003,13.734525898000072,3
51.04379374200005,13.724743282000077,3
51.030085565000036,13.729585283000063,3
51.07133523500005,13.699096901000075,3
51.04112919700003,13.703813742000023,3
51.23587803800007,13.555404331000034,3
51.13447014400003,13.50840415600004,3
51.10319661600005,13.664936279000074,3
50.92555308000004,13.984988767000061,3
51.167781313000035,14.426160822000043,3
51.17776063800005,14.428980789000036,2
51.443448302000036,14.134843946000046,3
51.45809462500006,14.096577684000067,3
50.97477619600005,14.604181210000036,3
50.96063751100007,14.651322942000036,2
51.18972808700005,13.004852323000023,2
51.362036369000066,12.399850421000053,3
51.30506433800008,12.39627121500007,2
51.318126273000075,12.402901954000072,3
51.239483145000065,12.21134636000005,2
51.41036452800006,12.39452115000006,3
51.363654946000054,12.395076539000058,3
51.36761951400007,12.385848158000044,3
51.31617455700007,12.26169840600005,3
51.332259804000046,12.34353399400004,3
51.34792035100003,12.313269994000052,3
51.33498622700006,12.366190677000077,3
51.34656134000005,12.389898980000055,3
51.33217833900005,12.394875131000049,3
51.08693765900006,12.379193336000071,3
51.12336841000007,12.484090435000041,3
51.14914476100006,12.63570392500003,3
51.130364834000034,12.804076978000069,3
51.55318302100005,12.540279694000048,2
51.56125617200007,13.001079459000039,3
50.813650394000035,12.663928829000042,2
50.50913774300005,12.411006343000054,3
51.175277384000026,14.009666590000052,3
50.54133247000004,12.622357640000075,2
50.92531745200006,13.393531604000032,3
50.86691214000007,12.861611871000036,2
50.825707918000035,12.979641628000024,3
50.82822478700007,12.920727469000042,3
50.792871536000064,12.924748616000045,3
50.816928191000045,12.834193912000046,2
50.81055336800006,12.781018380000035,3
50.636548265000044,12.994767386000035,3
50.56512530900005,12.733783091000078,2
50.68765567000003,13.329222357000049,3
51.05586999700006,13.755915068000036,3
51.11797664900007,13.723702223000032,2
50.99253786400004,13.765609615000074,3
51.05144725500003,13.757852050000054,2
51.03781884400007,13.803912462000028,3
51.06317499600004,13.756649906000064,3
51.01517116500003,13.833953249000047,3
51.08321476300006,13.650496714000042,3
51.050109372000065,13.534741721000046,3
50.96949248300007,13.865269093000052,3
51.270074271000055,14.096983951000027,2
51.26461416700005,13.894076249000022,3
51.00354003900003,14.74627904700003,2
51.32754068300005,12.327895119000061,3
51.457868243000064,12.621734202000027,2
51.342698401000064,12.381177340000022,2
51.339281398000026,12.399501389000022,3
51.28223490800008,12.364618237000059,3
51.29612055100006,12.450520710000035,3
51.320830285000056,12.373602142000038,3
51.277271290000044,12.298979124000027,3
51.34426154700003,12.38891962100007,3
51.34553886100008,12.405758539000033,3
51.33467190300007,12.398174853000057,3
51.04837155200005,12.608169017000023,3
51.19050704600005,12.594529167000076,3
50.41690065100005,12.228715575000024,1
50.887654689000044,12.674998338000023,2
50.70921826600005,12.377021532000072,2
50.860093160000076,12.923690153000052,3
50.54854225100007,13.046633905000022,3
51.00661263000006,13.129376887000035,3
51.12217186100003,13.109734575000061,3
51.15551408400006,13.037386149000042,3
51.12053074100004,13.121839322000028,3
50.89278259300005,13.33155554700005,3
50.62589049400003,13.178995017000034,3
50.65590449100006,13.209873309000045,3
50.71525179500003,12.681723533000024,3
51.09261044600004,13.699443217000066,3
51.05205673000006,13.757966139000075,3
51.01611583000005,13.81631718400007,3
51.01932299400005,13.743598243000065,3
51.03783812200004,13.729640146000065,3
51.093022887000075,13.701229064000074,3
50.88442684300003,13.611126072000047,2
51.13086416900006,13.58734574500005,3
51.104564571000026,13.689487564000046,3
51.16997775800007,14.14120992900007,3
51.11863573200003,14.031427482000026,3
51.15530847600007,14.976514752000071,3
51.27376861100004,14.10631724700005,2
51.31897479400004,12.59484225600005,3
51.37840166900003,12.490360149000026,3
51.34568957500005,12.473536183000022,3
51.38392821100007,12.45360779200007,3
51.40843425000003,12.476008076000028,3
51.31579285300006,12.36859124600005,3
51.33313371300005,12.404428162000045,3
51.34587470100007,12.266415219000066,3
51.29401529200004,12.31976806800003,3
51.331231537000065,12.333127336000075,3
51.336436605000074,12.371138950000045,3
51.34270587100008,12.410621327000058,3
51.33894174800008,12.381855593000068,3
51.21599716500003,12.385416186000043,3
51.24446642000004,12.420416083000077,3
51.50650227500006,12.283487929000046,3
51.52230878300003,12.99573151800007,3
51.50693671600004,12.80906238700004,3
50.801709935000076,12.728436643000066,3
50.640444536000075,12.822583014000031,2
50.75390471800006,12.80195625600004,2
50.89408332000005,12.945050198000047,2
50.79000626800007,12.837179136000032,3
50.844069938000075,12.929806175000067,3
51.064675855000075,13.74201352600005,3
51.03829448100004,13.775161838000031,3
51.144530503000055,13.764525721000041,3
51.05081070500006,13.776579667000021,3
51.05496380000005,13.761497954000049,3
51.06175846300005,13.752152747000025,3
51.076562042000035,13.718088048000027,3
51.087099726000076,13.63874534100006,3
51.30263621800003,13.285504030000027,3
51.309192963000044,13.249187087000053,3
51.31306601500006,13.289098680000052,3
51.15131332100003,14.970663064000064,3
51.14876230800007,14.987160319000054,3
51.14752370700006,14.030781482000066,2
51.35645361200005,14.694298058000072,3
51.09869780900004,14.668689537000034,3
51.530732158000035,12.335736675000021,2
51.489044146000026,12.601262530000042,2
51.40698960900005,12.382901968000056,3
51.27592922500003,12.377013818000023,3
51.28499701900006,12.394403080000075,3
51.347863475000054,12.262898522000057,3
51.33836734300007,12.38492595300005,3
51.33811122800006,12.406763006000062,3
51.21276273900003,12.34450354300003,2
51.176969479000036,12.692513621000046,3
51.55721392700008,12.990577169000062,3
51.55737834300004,13.009764532000077,3
50.59231966200008,12.403476456000021,2
50.72356978400006,12.434471186000053,3
50.54425102600004,12.047969322000029,3
50.33460860200006,12.251197152000032,3
50.63741254100006,12.443129312000053,3
50.71548041600005,12.598813693000068,3
50.82116629600006,13.020389098000066,2
50.99365850300006,12.701249111000038,3
51.001747038000076,13.174561875000052,3
50.78562619000007,12.958101401000022,3
51.12235720800004,13.120931325000072,2
50.82571297100003,13.41288030000004,3
50.885915984000064,13.007863108000038,3
51.09229305900004,13.70782250700006,2
51.06006047000005,13.462869502000046,3
51.05587314300004,13.755922781000038,3
51.03212319600004,13.83648574700004,3
51.091327926000076,13.701227346000053,3
51.15639865400004,13.474183277000066,3
51.16845257800003,14.440945603000046,2
51.37492617200007,14.791143112000043,1
51.10938314600003,13.904974202000062,3
51.33831369600006,12.385372876000076,2
51.32545089800004,12.423497670000074,3
51.33205571000008,12.362240877000033,3
51.33810875200004,12.474819483000033,3
51.32874687100008,12.33651195300007,3
51.34741871600005,12.391309212000067,3
51.33913409200005,12.393874159000063,3
51.15575072200005,12.833704375000025,3
50.685180668000044,12.48827201100005,3
50.48462673800003,12.366833522000036,3
50.54453210300005,12.03937121100006,3
51.34121008400007,12.353430751000076,3
50.86198718500003,13.170880212000043,3
50.897857345000034,12.954187017000038,3
50.821670046000065,12.945015573000035,3
50.85051025700005,12.892611830000021,3
50.825226358000066,12.925105310000049,3
50.88273368000006,12.782928981000055,3
50.90651542000006,14.001698888000021,1
51.04144451600007,13.735317485000053,3
51.05313182100008,13.741310139000063,3
51.046503837000046,13.772698606000063,3
51.033583417000045,13.78882688400006,3
51.04252979000006,13.688584141000035,3
50.97425223700003,13.690058283000042,3
51.284938659000034,14.211800819000075,2
50.89871133200006,14.792764258000034,3
51.358669451000026,12.427802093000025,3
51.34059662300007,12.353774955000063,3
51.30363910900007,12.374140390000036,3
51.35186312800005,12.30542067500005,3
51.33981498000003,12.371109079000064,3
51.163998406000076,12.389349450000054,2
51.517431471000066,12.479854312000043,2
51.53559525000003,12.318677715000035,3
50.75828514600005,12.535937502000024,3
50.72965045400008,12.374063804000059,3
50.827437048000036,12.944406712000045,2
50.84184706700006,12.90396949500007,3
50.58848336400007,12.614015994000056,3
50.908653396000034,13.33352366400004,3
50.66391341000008,13.334383488000071,3
51.16016833600003,13.680096639000055,3
51.02381182800008,13.79820776500003,3
51.05857796600003,13.72996065500007,2
51.05987027100008,13.682849493000049,3
51.288491416000056,13.501838516000078,3
50.83089447800006,13.951982275000034,2
51.141970713000035,14.44103898700007,3
51.16424176600003,14.972161501000073,3
51.19017187800006,14.461790989000065,3
51.167453515000034,14.980306382000038,3
50.898393604000034,14.793656419000058,3
51.40280122400003,12.204770181000072,3
51.35569947600004,12.37685732600005,3
51.38316081900007,12.515076865000026,3
51.30258319700005,12.450854683000045,3
51.34003443000006,12.379093959000045,3
51.34368928200007,12.376926466000043,3
51.15649098000006,12.280890163000038,2
51.42563492000005,12.29730075200007,3
51.372165909000046,12.474195003000034,3
51.37442900900004,12.482060025000067,3
51.45721859900004,12.614647381000054,3
51.55939905000008,12.988221439000029,3
50.38300710500005,12.488717275000056,2
50.49256776900006,12.143870221000043,3
50.83376736000008,12.92244960000005,3
50.93857690200008,13.05789715000003,2
50.90191529500004,13.338109360000033,1
50.90575030800005,12.962083078000035,2
50.83024999100007,12.922780810000063,3
50.84083132900008,12.927785979000078,3
50.84338601600007,12.907352704000061,3
50.82120332800008,12.885638664000055,2
50.828457867000054,12.911882336000076,3
50.60289351700004,12.644887261000065,3
50.908421685000064,13.336466382000026,2
50.96024046100007,13.947424496000053,3
51.07391073500003,13.739309416000026,3
51.043719370000076,13.703001193000034,3
51.042376199000046,13.787271171000043,3
51.06008996400004,13.777196686000025,3
51.050285175000056,13.737195217000021,3
51.03402745100004,13.712425868000025,3
51.05470697800007,13.720033397000066,3
51.000825133000035,13.646703630000047,3
50.932314536000035,13.687297844000057,3
51.27929802700004,13.623714241000073,3
50.979785400000026,13.860521710000057,3
51.20984343600003,14.613956994000034,3
51.21487445500003,14.589443154000037,3
51.140126731000066,14.441419279000058,3
51.223600126000065,14.90932321200006,3
51.372840136000036,14.067645192000043,3
51.12491420500004,13.931526169000051,3
51.111164115000065,14.671885245000055,3
51.29251490300004,12.455510642000036,2
51.31218976800005,12.363665992000051,3
51.344556795000074,12.376984825000022,3
51.33630180700004,12.366342978000034,3
51.34177520900005,12.638027184000066,3
51.29369961700007,13.066769235000038,3
50.49248076400005,12.142795872000022,3
50.690876166000066,12.496046006000029,2
50.58037944100005,12.865307561000066,2
50.59497320300005,12.643359178000026,3
50.545375146000026,12.836233789000062,3
51.09673347200004,13.18963459500003,3
51.07959176600008,13.000045525000075,3
51.05091657100007,13.185322401000064,3
50.88839669200007,12.79620181100006,3
51.04980961200005,13.774715234000041,3
51.08716676800003,13.637895980000053,2
51.01749369000004,13.844856423000067,3
51.040918145000035,13.734968025000057,3
51.08487477300008,13.705668126000035,3
51.08082604100008,13.724551801000075,3
51.03566652400008,13.785047492000047,3
51.034685101000036,13.78407177300005,3
51.05934363200004,13.736004669000067,3
51.01573736300003,13.764575183000034,3
51.05345486600004,13.657382742000038,3
51.03930706400007,13.691751294000028,3
51.006946507000066,13.645127881000064,3
50.901973603000044,13.669191804000036,3
50.990591290000054,13.66222139100006,3
51.166695884000035,13.495657269000048,3
51.158038798000064,13.573860426000067,3
51.44181813100005,14.27507719600004,2
51.09670485400005,14.323559015000058,2
51.23182175300008,14.419340728000066,3
51.27932978700005,14.818338915000027,3
51.15016000300005,14.98264320900006,3
51.11476240300004,13.92013535600006,3
50.90680712000005,14.767888197000048,3
51.29989043000006,12.399627189000057,3
51.51925229900007,12.679888997000035,2
51.31399031900003,12.451644024000075,2
51.36478181800004,12.402475871000036,3
51.30216124200007,12.94054742700007,2
51.381880383000066,12.392375188000074,3
51.35937758600005,12.379308697000056,3
51.31497141400007,12.381572438000035,3
51.28614005700007,12.429649446000042,3
51.34028413800007,12.33190286100006,3
51.334303506000026,12.39493876000006,3
51.194070115000045,12.428929556000071,3
50.36445456700005,12.22188409100005,3
50.47647152500008,11.958500052000034,3
50.81738764100004,12.38602866900004,2
50.70911945800003,12.465640391000022,3
50.84946839000003,13.400804321000066,2
50.855925651000064,12.896218043000033,1
51.10112122100003,12.977702865000026,3
50.847178333000045,12.931615729000043,3
51.00246571300005,12.878716944000075,3
50.85844116800007,13.134946680000041,2
50.82914630700003,13.089670805000026,3
50.931670462000056,12.804393634000064,3
51.03417116900005,13.759124238000027,3
51.31825120000008,13.314145404000044,2
51.026528737000035,13.731639407000046,2
51.03700689400006,13.73929578700006,3
51.05095526000008,13.729110437000031,3
51.056183987000054,13.765365642000063,3
51.01966643800006,13.728711734000058,3
51.07877997600008,13.715091937000068,3
51.25081917400007,13.658700743000054,2
50.95326119400005,13.94868903500003,3
50.96380674200003,13.926260358000036,3
51.29511841000004,13.390795165000043,3
51.222499620000065,13.29408126100003,2
51.14561531900006,14.955585471000063,3
51.14939350700007,14.952725326000063,3
51.10360185400003,13.934294785000077,3
51.18091332700004,14.012922584000023,3
51.53399040900007,14.535791864000032,3
51.06408737000004,14.566585350000025,2
51.35054046500005,12.464415435000035,3
51.313519635000034,12.456971983000074,2
51.32072173100005,12.373625782000033,3
51.35927585400003,12.366900475000023,3
51.365696667000066,12.435572325000066,3
51.38916440000003,12.429023912000048,3
51.33810035500005,12.474845962000074,3
51.285545099000046,12.365881630000047,3
51.312898088000054,12.395202612000048,3
51.29656019300006,12.454483444000061,3
51.34759795000008,12.406175672000074,3
51.55709176500005,13.00478672500003,2
51.55694867300008,12.993114781000031,3
50.75521203200003,12.640970089000064,3
50.70432296700005,12.532469363000075,2
50.813379774000055,12.529294389000029,3
50.475745105000044,12.033296642000039,3
50.69441324100006,12.48879131800004,3
50.46939146700004,12.805250706000038,2
50.677019330000064,12.978031420000036,2
50.98310920400007,13.074893187000043,3
50.56594682900004,12.731152188000067,3
50.91003738000006,13.345413570000062,3
51.064675589000046,13.742016466000052,3
51.132494852000036,13.474977509000041,2
51.10506970500006,13.76329703500005,3
51.129998681000075,13.74922863100005,2
51.14304514600008,13.761891546000072,3
51.04696104200008,13.765372326000033,3
51.05002854700007,13.755453744000022,2
51.06319746600008,13.745375343000035,3
51.06280201000004,13.748967229000073,2
51.00576552200005,13.788106815000049,3
51.037144355000066,13.602992207000057,3
51.042434083000046,13.683973280000032,2
51.30333491500005,13.705561387000046,3
51.167875535000064,13.49261122200005,3
51.13086416900006,13.58734574500005,3
50.960985754000035,13.933360970000024,3
50.98019712000007,13.85927743800005,3
50.91197402100005,14.165001712000048,3
51.30356194500007,13.37996449800005,2
51.20984056300006,14.613936009000042,3
51.42450347700003,14.227891957000054,3
51.03405243700007,14.715127607000056,2
50.97149135400008,14.702654843000062,3
51.12987661100004,14.675949143000025,3
51.299819323000065,12.32245146200006,3
51.338648043000035,12.332972847000065,3
51.345608010000035,12.404479808000076,3
51.34552954800006,12.405938509000066,3
51.318665431000056,12.375050896000062,3
51.320084492000035,12.42603851900003,3
51.31675763800007,12.371378149000066,3
51.34713088900003,12.43018415900002,3
51.044281580000074,12.513462440000069,2
51.369284450000066,12.49278683700004,3
51.54913174300003,12.238950129000045,3
51.53307161300006,12.32486218200006,3
51.53473650500007,13.003902562000064,3
50.33010191100004,12.254809391000038,3
50.604931512000064,12.54808601600007,3
50.723271907000026,12.368355359000077,2
50.49654310200003,12.397255550000068,3
50.77124270200005,12.704009979000034,2
50.49458277600007,12.137113476000025,3
50.809391782000034,12.39134744100005,3
50.78921051300006,12.506617362000043,2
50.721692078000046,12.487237507000032,3
50.876447520000056,13.20572695800007,2
50.82423768900003,12.986992713000063,3
50.737791790000074,12.746652125000026,2
50.85866875800008,12.885034638000036,3
50.81327384300005,12.810348121000061,2
50.553284277000046,12.785617266000031,2
51.15337269500003,13.121874939000065,3
51.00490669900006,12.786392865000039,3
50.68056665800003,12.926183209000044,3
51.060309646000064,13.45898261900004,3
51.04182942700004,13.766585622000036,3
51.03744276500004,13.762454603000037,3
51.07020870800005,13.774595350000027,2
51.03819762000006,13.701733310000066,3
50.78568971000004,13.708462286000042,3
50.89473171700007,13.668114588000037,3
50.85663903900007,13.755281443000058,2
51.10080150700003,13.656134067000039,2
51.122617898000044,13.477916337000067,2
50.95160993400003,13.94934286800003,3
51.304165014000034,13.367302154000072,2
51.20146876000007,14.772362755000074,3
51.42783045900006,12.32133764300005,2
51.38489803300007,12.319940488000043,3
51.35358884800007,12.396593825000025,3
51.36028533600006,12.385125469000059,3
51.333598832000064,12.421773907000045,3
51.34591371500005,12.38769383500005,3
51.33443211900004,12.359219769000049,3
51.332599791000064,12.38209402800004,3
51.120602664000046,12.572400925000068,3
51.44675263600004,12.67368530300007,3
51.31614283500005,12.578738508000072,3
50.85564774300008,12.754302004000067,3
50.83442813900007,12.905333013000075,3
50.70708165500008,12.956005513000036,3
51.00111519400008,12.86667033200007,3
51.04672895700003,13.735309125000072,3
51.05375276900003,13.736891498000034,3
51.10386035100004,13.870413006000035,3
50.984879711000076,13.935137399000041,3
50.98147358300008,13.926663035000047,3
51.034138890000065,14.40719339800006,3
51.17711420400008,14.96123728300006,3
51.40267696500007,14.241056792000052,3
50.898932340000044,14.793003987000077,3
51.34749335500004,12.406181701000037,3
51.59108514900004,12.587480017000075,2
51.24810668200007,12.387311964000048,2
51.37093026800005,12.471072536000065,3
51.311693062000074,12.380133285000056,3
51.31749317900005,12.418843561000074,3
51.34575374600007,12.401774233000026,3
50.99416822200004,12.566776631000039,3
51.50126293300008,12.339689346000057,3
51.47308847100004,12.370446107000078,2
51.376240980000034,12.390690860000063,3
50.60091900300006,12.29215873000004,2
50.558638760000065,12.382812073000025,3
50.81010408700007,12.866034150000075,3
50.74762121800006,13.496711921000042,3
51.04225610200007,13.05512789900007,3
50.845054394000044,13.08109868200006,3
50.725620520000064,12.702855354000064,3
51.06691959800003,13.739279508000038,2
51.03804320200004,13.808718879000025,2
51.03979344600003,13.770760274000054,3
51.06134639600003,13.79670734900003,3
51.08984714500008,13.723204513000042,3
50.968215385000065,13.932560249000062,3
51.46603086700003,14.210454519000052,2
51.19226966800005,14.218351619000032,3
51.225605072000064,14.058284489000073,3
51.33837972900005,12.404097329000024,3
51.333497986000054,12.352109430000041,3
51.320985162000056,12.367518909000069,3
51.318837416000065,12.368665844000077,3
51.39293827200004,12.845539212000062,2
51.37385883500008,12.434912822000058,3
51.36297980300003,12.365566224000077,3
51.37591486200006,12.369250152000063,3
51.33395259200006,12.392471083000032,3
51.328064081000036,12.373504999000033,3
51.34283437600004,12.405925814000057,3
51.14452229400007,12.293761330000052,3
51.146863548000056,12.292618313000048,3
51.12533842900007,12.50045614100003,3
51.27780002000003,12.642759957000067,2
51.531041275000064,12.340287913000054,3
50.71627306800008,12.382155889000046,3
50.53343392900007,12.250015447000067,3
50.62180377200008,12.307883018000041,3
50.86657328000007,12.804086632000065,3
50.852568215000076,12.75923001800004,3
50.51231328700004,12.123049181000056,3
50.72205304100004,12.487036468000042,3
50.857051572000046,12.873567381000043,3
50.58999937500005,12.712721354000053,2
50.56084956800004,12.831467135000025,2
51.10949574400007,12.954664996000076,2
50.77065215300007,13.29242438600005,3
50.657548932000054,13.34320918700007,3
50.85920429200007,13.066195293000021,3
50.871448548000046,13.048482101000047,3
51.07909951600004,12.907283160000077,3
51.074304408000046,13.698726305000037,2
50.95709242000004,13.753858104000074,2
51.05182751900003,13.732762411000067,3
51.05098191700006,13.73217067400003,3
51.05395836500003,13.73772561100003,3
51.041305169000054,13.800695189000066,3
51.08712822700005,13.763699839000026,3
51.01695015100006,13.761831348000044,3
51.08591862600008,13.683037117000026,3
51.04049169700005,13.645315743000026,3
50.93725603200005,13.784011199000076,3
50.968618614000036,13.934679724000034,2
51.504090173000066,14.476875083000039,3
51.17849257000006,14.328345409000065,3
51.17878088900005,14.447599871000023,3
51.047073014000034,14.446040445000051,3
51.37234731400008,14.067331361000072,3
51.107204712000055,13.912055057000032,3
51.10975526500005,14.62500514900006,3
50.89059201600003,14.811845488000074,3
51.09758029000005,14.663187649000065,3
50.94198221100004,14.812355135000075,3
51.31761879000004,12.271063540000057,2
51.37573329500003,12.329143134000049,3
51.31494764200005,12.374670580000043,3
51.32890335600007,12.346541678000051,2
51.332295368000075,12.341873833000022,3
51.35654113000004,12.362745930000074,3
51.37817078000006,12.489968265000073,3
51.34589969900003,12.439295590000029,3
51.33177420100003,12.381690504000062,3
51.098976211000036,12.434238391000065,3
51.20034250400005,12.416912405000062,3
51.23247176700005,12.818586645000039,3
50.798785956000074,12.75654798200003,1
50.438670742000056,12.195118523000076,1
50.63095624400006,12.466545505000056,3
50.744349603000046,12.485410093000041,2
50.850102366000044,12.893656565000072,3
50.82467088100003,12.941841357000044,3
50.867458862000035,12.960696556000073,3
50.86434809000008,12.953981957000053,3
50.83496592900008,12.91845221400007,2
50.83356562700004,12.870332992000044,3
50.83141911600006,12.896711955000058,3
51.08115967300006,12.99574836000005,3
50.905124657000044,13.346643060000076,3
50.90513165200008,13.346654733000037,3
50.91985956700006,13.350377170000058,3
50.73852945400006,12.74628172100006,3
51.034449884000026,13.704528271000072,3
51.01906379700006,13.722312585000054,3
51.05603575600003,13.534968496000033,2
50.89665923000007,13.890760300000068,3
51.111310341000035,13.177910874000077,3
51.05225017200007,13.728346091000049,3
51.047889671000064,13.801984364000077,3
51.05096085800005,13.729109435000055,3
51.04693192700006,13.736884733000068,3
50.996240681000074,13.859459857000047,3
51.04133341000005,13.296114203000059,3
51.13086416900006,13.58734574500005,3
51.099828125000045,13.678622119000067,3
50.89771454500004,14.813219161000063,1
51.29666045700003,14.82708470600005,3
51.45734508100003,14.245191000000034,2
51.27133393200006,14.101123562000055,3
51.50087997700007,14.63238984000003,3
51.55258945000003,14.708812540000054,3
51.09145302200005,14.674181438000062,3
51.53094013400005,12.690757750000046,3
51.39612769200005,12.180918124000073,3
50.83379496400005,12.403405905000056,1
51.000982229000044,13.207050597000034,3
50.87073334400003,12.95812606000004,3
50.58178488900006,13.014760731000024,3
51.14500109000005,13.089942456000074,2
51.145557507000035,13.110026147000042,3
50.715397788000075,13.536911498000052,3
50.83984169900003,13.399908979000031,3
50.931931975000055,13.347337388000028,2
50.70954615900007,13.42952845900004,2
50.65088375800008,13.060647679000056,3
51.031045118000065,12.83948218200004,2
51.181471059000046,13.603055018000077,3
51.15344997200003,13.132175420000067,3
51.12599981400007,13.83855113800007,3
51.06821978200003,13.761070008000047,3
51.13248103500007,13.860377964000065,3
51.02646989500005,13.720177490000026,3
51.021262412000056,13.840450462000035,3
51.00868916300004,13.862239729000066,3
51.040024059000075,13.659677456000054,3
51.05755931700003,13.709662840000021,3
51.057651676000035,13.741254484000024,3
50.98701097700007,13.66461638900006,3
51.297654187000035,13.49887502100006,3
51.09738894900005,13.673220146000062,3
51.16219745500007,13.479981300000077,3
50.95617051100004,13.935251306000055,3
50.96648705600006,13.922300516000064,3
50.96496193000007,13.956328429000052,3
51.301064359000065,13.383213366000064,2
51.230124224000065,13.316516324000077,3
51.054850438000074,14.412116465000054,1
51.41738328100007,14.173991784000066,3
51.437364165000076,14.187839089000022,3
51.19819358900003,14.131073306000076,2
51.15102408900003,14.021079689000032,3
51.23880636500007,14.036494495000056,2
51.550277538000046,14.715796669000042,2
51.506754252000064,14.675391191000074,2
51.50540388200005,14.639908055000035,3
51.01509637000004,14.580832979000036,3
51.011419567000075,14.797107054000037,3
50.92578030700008,14.703653101000043,3
51.017323298000065,12.597212383000056,2
51.34333652200007,12.530511095000065,2
51.39411701500006,12.390626601000065,3
51.31581143500006,12.41845793400006,2
51.00051872300003,12.582861035000064,2
51.04892712600008,12.636343364000027,3
51.22226557300007,12.459063557000036,3
51.22144079000003,12.714739491000046,2
51.17545291700003,12.796459750000054,3
51.18932938000006,12.592616941000074,2
51.37336333500008,12.704304077000074,2
51.460499896000044,12.473164514000075,3
51.529754970000056,12.996357767000063,3
51.44864279800004,13.114818376000073,3
50.573101405000045,12.37216445100006,2
50.68640804000006,12.59685913100003,3
50.53280698400005,12.405514605000064,3
50.85775245000008,12.77562647700006,2
51.32865698200004,12.310733164000055,3
50.83871017100006,12.900134181000055,3
50.78875149500004,12.917482858000028,3
50.91123408200008,13.325677743000028,3
50.90818807100004,13.045539087000066,3
50.91615293800004,12.823831866000035,2
50.942707065000036,12.676908517000072,3
51.032008173000065,13.730240499000047,2
50.99963828700004,13.831331950000049,3
51.04873144800007,13.773575342000072,3
51.025330531000066,13.757017896000036,3
51.061308788000076,13.546616652000068,3
51.06338386600004,13.74869493500006,3
51.05963066800007,13.742452112000024,3
51.02589913200006,13.761109493000049,3
50.85821961900007,13.805480000000045,3
51.12623812600003,13.572243581000066,3
51.107798047000074,13.572743884000033,3
50.919633496000074,14.069483349000052,3
50.96099206900004,14.245970434000071,2
51.144531838000034,13.764528503000065,3
51.10145591700007,14.037066612000046,3
51.30381391800006,14.428688471000044,2
51.10834006300007,14.390035871000066,2
51.48288354200008,14.144049178000046,3
51.35729198100006,14.319524924000063,3
51.50166418200007,14.136425533000022,3
51.16783088200003,13.818160939000052,3
51.07893395800005,14.489944593000075,3
51.32084984800008,12.36620404100006,3
51.375880076000044,12.378246760000025,3
51.29613990400003,12.45056498100007,3
51.346187145000044,12.407524613000021,3
51.05121349400008,12.69700460200005,2
51.35961129300006,12.606317076000039,3
51.529340019000074,12.59810940400007,3
51.29000814800003,13.123332271000038,2
51.295538761000046,13.101891465000051,3
51.40102723000007,13.129568918000075,3
51.61212442400006,13.016807590000042,3
50.69129559900006,12.712150630000053,3
50.72336658200004,12.496992702000057,3
50.363145116000055,12.469144140000026,2
50.855282998000064,12.742231892000063,3
50.67614282000005,12.515726508000057,3
50.72012269500004,12.478379458000063,3
51.10420232600006,13.238091906000022,2
50.46110007800007,12.524941041000034,3
50.83350738100006,12.92590334700003,3
50.84146039400008,12.939931977000072,3
50.88414652500006,12.987057162000042,3
50.772498754000026,12.915584185000057,3
50.70439744000004,12.939546274000065,3
50.591603546000044,12.699758215000031,3
50.57043528600008,12.77641464800007,2
50.97763402900006,13.116940563000071,3
50.983800331000054,12.992955852000023,2
50.898890093000034,13.03495500200006,2
51.07388406100006,13.690198587000054,3
51.09112831200008,13.701520318000064,2
51.04155391000006,13.804166573000032,3
51.05147092700008,13.718731455000068,3
51.051220630000046,13.658689007000078,3
51.10535180000005,13.669440532000067,3
51.25107550000007,13.36783372800005,3
51.383793893000075,14.24694032800005,3
51.06873584700003,14.781313638000029,3
51.37574753000007,12.418623530000048,3
51.24721422600004,12.36414258800005,3
51.30562839000004,12.372815015000072,3
51.35932867900004,12.43050660800003,3
51.27453434000006,12.396479773000067,3
51.32048630500003,12.38289766500003,3
51.29952082900007,12.790642275000039,3
51.14995533100006,12.656903493000073,3
50.38249427400007,12.483627740000031,3
50.622355060000075,12.288730421000025,2
50.801655253000035,12.705346202000044,3
50.844419179000056,12.480736254000021,3
50.821499595000034,12.943157967000047,3
50.649683811000045,12.967873216000044,2
50.62102268600006,12.727698127000053,3
50.91896430400004,13.349060931000054,3
51.05584927500007,13.755982541000037,2
51.05884595600003,13.34187688000003,2
51.05325490700005,13.724927447000027,3
51.304784323000035,14.331960479000031,2
51.16166053000006,13.927192406000074,3
51.263900342000056,13.932299815000022,2
50.98081852200005,14.87020364500006,2
51.562889761000065,13.020455893000076,3
51.20246496100003,12.427947302000064,3
51.31675586100005,12.373292658000025,3
51.34665904800005,12.316044833000035,3
51.41155936700005,12.80446678100003,3
51.254318237000064,12.72880791700004,3
51.52649778000006,12.33065080700004,3
51.43735165500004,12.58007526800003,2
50.86283852100007,12.455271998000057,2
50.45871868200004,12.02768704600004,3
50.49301418400006,12.147222451000061,3
50.83277744700007,12.990118734000077,3
51.00206433400007,13.171706242000027,3
50.82928141200006,12.915539653000053,3
50.82862310500008,12.939678037000022,2
50.58301620800006,13.004220150000037,3
50.64519282200007,12.72976423800003,3
50.92173110900006,13.348075627000071,2
50.91346328700007,13.341981955000051,3
50.63625605300007,13.216097424000054,3
51.30154145300003,13.53383137700007,3
51.078411705000065,13.715340869000045,3
51.07744469100004,13.75360076100003,3
51.02050233300008,13.80608256100004,3
51.06192423300007,13.854765732000033,3
51.06150946400004,13.734024413000043,3
51.02499868500007,13.73150399900004,3
51.02356363200005,13.742271075000076,3
50.926276451000035,13.505883934000053,3
51.26093176400008,13.545775739000021,3
50.96394062400003,13.936188197000035,3
50.80373023800007,13.818031684000061,2
50.91689082600004,14.147517850000042,2
50.921252209000045,14.010223471000074,3
51.38216350300007,13.425019129000077,3
51.18610349700003,14.441855861000022,3
51.14129403000004,14.178656032000049,3
51.54078801700007,14.725281231000054,2
51.084872474000065,14.661218950000034,3
51.09802466600007,14.643058369000073,3
51.00917719800003,14.575570675000051,3
51.34207575500005,12.478697106000027,2
51.33837040600008,12.404124209000031,2
51.34546361500003,12.405931467000073,2
51.323001513000065,12.37367370100003,3
51.40539858500006,12.247226471000033,3
51.28260909900007,12.365279033000036,3
51.32161753400004,12.451948078000044,3
51.32482133500008,12.344245098000044,3
51.33114685500004,12.286291663000043,3
51.32216815900006,12.340225144000044,3
51.35896602400004,12.37559163800006,3
51.06484032100008,12.66965159800003,3
51.150639125000055,12.452850234000039,3
51.12844540200007,12.496137989000033,3
51.19365925200003,12.313008573000047,3
51.28418163100008,12.591079209000043,3
50.282013144000075,12.27915263500006,1
50.82850089800007,12.430862687000058,3
50.521652137000046,12.375363855000046,3
50.75802353100005,12.622916831000055,3
50.81877589800007,12.570555441000067,2
50.84257543600006,12.445673095000075,3
51.33921420000007,12.395345036000037,3
50.831647659000055,12.922567435000076,3
50.79468953700007,12.890112802000033,2
50.58872037900005,13.012882017000038,3
50.85111638200004,13.07678321800006,2
50.90362487900006,13.332305814000051,3
51.03290356900004,13.757944114000054,3
51.039846226000066,13.733297398000047,3
51.03547335900004,13.594247371000051,2
51.15305026000004,13.486030062000054,3
51.05663584900003,13.777565680000066,2
51.04650313900004,13.772700300000054,3
51.046177740000076,13.728779367000072,3
51.053861778000055,13.787544741000033,3
51.01106497600006,13.820556149000026,2
51.072211726000035,13.768674211000075,3
51.07178593800006,13.732797721000054,3
51.10386126600008,13.866654322000045,3
51.07695874900003,13.718050886000071,3
51.08609669700007,13.64210713600005,3
50.749933154000075,13.71236719600006,3
51.12406630300006,13.477771436000069,2
51.02702373200003,14.212760069000069,2
51.197300822000045,14.214294385000073,3
51.170123542000056,14.958881056000052,3
51.17026241100007,14.958914340000035,3
51.43696537300008,14.345010341000034,2
51.30997731000008,12.381239067000024,2
51.35305422600004,12.421238209000023,2
51.33176704500005,12.405891479000047,3
51.141600346000075,12.506688616000076,2
51.31389318200007,12.53482862800007,3
51.37316720800004,12.33198647200004,3
51.32051525800006,12.376753204000067,3
51.321014852000076,12.404605424000067,3
51.33536947400006,12.358038230000034,3
51.20241747600005,12.384882107000067,3
51.46583606200005,12.65346902400006,3
51.55815221800003,13.004024937000054,3
50.72298199100004,12.386455270000056,2
50.52641125000008,12.405397961000062,3
50.718799226000044,12.459040381000023,3
50.55262892400003,12.763983559000053,3
50.82970646800004,12.92657502000003,3
50.87116908200005,12.874897691000058,3
50.81856576300004,12.839762885000027,3
50.83512965700004,12.870794664000073,2
51.045361170000035,13.775627224000061,3
51.02778824200004,14.213115790000074,2
51.04822560900004,13.810377372000062,3
51.06187080800004,13.565153001000056,2
51.03325280000007,13.77463459300003,3
51.05223220700003,13.734900855000035,3
51.05018291700003,13.776992909000057,3
51.05029727300007,13.673353555000062,3
51.027761448000035,14.204958970000064,3
51.06190271500003,14.184772247000069,2
51.16415338200005,14.42803307500003,3
51.290864803000034,14.11321285300005,3
51.28576255300004,14.09627914500004,3
51.31696917900007,12.373473759000035,3
51.356390212000065,12.435946413000067,3
51.34623907100007,12.444934656000044,3
51.332599791000064,12.38209402800004,3
51.34403085900004,12.394239140000025,3
51.40051168400004,12.180284893000021,3
51.39617262200005,12.221666174000063,3
51.31686276200003,12.368752377000021,3
51.314541302000066,12.302835902000027,2
51.355864376000056,12.376865357000042,3
51.33956869600007,12.379027244000042,3
51.34404052500008,12.430803337000043,3
51.34444548500005,12.37965355800003,3
51.27594662900003,12.588483062000023,3
50.83746174300006,12.532311741000058,2
50.48069498700005,12.38206013000007,3
50.50384746800006,12.137565105000022,3
50.85137728400008,12.944462079000061,3
50.91295943400007,13.343346605000022,2
50.514586132000034,12.94336187700003,3
51.24523208200003,13.608916802000067,1
51.06278978100005,13.739455983000028,2
51.06117205500004,13.797389629000065,3
51.09851350000008,13.676765098000033,3
51.07095214100008,13.728452384000036,2
51.04321231400007,13.737406732000068,3
51.04139066400006,13.788515404000066,3
51.03571710800003,13.777142498000046,3
51.01329877400008,13.873295804000065,3
51.05844273300005,13.70761056200007,3
51.03704855500007,13.762059491000059,3
51.03381344400003,13.73073841300004,3
51.02648811800003,13.755658809000067,3
51.090615789000026,13.705798024000046,2
51.06289659300006,13.713452009000036,3
51.06461043200005,13.726392260000068,3
51.02096228200003,13.597060421000037,3
51.11348285300005,13.616422256000021,3
51.19864602600006,13.772280311000031,3
51.144081045000064,13.55032658400006,3
50.93975083600003,13.92576718600003,3
51.18509705800005,13.782449598000028,3
51.096273274000055,14.308549564000032,3
51.178117232000034,14.454143359000057,3
51.14379000200006,14.924076494000076,2
51.10102253600007,14.568990906000067,3
51.31287604100004,12.395050165000043,3
51.343992419000074,12.380749682000044,3
51.367489962000036,12.397850335000044,3
51.320688363000045,12.376824465000027,2
51.124394679000034,12.504955538000047,3
51.52958217500003,12.332825608000064,3
50.489246930000036,12.164755968000065,2
50.71794310100006,12.483461215000034,3
50.98413963400003,12.986956500000076,3
50.83114587000006,12.935311213000034,2
50.769723044000045,12.814249289000031,3
50.94465460100008,13.064254271000038,2
50.884131068000045,12.987047304000043,3
50.64973541300003,12.97228177200003,3
50.57673093400007,12.811602906000076,3
50.53738709400005,12.992198064000036,3
50.75334705400007,13.042993334000073,2
50.93835619600003,13.065920733000041,3
50.99158350400006,12.866124806000073,3
50.73747999200003,12.746813923000047,3
51.08359029800005,13.693655001000025,3
51.00758364700005,13.79935862800005,2
51.08876419600006,13.712691688000064,3
51.054395475000035,13.604397394000046,3
51.022606748000044,13.810583113000064,3
51.00163906500006,13.793819851000023,3
51.076453783000034,13.719231637000064,3
51.03892134500006,13.586362733000044,3
50.83294300800003,13.681467961000067,3
51.014321669000026,13.479074405000063,2
50.98458164900006,13.755562171000065,3
51.166034257000035,13.558684601000039,3
51.303423001000056,13.302344517000051,3
51.296303943000055,13.307489315000055,2
51.07759680800007,14.431729364000034,3
51.12494951300005,14.180744607000065,2
51.15037520800007,14.961088119000067,3
50.89700744000004,14.81010073400006,3
51.06641562100003,14.79580235000003,3
51.08648543600003,14.665017181000053,3
51.33404213800003,12.392622936000066,3
51.32692624500004,12.400176568000063,2
51.297848369000064,13.104563761000065,3
51.37282842400003,12.325518981000073,3
51.317340914000056,12.373337809000077,3
51.335704132000046,12.330152306000059,3
51.34331579600007,12.365162769000051,3
51.34538473900005,12.408670111000049,3
51.34510776600007,12.413976732000037,3
51.36697295700003,12.74326727700003,3
51.59141500900006,12.581678952000061,3
50.72134220000004,12.471854575000066,3
50.57666316900003,12.226772534000077,2
50.49807772400004,12.137503933000062,3
50.73515571000007,12.373819199000025,3
50.72016489200007,12.48652992600006,3
50.64521990800006,12.729003180000063,2
50.93282707800006,13.302580858000056,2
50.56246397000007,12.730953449000026,3
50.59578013200007,12.709167624000031,3
50.77763564500003,13.093289936000076,2
50.90045664000007,13.011746800000026,3
50.70807098600005,12.73621587100007,3
51.04840079500008,13.731912269000077,3
51.02188932200005,13.811594153000044,2
51.04851722600006,13.733199111000033,3
50.82937181500006,13.686508588000038,3
51.29994455600007,13.534195794000027,3
51.10857608500004,13.615793147000034,3
50.949900066000055,13.941216925000049,3
51.154229471000065,13.991850638000074,3
50.896364713000025,14.792430875000036,3
50.89153771100007,14.79584662600007,3
50.982491450000055,14.660214654000072,2
51.343578077000075,12.366324361000068,3
51.374812090000034,12.356785119000051,3
51.54121108500004,12.267956008000056,1
51.35450684500006,12.495089755000038,2
51.39467534600004,12.394550302000027,3
51.31580775700007,12.304652545000067,3
51.33811690700003,12.384907615000031,2
50.802793362000045,12.738691059000075,3
50.51511344000005,12.153746579000028,2
50.724553728000046,12.373131006000051,3
50.605968474000065,12.71904178400007,2
50.90952209300008,12.978931861000035,3
50.86465862000006,13.011553523000032,3
50.82517656600004,12.89851963500007,3
50.531110934000026,12.703216256000076,3
51.14165919700008,13.118401082000048,2
50.728785078000044,12.76987443300004,2
51.01487883400006,13.501728158000049,2
51.33167584200004,13.718191889000025,3
51.19447891500005,14.756091788000049,3
51.43216171000006,14.275794975000053,3
51.039310973000056,14.530496381000034,3
51.29701642400005,12.385567180000066,3
51.27710020500007,12.387528081000028,3
51.238284736000026,12.709096657000032,3
51.47144653300006,12.808879242000046,2
50.68062543100007,12.58188182200007,3
50.719027647000075,12.484759193000059,3
50.814856055000064,13.132048230000066,2
50.84342740300008,12.80148912200002,2
50.813559250000026,12.93122422600004,3
50.80208230100004,12.901582854000026,3
50.825709360000076,12.827159703000063,3
50.56055162800004,13.080909776000055,3
50.94979284000004,13.295066303000056,2
50.96903884200003,13.33173107500005,3
50.77601106000003,13.09064535300007,3
50.92033913600005,13.046491077000042,3
50.87584766600003,13.053440822000027,2
51.016129326000055,13.05572277400006,2
51.06642216400007,13.772551130000068,2
50.95769384300007,13.941137200000071,3
51.025187618000075,13.761668658000076,3
50.96662956500006,13.524340219000067,2
50.76180613400004,13.776610057000028,2
51.29156008000007,13.525276252000026,3
50.88426601200007,13.859442087000048,3
50.98989361400004,13.93624363400005,3
51.223499702000026,14.89370027700005,2
51.15385499800004,14.975598407000064,3
51.11358870600003,13.956198005000033,3
50.865692884000055,14.649654190000035,3
51.284266452000054,12.358173129000022,3
51.416073605000065,12.39829364600007,3
51.17124122900003,12.375714458000061,3
50.46737772900008,12.149860513000021,3
50.638583365000045,13.371193873000038,2
50.838112213000045,12.845697776000065,3
50.836121192000064,12.892328164000048,3
50.82208987100006,12.936385635000022,3
50.83484235600008,12.917798994000066,3
50.57192846300006,12.772039533000054,2
51.159859048000044,12.93833081300005,3
50.908517990000064,13.351705786000025,3
50.91124693100005,12.80912705000003,3
51.15730917700006,13.468607632000044,2
51.04515504700004,13.795232932000033,2
51.04674496500007,13.791332988000022,3
51.03571812300004,13.777139899000076,3
51.033392442000036,13.782731011000067,3
51.02675780200008,13.760411016000035,3
51.08100631500008,13.71195322400007,3
51.06286739900003,13.723375218000058,3
50.976285061000056,13.614117618000023,3
51.127070651000054,13.580455208000046,3
50.97151023100008,13.86631527700007,3
50.91152766100004,13.945506912000042,3
51.31479059700007,13.263472451000041,2
51.17068732200005,13.902987375000066,3
51.097972576000075,14.503837636000071,3
51.178514792000044,14.329605874000038,3
51.09758064400006,14.27489067700003,3
51.179592385000035,14.406666269000027,3
51.132612143000074,14.185073895000073,3
51.21335168500008,14.475912711000035,2
51.452807578000034,14.098876507000057,3
51.50169871400004,14.417664075000062,3
51.335510502000034,12.407865754000056,3
51.40193735300005,12.459139538000045,3
51.38023726800003,12.319086664000054,3
51.30640743200007,12.463360177000027,3
51.27313353200003,12.383846961000074,3
51.34786656600005,12.26285985000004,3
51.351971407000065,12.451535329000023,3
51.206870801000036,12.385347964000061,3
51.12788326500004,12.506356327000049,2
51.53042794400005,12.33786589400006,3
50.313094930000034,12.335423771000023,3
50.71950296400007,12.376747410000064,3
50.81141467100008,12.509669866000024,3
50.81361720600006,12.863274618000048,3
50.85541756200007,12.877838507000035,3
50.797905978000074,12.86166860700007,3
50.585720569000046,12.703922946000034,2
51.09492947900003,12.976215253000078,3
50.869451036000044,13.176876741000058,3
50.73713877800003,13.063429576000033,2
50.64699871300007,12.82840703100004,3
51.05200414700005,13.761542613000074,3
51.13204128000007,13.313204187000053,2
51.081920085000036,13.641706544000044,2
51.037860153000054,13.745783978000077,3
51.04113946600006,13.754586177000022,3
51.019859653000026,13.812635843000066,3
51.01196667800008,13.874257241000066,3
51.06376919000007,13.74676051800003,3
51.09177929400005,13.653457335000041,2
51.24041959700003,13.749907867000047,3
50.93699832500005,13.891081653000072,3
50.98227180500004,13.962250006000033,3
51.44213833600003,14.26373916800003,2
51.17692078400006,14.425533893000022,3
51.09535428600003,14.330705390000048,3
51.17035008700003,14.433434294000051,3
51.174776036000026,14.140177169000026,2
51.192236104000074,14.439596652000034,2
51.43400667700007,14.247701513000038,3
51.37014766000004,14.061920988000054,3
51.28414375800003,14.225137717000052,2
51.339764632000026,12.402142128000037,3
51.39830322200004,12.275106478000055,3
51.367076188000055,12.375879398000052,3
51.36678029700005,12.385681397000042,3
51.30132348200004,12.442990081000062,3
51.34893442900005,12.52583480100003,3
51.30118750400004,12.39615974000003,3
51.31454094600008,12.394141808000029,3
51.313639144000035,12.327244718000031,3
51.321682202000034,12.335511661000055,3
51.34321770000008,12.395984955000074,3
51.34007922500007,12.408240817000035,3
51.12374830700003,12.495335999000076,3
51.25079700300006,12.727826965000077,2
51.49852354300003,12.363786056000038,2
50.62513408500007,12.303001061000032,3
50.81758103400006,12.553970312000047,2
50.80649990100005,12.693539613000041,3
50.50368698700004,12.137288906000038,3
50.81324754600007,12.897349000000077,3
50.914997467000035,12.902473181000062,2
50.80848592700005,12.860795264000046,2
50.813735816000076,12.93093809800007,3
50.84242864500004,12.897207397000045,3
50.876208751000036,12.826383965000048,3
50.556784367000034,12.950262429000077,3
50.54720974700007,12.781030486000077,3
51.04395613600008,13.115656141000045,3
50.91991925100007,13.016301071000044,3
51.010213822000026,13.785064369000054,3
51.20706208400003,13.672095101000025,2
51.04621200200006,13.755116453000028,3
51.01934668700005,13.639467098000068,3
51.035812656000076,13.754157559000078,3
51.03035259500007,13.782034120000048,3
51.05560582800007,13.801975127000048,2
51.03543378000006,13.830053986000053,2
51.06983000500003,13.737989843000037,3
51.05702530900004,13.72603841700004,3
51.06362276400006,13.759443350000026,3
51.11119830700005,13.730353526000044,3
51.07398794800008,13.739053870000077,3
51.06283507300003,13.745225429000072,3
50.98935165000006,13.811796849000075,3
51.067477677000056,13.776414802000033,3
51.08888760900004,13.730577374000063,3
51.05511989100006,13.68280446600005,3
50.739132045000076,13.64605894500005,3
50.933328680000045,13.551095584000052,3
51.29020591500006,13.535815452000065,2
51.16179571300006,13.476931441000033,3
51.153574038000045,13.688303612000027,3
51.29865428800008,13.666893333000075,3
51.16763757000007,14.415041902000041,2
51.21542411200005,14.412150067000027,3
51.16074999700004,14.978471844000069,2
51.34765790300003,14.12333080600007,3
51.106665312000075,13.916288224000027,3
51.12809705300003,13.971282304000056,3
51.04975786700004,14.839616221000028,2
51.05805948100004,14.695918147000043,3
50.91296796200004,14.846144908000042,3
51.39650746900003,12.338495228000056,3
51.25536249100003,12.730149549000032,3
51.45302432700004,12.42967128500004,2
51.35208603500007,12.40892548000005,3
51.30732683800005,12.228416082000024,3
51.34574548900008,12.386790978000022,3
51.31854040700006,12.341737717000058,3
51.52553980400006,12.338163371000064,3
50.52407904900008,12.239126936000048,3
50.58145565800004,12.304509134000057,3
50.79268956800007,12.74624437600005,3
50.75411632700008,12.37377112300004,3
50.75670643400008,12.330100455000036,3
50.75327288300008,12.412113927000064,2
50.727755581000054,12.388141426000061,3
50.70623966000005,12.494265192000057,3
50.810691459000054,12.869817107000074,3
50.500833585000066,12.648803736000048,3
50.589786408000066,12.703942002000076,2
50.436839217000056,12.706178395000052,2
50.85192107800003,12.887543632000074,3
50.86159220800005,13.165646325000068,3
50.90220652800008,13.233791200000041,2
50.655355222000026,13.182368352000026,3
50.96141539200005,12.967998817000023,3
50.636991124000076,12.854491805000066,2
51.050391019000074,13.79392630600006,3
51.05098594200007,13.66199236500006,3
50.910669823000035,14.184429092000073,2
51.066795798000044,13.752209384000025,3
51.04334435200008,13.728139099000032,3
51.049746964000065,13.757162549000043,3
51.055905719000066,13.755998066000075,3
51.083646851000026,13.873316398000043,3
51.06066374800008,13.774593578000065,3
51.027375662000054,13.768789080000033,2
51.04032646200005,13.704334223000046,2
51.040483839000046,13.663277419000053,3
50.992792578000035,13.646895369000049,3
51.06810745900003,13.322264509000036,3
50.967898554000044,13.706763783000042,3
51.288720839000064,13.506141644000024,2
51.12368949800003,13.579398623000031,3
51.26339013900008,13.397402257000067,3
51.17770094000008,13.496077916000047,3
51.301514945000065,13.29848602100003,3
51.30328971300003,13.305562131000045,3
50.97063714800004,14.27194150400004,2
51.15887031800003,14.52384690100007,3
51.18767010500005,14.438812765000023,3
51.157513847000075,14.408660403000056,3
51.17998185600004,14.445513537000068,3
51.183950682000045,14.435236825000061,2
51.114806474000034,14.173130484000069,3
51.14616777900005,14.961105903000032,2
51.50110981300003,14.160652088000063,3
51.10386126600008,13.866654322000045,3
51.185456240000065,14.015038666000066,3
51.091309239000054,14.006500987000038,3
50.90110504200004,14.801204298000073,3
50.89690734900006,14.80578041800004,3
51.34444247600004,12.364187635000064,3
51.31445591100004,12.373435402000041,3
51.33844750600008,12.40390192500007,2
51.322743682000066,12.487910961000068,3
51.41939564300003,12.259322907000069,3
51.401943939000034,12.459057320000056,3
51.36126019100004,12.370552406000058,3
51.28186509000005,12.357276752000075,3
51.32997334200007,12.355106316000047,2
51.34666923200007,12.417099045000043,3
51.33869325300003,12.371655368000063,3
51.33345889700007,12.35203853400003,3
51.350937223000074,12.703630046000058,3
51.56177190900007,12.513945926000076,3
51.299744986000064,13.094202912000071,3
51.55327875900008,12.965766038000027,3
51.547394085000064,12.996319171000039,3
50.829855861000055,12.536897517000057,3
50.32536384200006,12.349571144000038,2
50.49636548900003,12.420282948000022,3
50.78645257100004,12.723857124000062,2
50.860605226000075,12.753316987000062,3
50.52940752200004,12.177996216000054,2
50.68166723100006,12.440673203000074,3
50.81423222300003,12.389880557000026,3
50.82344032800006,13.326921712000058,1
50.82201653000004,12.960339478000037,3
50.85295899500005,12.884321494000062,2
50.818673845000035,12.922265006000032,3
50.75463937000006,13.042762979000031,3
50.491831578000074,13.022205031000055,3
50.91356467300005,13.353110125000057,3
50.913396928000054,13.039787277000073,3
50.705805663000035,12.77133309800007,3
50.71092280200003,12.664337704000047,3
51.091919989000075,13.765398503000029,2
51.047038678000035,13.738447869000026,2
51.05315081400005,13.748754501000064,2
51.05266488400008,13.777532419000067,2
51.07138184100006,13.750695773000075,3
51.13952818400003,13.792780424000057,3
50.995166201000075,13.637098503000061,3
50.813315197000065,13.786937735000038,3
50.84789316300004,13.782085873000028,3
51.00005870600006,13.64786029000004,3
50.937746848000074,13.647648634000063,2
51.15938894000004,13.493755183000076,3
50.92154617800003,14.045898012000066,3
50.928394913000034,14.01603487400007,2
50.96101178400005,13.938482468000075,3
50.98717816900006,14.019956623000041,3
51.31825122500004,13.314143009000077,3
51.051623551000034,14.074124378000022,2
51.179190635000054,14.433319549000032,3
51.167136749000065,14.42648170700005,3
51.19165014600003,14.454790711000044,3
51.151143466000065,14.978800182000043,3
51.01840897900007,14.930188509000061,3
51.381364474000065,12.499398590000055,3
51.43958761300007,12.607908502000043,2
51.25897214400004,12.467784232000042,3
51.53950582700003,12.347440583000036,3
51.29677743500008,13.105770035000035,3
50.62680632800004,12.571610375000034,2
50.54427239800003,12.30395343500004,3
50.62270976000008,12.306738618000054,3
50.89619284400004,12.633220016000053,3
50.49785798900007,12.167015658000025,2
50.835143284000026,12.923851170000034,3
50.909368209000036,13.454770629000052,2
50.82537365100006,12.920672900000056,3
50.72313476700003,13.260467854000069,3
50.936834429000044,13.162756767000076,2
50.90632750600008,12.805235150000044,3
50.72714131500004,12.76677128600005,3
51.13244977800008,13.70478371400003,3
51.15074487600003,13.680898125000056,3
51.02892390200003,13.770119194000074,3
51.063175966000074,13.692280531000051,3
51.05228317000007,13.755028515000049,3
51.054315132000056,13.75900634800007,3
51.05769311500006,13.749411915000053,3
51.06092905700007,13.884814297000048,3
51.01360197400004,13.690193839000074,3
51.03664403300007,13.704987265000057,3
50.95146459800003,13.935482611000054,3
51.190660818000026,14.451363281000056,3
51.22294107700003,14.502987616000041,3
51.12657560300005,14.178907501000026,3
51.26832034700004,13.955528138000034,3
50.864911833000065,14.735146029000077,3
51.37850171600007,12.323537488000056,3
51.14669887800005,12.401010732000032,3
50.50678396700005,12.147894876000066,3
50.49888721800005,12.149261979000073,3
50.43800122500005,12.655713552000066,1
51.05681427900004,13.227376345000039,2
50.87604540500007,12.91370693400006,3
50.823168260000045,12.937627769000073,3
50.83340842300004,12.910479108000061,3
50.62580504700003,12.933324974000072,3
50.56131258000005,12.803079394000065,3
50.84454005600003,13.449778833000039,3
50.910825457000044,13.350100611000073,3
50.913428819000046,13.376299581000069,3
50.65223875100003,13.43604440300004,3
50.96531078600003,13.12936327500006,1
51.04004554100004,13.770996022000077,1
51.06462323300008,13.759348174000024,3
51.04478704500008,13.72503101500007,2
51.06031623400003,13.771365743000047,3
51.052431600000034,13.735164479000048,2
51.091875610000045,13.739362007000068,3
51.06277125400004,13.755462132000048,3
51.043347776000076,13.696635446000073,3
51.04329209100007,13.69610867800003,3
51.00028099300005,13.57243890500007,3
50.95682535600008,13.932884178000052,2
51.306345960000044,13.302488501000028,2
51.304623082000035,13.299962039000036,3
51.17477073500004,14.140178240000068,2
51.123054111000044,14.183094568000058,3
51.13257561100005,14.875970667000047,3
51.17924562500008,13.825485473000072,3
51.12020899800007,13.92252505700003,3
51.005058070000075,14.604089088000023,3
50.98922726100005,14.895251697000049,3
51.38303930200004,12.448385513000062,3
51.61600257600003,12.62733933800007,3
51.33857511600007,12.38198755600007,3
51.32510608900003,12.298123015000044,2
51.29352632800004,12.530587173000072,3
51.37755258100003,12.350639929000067,3
51.333498803000055,12.362777288000075,3
51.12611982700008,12.498418767000032,3
51.35975051600008,12.612145808000037,3
50.726215540000055,12.493730967000033,2
50.47564259200004,11.994736462000049,2
50.75640793400004,12.631014056000026,3
50.73225245500004,12.37980235200007,3
50.726447792000045,12.493649952000055,3
50.714530489000026,12.457782620000046,3
50.54137340900007,13.126250930000026,2
50.81286477100008,12.912681282000051,3
50.56034681800003,12.954206569000064,3
51.07381054900003,13.024816817000044,3
50.91003652200004,13.345412975000045,3
50.89854732800006,13.335536539000032,3
50.92345319700007,13.361359583000024,2
50.908677941000064,13.02652450100004,2
50.842211372000065,13.122796168000036,3
50.968619121000074,12.765509334000058,2
51.02263463000003,13.81053274900006,2
51.01840752700008,13.744651414000032,3
51.028385265000054,13.75916380600006,3
51.08293647800008,13.72673151400005,3
51.06126709600005,13.545184939000023,2
51.02889760900007,13.828451263000034,3
51.05028728500008,13.73903398300007,3
51.03521151900003,13.784603246000074,2
51.060090184000046,13.777196667000055,3
51.056963360000054,13.725948609000056,3
51.109085167000046,13.732976015000077,3
51.06298153000006,13.751867485000048,3
51.07196470500003,13.747180510000021,3
51.068732588000046,13.730854150000027,3
51.04069255600007,13.76570179600003,3
51.035250458000064,13.722429238000075,3
51.07811925500005,13.690678091000052,3
51.070765978000054,13.635782849000066,3
51.063410340000075,13.732725162000065,3
51.05004650700005,13.44850113900003,3
51.009211493000066,13.667456736000076,3
51.102960179000036,13.631941771000072,3
51.30177544000003,13.253322284000035,3
51.32360070100003,13.277803455000026,3
51.023719534000065,14.183568578000063,2
50.93980862300003,14.13085011100003,3
51.17743996200005,14.139745057000027,2
51.078824473000054,14.333569298000043,3
51.18137292000006,14.434386215000075,3
51.18541210700005,14.656417041000054,3
50.983389067000076,14.61261965400007,3
51.321476509000036,12.29186089700005,3
51.414109859000064,12.545573397000055,2
51.37523859800007,12.35915901800007,2
51.31397257800006,12.451642377000042,3
51.362687366000046,12.529230747000042,3
51.34570480700006,12.26785411700007,3
51.32559951200005,12.393111289000046,3
51.32598978000004,12.40743212600006,3
51.33232773700007,12.395046066000077,2
51.34417908900008,12.369359167000027,3
51.12035395300006,12.485826484000029,3
51.37889829200003,12.744573821000074,3
51.64236495000006,12.880030889000068,3
51.55661012500008,12.999806589000059,3
50.72195203800004,12.470123004000072,3
50.72666893000007,12.489588656000024,3
50.49201093000005,12.154704228000071,3
50.344762185000036,12.080213448000052,3
50.67613090800006,12.515792766000061,3
50.810440183000026,12.868443314000046,3
51.08115967300006,12.99574836000005,2
50.93858755400004,12.974847829000055,2
50.83749530800003,12.883999453000058,2
51.08108678200006,12.541304077000063,2
51.07925299500005,12.54536335900002,2
50.83532857100005,12.954598060000023,3
50.86240352000004,12.951668454000071,3
50.78510842500003,12.961768438000036,3
50.60150343400005,12.69054174200005,3
51.11930434700008,13.123823195000057,3
51.01050418900007,13.011767213000041,3
50.98631482400003,12.951438560000042,2
50.91603130500005,12.803655277000075,2
50.63663603100008,12.805687616000057,3
51.06576793000005,13.773701279000022,3
50.92301758800005,13.798917750000044,2
51.27351219600007,13.220455345000062,2
50.98409329700007,13.833899520000045,3
51.07066002300007,13.753057581000064,2
51.02728134400007,13.800402701000053,3
51.03857357900006,13.740232825000021,3
51.11459950900007,13.772395681000035,3
51.02728910800005,13.731469890000028,3
51.294876567000074,13.73521497400003,3
51.14646501500005,13.459586588000036,3
51.09771825000007,13.691745900000058,3
50.95647324400005,13.907457929000032,2
51.179264516000046,14.42362700800004,3
51.198846366000055,14.461177406000047,3
51.24421286900008,14.88886395700007,3
51.25011353800005,15.01285903300004,3
51.146617984000045,14.990578818000074,3
51.14767174200006,14.940630780000049,3
51.160508727000035,13.97747729300005,3
50.89913897400004,14.78556311400007,3
51.16958324800004,12.57454315700005,2
51.37115721500004,12.363715674000048,2
51.32044233700003,12.347347401000036,2
51.36061949900005,12.442335368000045,3
51.38063369300005,12.32631883700003,3
51.332338641000035,12.460216046000028,3
51.304691938000076,12.424822986000038,3
51.307921650000026,12.268287336000071,3
51.32712092100007,12.403219415000024,2
51.35294801100008,12.386456881000072,3
51.34365384500006,12.40257089000005,3
51.241759855000055,12.73756262300003,3
51.38440580300005,12.275079313000049,3
50.60955530700005,12.331092691000038,2
50.71536449900003,12.483565676000069,3
50.56169704900003,12.356043629000055,3
50.783115569000074,12.632258087000025,2
51.153747345000056,12.932647785000029,1
50.80330296500006,12.882118649000063,2
50.83980353900006,12.938745875000052,3
50.80722654500005,12.877399436000076,3
50.80775698900004,12.923713630000066,3
50.83340597500006,12.910761637000064,3
50.83572336700007,12.90712994300003,3
50.55587696200007,12.755504242000029,3
50.49858646000007,12.64941569900003,3
50.66036982600008,13.323914252000066,3
51.07469128000008,13.722814141000072,3
51.076637507000044,13.755531184000063,3
51.037875264000036,13.74231377600006,3
51.171509652000054,13.812048498000024,3
51.17197525100005,13.814767758000073,3
51.02849617600003,13.786440234000054,3
51.066373775000045,13.767128049000064,3
51.01186684600003,13.780242608000037,3
51.04042838100003,13.803000581000049,3
50.99828512500005,13.819568661000062,3
51.00911884300007,13.860828319000063,3
51.06170186300005,13.680846539000072,3
51.07977885400004,13.731886129000031,3
51.08969026400007,13.694134413000029,3
51.07912221400005,13.71026822500005,2
51.03939881400004,13.544115184000077,2
51.28807449000004,13.503566829000022,3
51.16583147400007,13.48905256300003,3
51.13913760100007,13.654084558000022,3
50.895582105000074,14.223108517000071,3
50.90750208600008,13.86864986200004,3
51.035398232000034,13.99190668600005,2
50.95218847900003,14.649760886000024,2
51.28386857500004,14.743450235000068,3
51.188584924000054,14.375214798000059,3
51.18018883800005,14.430212532000041,3
51.51865713800004,14.178648915000053,3
51.53656527900006,14.726723801000048,2
51.15938680900007,14.693031849000022,3
50.89914836100007,14.783536401000049,3
51.11316516900007,14.713625038000032,3
51.34400285000004,12.383712560000049,3
51.31466523600005,12.368444487000033,3
51.09796141900006,12.524014861000069,2
51.54797625000003,12.63213913100003,3
51.42584403400008,12.568872209000062,2
51.32474384900007,12.25453920700005,3
51.379432629000064,12.323781548000056,3
51.323329940000065,12.369077654000023,3
51.30798512500007,12.384903317000067,2
51.31724816800005,12.434401691000062,3
51.28379149300008,12.185007545000076,3
51.32444798800003,12.369986691000065,3
51.35094726600005,12.35522816100007,3
51.331738890000054,12.381592786000056,3
51.34558078400005,12.404974636000077,3
51.239821395000035,12.845471591000035,2
50.69429766400003,12.675264199000026,3
50.436671266000076,12.091783988000032,3
50.45324561900003,12.364644782000028,3
50.84966443500008,12.727926876000026,2
50.48927504100004,12.09780287600006,3
50.41977283400007,12.179768757000033,3
50.31610491400005,12.258229738000068,2
50.81234735400005,12.473429735000025,3
50.71727879000008,12.485544441000059,3
50.63291196600005,12.706065605000049,2
50.56167229400006,13.140645853000024,2
50.82320675200003,12.942424149000033,3
50.86192463100008,12.866595704000076,3
50.822495497000034,12.907225076000032,3
51.07583208400007,13.00854457500003,3
50.91285886700007,13.350768212000048,3
50.660743522000075,13.095363773000031,3
51.050774758000045,13.729143401000044,3
51.069966101000034,13.775480059000074,2
51.096670301000074,13.357635640000069,3
51.05313780300003,13.780236795000064,3
51.11730253300004,13.711324102000049,2
51.01207216000006,13.803023651000046,3
51.04434299700006,13.693773882000073,3
51.04308978000006,13.694261833000041,3
51.07760912100008,13.716512093000063,3
51.06158229700003,13.71094088600006,3
51.033777530000066,13.58595286800005,2
51.156212390000064,13.50737728200005,2
50.95844941900003,13.831900750000045,3
51.27353371400005,13.411849138000036,3
51.32186973600005,13.302174639000043,3
51.15362778600007,14.978094545000033,2
51.16927441400003,14.978822338000043,2
51.26497531500007,14.901020226000071,3
51.11814213300005,14.941630763000035,2
51.48500382600008,14.38398382500003,3
51.27582078100005,14.108619212000065,3
50.89077368300008,14.798189664000063,3
51.34742099500005,12.391328546000068,3
51.31815322700004,12.247296495000057,3
51.44608771600008,12.673414984000033,2
51.347354196000026,12.446625029000074,2
51.39795166600004,12.227371625000046,2
51.32447976700007,12.36970990900005,3
51.35176609400003,12.305600222000066,3
51.309299983000074,12.326293233000058,2
51.218809219000036,12.327811092000047,3
51.21900185900006,12.70929945100005,3
50.388558732000035,12.363926501000037,3
50.556338649000054,12.432175692000044,3
50.54258809800007,12.38024841400005,3
50.860636456000066,12.753216524000038,3
50.315312928000026,12.340202285000032,3
50.29371796800007,12.320932216000074,3
50.57254608100004,12.86805114200007,2
50.483676237000054,12.60908502600006,2
50.83701233000005,12.91729437500004,2
50.847472699000036,12.923106451000024,3
50.78609726900004,12.901573505000044,3
50.819949791000056,12.927825613000039,3
50.586327864000054,12.701765445000035,3
50.60626751500007,12.63954185700004,3
51.070695056000034,13.023766490000071,3
51.159775582000066,12.936270826000055,3
51.16504959300005,13.683078516000023,3
51.06387601900008,13.73636160500007,2
51.05839797300007,13.753205881000042,3
51.04978299000004,13.77464578100006,3
51.11865376500003,13.766559151000024,3
51.004909154000075,13.886143993000076,3
51.06138345900007,13.73360867200006,3
51.019345541000064,13.741140334000022,3
51.03594792800004,13.78532457600005,3
51.07434783600007,13.698574208000025,3
50.764420458000075,13.757360317000064,3
51.13128528900006,13.520712668000044,2
51.100862206000045,13.685212961000047,3
51.10636182700006,13.620888355000034,3
51.14978348300008,13.568182419000038,2
51.17552906100008,13.564794093000046,2
51.299047167000026,14.809560487000056,2
51.124550860000056,14.97360827500006,3
50.93441782100007,14.61613490600007,2
51.30375027700006,12.404543583000077,3
51.37434384800008,12.186443488000066,2
51.27782128700005,12.366115233000073,3
50.46246719000004,12.113678844000049,3
50.738715349000074,12.489400527000043,2
50.66693080300007,12.513341211000068,3
50.375493058000075,12.011355152000021,3
50.711605905000056,12.493627522000054,3
51.01205255700006,13.241286094000031,2
50.540773784000066,12.533732106000059,3
51.085584253000036,13.069323968000049,3
50.91326802100008,13.334919498000033,3
50.86018893100004,13.16698939500003,3
51.00255963700005,12.995740804000036,3
50.98687628700003,12.981850874000031,2
51.01344934800005,13.769075069000053,2
51.04300232300005,13.751760983000054,3
50.81560587600006,13.885294694000038,2
51.12432138600008,13.16948195200007,2
51.08568618800007,13.726754087000074,3
51.00084878400003,13.663277372000039,2
51.00561997700004,13.64257308200007,3
51.114313279000044,13.653565488000027,2
51.17184868000004,13.86130763400007,3
51.20405023200004,14.468996684000047,3
51.383249773000045,14.26180028400006,3
51.283804331000056,14.085715703000062,3
50.89867355700005,14.802403309000056,2
51.27697683700006,12.39217577200003,2
51.343365462000065,12.381537494000042,3
51.351314212000034,12.393751934000022,3
51.39687875800007,12.222239477000073,3
51.32722471200003,12.322631456000067,3
50.51198375900003,12.359142029000054,3
50.682818514000076,12.695326631000057,3
50.91691670600005,13.373255709000034,2
50.92863439400003,12.859830826000064,2
51.06565258300003,12.95390216800007,2
50.66697426300004,12.965236378000043,2
50.582944173000044,13.002426056000047,2
50.70995858400005,13.056580476000022,2
50.853156227000056,13.473263341000063,2
50.850472859000035,13.303413551000062,3
50.93744230400006,13.416008227000077,3
50.827215541000044,13.140844037000022,3
50.64493831900006,13.152286511000057,2
51.01069184600004,13.213705386000072,2
51.05980838200003,12.756058949000021,3
50.773284181000065,12.812263960000053,3
51.02738218700006,13.75987682400006,2
51.05941900500005,13.786034079000046,3
51.12687148800006,13.168134675000033,3
51.05415713900004,13.75112183300007,3
51.04970541100005,13.75714098800006,3
51.035523702000035,13.760517699000047,3
51.049528698000074,13.75872101300007,3
50.99941756700008,13.830360468000038,3
51.04087052800003,13.708546234000039,3
51.32650129600006,13.44854362500007,3
51.11741604300005,13.603643555000076,3
51.131499974000064,13.583463963000042,3
50.965424194000036,13.855484162000039,2
51.26061138400007,13.22838985900006,3
50.95616031800006,14.13166512600003,3
51.255166659000054,14.537583458000029,2
51.09101136800007,14.583662655000069,2
51.17197018100006,14.435755113000027,3
51.23784496500008,14.436326733000044,3
51.24646424700006,14.177159237000069,3
51.18201177100008,13.815092718000074,3
51.13023151400006,13.940131134000069,3
50.89870888400003,14.792771390000041,3
51.01970065100005,14.616891680000037,3
51.00297472400007,14.618603909000058,3
51.35211982900006,12.408977868000022,3
51.30733789800007,12.943846815000029,2
51.368303327000035,12.390660211000068,3
51.37136314700007,12.210065788000065,2
51.303363509000064,12.374122388000046,3
51.309355639000046,12.386523091000072,3
51.27849544900005,12.358978884000067,3
51.29976135600003,12.431950179000069,3
51.33857589400003,12.367880639000077,3
51.335394241000074,12.355630967000025,3
51.05019313500003,12.639115205000053,3
51.222767773000044,12.859595495000065,3
50.656210747000046,12.35424542800007,2
50.65135672000008,12.332816003000062,3
50.811203007000074,12.551448540000024,2
50.785583347000056,12.721084916000052,3
50.50199127500008,12.134449459000052,3
50.46634805600007,12.150856332000046,3
50.508779968000056,12.143356175000065,3
50.81281251200005,12.48960760600005,3
50.72024516700003,12.486499171000048,2
50.71937978900007,12.478598040000065,3
50.802692869000055,13.530860977000032,3
50.89160076400003,12.938890335000053,3
50.84409395900008,12.905518812000025,3
50.77727856700005,12.926319343000046,3
50.81985279100007,12.915671833000033,2
50.811792024000056,12.912049511000077,3
50.57361767300006,13.013213630000052,3
50.68691713900006,12.984300016000077,3
50.92500677100003,13.335428334000028,3
51.00591701600007,13.37679716200006,3
50.690016366000066,12.815703039000027,2
51.05086091700008,13.719044459000031,3
51.02128114300007,13.764447687000029,3
51.27044410000008,13.237508565000041,3
51.039167992000046,13.639305316000048,2
50.94712977100005,13.872905427000035,2
51.059073245000036,13.787516716000027,3
51.04780300600004,13.772660913000038,3
51.04190181700005,13.769532638000044,3
51.03286626100004,13.757933856000022,3
51.05579329900007,13.770363031000045,3
51.07342457300007,13.754421019000063,3
51.05909254300008,13.755040446000066,3
51.05909310000004,13.755041756000026,3
51.068239919000064,13.752970967000067,3
50.996425455000065,13.65070311900007,3
50.838475394000056,13.67494629500004,2
50.99532199300006,13.653589641000053,3
51.126904170000046,13.568955037000023,3
51.12613291000008,13.640888325000049,3
51.279015670000035,13.419509826000024,2
50.96391253200005,14.24403804800005,3
51.154104620000055,14.982440219000068,3
51.22330278600003,14.544277390000047,3
51.06615373200003,14.345972459000052,3
51.17887334900007,14.451473346000057,3
51.36999999000005,14.057439250000073,3
51.23681118800005,14.241127350000056,3
51.29271644800008,14.090734189000045,2
51.50611975100003,14.626235525000027,3
51.094674577000035,14.74187924100005,3
50.950838410000074,14.729468721000046,3
51.08503569800007,12.530962455000065,2
51.347420069000066,12.391320690000043,3
51.25750745800008,12.735915740000053,3
51.24807284800005,12.387797420000027,3
51.37508666400004,12.485150119000025,3
51.310397916000056,12.376404428000058,3
51.31466098800007,12.368325877000075,3
51.36282292300007,12.364252067000052,2
51.332281246000036,12.342497433000062,3
51.32595226700005,12.20730697600004,3
51.15537842600003,12.275387974000068,2
51.214838523000026,12.252916251000045,3
51.13190106600007,12.849686955000038,3
51.428682586000036,12.858861324000031,3
51.46163203300006,12.453989291000028,3
51.55413428800006,12.981785622000075,2
50.844372777000046,12.466908451000052,3
50.736210338000035,12.381002038000076,3
50.78312906100007,12.489956139000071,3
51.14015254800006,13.795353846000069,3
51.40043737800005,12.459081522000076,3
50.80173725600008,12.926701391000051,3
50.837588494000045,12.915364500000067,2
50.82366392600005,12.932090575000075,3
50.77491612000006,12.788482574000057,3
50.52104562300008,13.029358159000026,3
51.11906402300008,13.128006700000071,3
50.55397209800003,13.22049802500004,2
50.77977892500007,12.85969719700006,3
51.076506022000046,13.755960233000053,2
51.02210893100005,13.811431517000074,2
51.07631578000007,13.733136236000064,3
51.07323885900007,13.741414132000045,3
51.04175963700004,13.721425271000044,3
51.04613461900004,13.801703418000045,3
51.06232855600007,13.788633745000027,3
51.058101470000054,13.774409497000022,3
51.060744845000045,13.75728278500003,3
51.024495853000076,13.76231358800004,3
50.998397768000075,13.799698354000043,3
51.01047477800006,13.857352818000038,2
51.05360465700005,13.680453228000033,3
51.08192808600006,13.694702454000037,3
50.918135704000065,13.547449063000045,3
51.12720728100004,13.635590938000064,2
50.91468553300007,13.795732157000032,3
50.99010892500007,13.86327994100003,3
50.95740600400006,13.921344158000068,1
51.31854922700006,13.259039522000023,3
51.29331672600006,13.300643260000072,3
51.11948290400005,14.981567108000036,2
51.13721829000008,14.193056027000068,3
50.971059198000034,14.645435081000073,3
51.351868145000026,12.30024580600002,3
51.33855974000005,12.38197894800004,3
51.413210426000035,12.298871537000025,3
51.35835703500004,12.387020932000041,3
51.32102553800007,12.365842652000026,3
51.30820865800007,12.314873723000062,3
51.346009140000035,12.37651476800005,3
51.40778325900004,12.892185400000074,3
51.39349308200008,12.774627802000055,3
51.55901350700003,12.988199544000054,3
50.76158603400006,12.66736409200007,3
50.82421718400008,12.542343940000023,3
50.83890206700005,12.470153175000064,3
50.73016250900008,12.379955103000043,3
50.593726537000066,12.454052414000046,3
50.84595261800007,12.932685202000073,3
50.76949965700004,12.889387424000063,3
50.849399747000064,12.944820444000072,3
50.535450096000034,12.995212191000064,2
50.59033357800007,12.717491539000036,3
50.73976166300008,13.148800153000025,3
51.02969655100003,13.113821865000034,3
50.91122967300004,13.029191809000054,3
50.735150762000046,12.91923932900005,3
50.71974534900005,12.68891489300006,3
51.05404098900004,13.722158528000023,3
51.05926025600007,13.751934015000074,3
51.056170887000064,13.68475070200003,2
51.04780130600005,13.772668416000045,3
51.03810543600008,13.775023581000028,3
51.05107587100008,13.803739523000047,3
51.06350943000007,13.747945844000071,3
51.03964332900006,13.718703829000049,3
51.03348226900005,13.722607416000073,3
51.057707031000064,13.724914621000039,3
51.06016469300005,13.777396686000031,3
51.04962605700007,13.704911983000045,3
51.08033912800005,13.713897942000074,3
51.006966136000074,13.657597948000046,3
51.21174169000005,13.81732622900006,3
50.95862873900006,14.040573198000061,2
50.945551282000054,13.946086957000034,3
50.95868252500003,13.855043094000052,2
51.000349723000056,13.91082736900006,3
50.97582064800008,13.872003995000057,3
51.025501950000034,14.034855528000037,3
51.05470471800004,14.442938605000052,3
51.291537066000046,14.821840560000055,3
51.43450960000007,14.364616590000026,2
51.54279116300006,14.726916393000067,3
51.49789428300005,14.628904909000028,3
50.884600883000076,14.711166741000056,3
51.35139488100003,12.407819420000067,3
51.32048852500003,12.382897443000047,3
51.44660566300007,12.208946125000068,2
51.35254669400007,12.415200541000047,3
51.055236911000065,12.556199585000059,2
51.41628239200003,12.307939221000026,3
51.283080967000046,12.36414164100006,3
51.309725094000044,12.372994224000024,3
51.34562898200005,12.458057856000039,3
51.31113535000003,12.27935904700007,3
51.32688412700003,12.33917701200005,3
51.342347148000044,12.359487654000077,3
51.12266142800007,12.492635488000076,3
51.36516555600008,12.73332042900006,3
51.17571600100007,12.62133020300007,3
51.28661388900008,12.739087737000034,3
51.21960472500007,12.722363630000075,3
51.58826445700004,13.078790855000022,2
51.57227303500008,12.968038938000063,3
50.759413195000036,12.631295739000052,2
50.62006635800003,12.265368812000077,3
50.53608538900005,12.28586116200006,3
50.79180969500004,12.62611541900003,3
50.87981169600005,12.540329210000039,3
50.76462290200004,12.666785980000043,2
50.850077070000054,12.465642003000028,3
50.36541307700003,12.222815663000063,3
50.80765792500006,12.507321271000023,3
50.816964530000064,12.883331738000038,1
50.82140577100006,12.966769310000075,3
51.04005308200004,12.967984012000045,2
50.927057897000054,12.710285776000035,2
50.62155864600004,12.856049808000023,2
50.85372406600004,12.958117731000073,3
50.86686395500004,12.808744243000035,3
50.81881562800004,12.95843515100006,3
51.05886035700007,13.18684653400004,3
50.92201333200006,13.338748406000036,3
50.90825193900008,13.056547687000034,3
51.05204606400008,13.807113275000063,3
51.124755926000034,13.580121721000069,3
51.03700292900004,13.705064968000045,3
51.137608888000045,13.566337349000037,3
51.04780928100007,13.71503922200003,3
51.04750163800003,13.744103837000068,3
51.06842301200004,13.745572798000069,3
51.034381791000044,13.721418842000048,3
51.04307056400006,13.694118115000038,3
51.03766134600005,13.610301499000059,3
50.85286115300005,13.789297677000036,3
50.89588950500007,13.67657567200007,3
51.017204022000044,13.576534737000031,2
51.16164027000008,13.486295392000045,3
51.11820319000003,13.631104657000037,3
51.163049845000046,13.47976862400003,3
51.122518969000055,13.628938940000069,2
51.109959926000045,13.641519900000048,3
50.95984866500004,13.933613442000023,3
51.129875225000035,14.676082997000037,2
51.17819596000004,14.424963486000024,3
51.09723827200003,14.50633375600006,3
51.16968686700005,14.726990751000073,2
51.21615061400007,14.770719448000023,3
51.41742859300007,14.38885121800007,3
51.43841736200005,14.268448774000035,3
51.42263242900003,14.201899505000029,3
51.49467737000003,14.639623172000029,3
51.076524636000045,14.654571419000035,3
51.33548465500007,12.373265513000035,3
51.35884377500008,12.521913916000074,3
51.32812899400005,12.359326767000027,2
51.36569510700008,12.430854661000069,3
51.35959487700006,12.357725839000068,3
51.39659268400004,12.450753443000053,3
51.294826115000035,12.439153593000071,3
51.33693234700007,12.337363233000076,3
51.33607187300004,12.332971500000042,3
51.33121668500007,12.362629040000058,3
51.333497986000054,12.352109430000041,3
51.33891429500005,12.402567247000036,3
51.326321102000065,12.760396765000053,3
51.37122745200003,12.739987261000067,3
51.36484959000006,13.00194940700004,3
51.55142613400005,12.997881848000077,3
50.577460716000076,12.29747242700006,3
50.42696230200005,12.378717693000056,3
50.78184485600008,12.710655859000042,3
50.89292652800003,12.722656894000067,3
50.85671417000003,12.763882095000042,3
50.80918319500006,12.750337954000031,3
50.86365507200003,12.767132910000043,2
50.845926914000074,12.45621826300004,3
50.719091914000046,12.45294124700007,3
50.89889564200007,13.076831026000036,3
50.77227374100005,12.90277967700007,3
51.12656381600004,13.031426569000075,3
50.94622949200004,13.040625845000022,3
50.727590623000026,12.751480891000028,2
51.16300941600008,13.596886218000066,3
50.99425072000008,14.003727878000063,2
51.05356680400007,13.741253358000051,3
51.07169378800006,13.770185628000036,3
51.06578374900005,13.765775941000072,3
51.02517184000004,13.76168070500006,3
51.00400594300004,13.790965373000063,3
50.99180991800006,13.797524934000023,3
51.02038949200005,13.811788615000069,3
51.06182389600008,13.682855842000038,3
51.07682757400005,13.726110541000025,3
51.13913319300008,13.499633368000048,3
51.12634198100005,13.586732488000052,3
50.89904427100004,13.933939413000076,3
50.985567470000035,14.082063363000032,2
51.183107104000044,14.428386358000068,2
51.17534915500005,14.452400742000066,3
51.353554098000075,14.877372884000067,3
51.37686745000008,14.079834960000028,3
51.288393263000046,14.11217792900004,3
51.05183918700004,14.492728882000051,3
51.51541217300007,12.36541446900003,3
51.37801568400005,12.455357510000056,3
51.35721011500004,12.540066590000038,3
51.32195397800007,12.335630540000068,3
51.32198013200008,12.289942836000023,3
51.34302422400003,12.37661255200004,3
51.08910364800005,12.533643644000051,2
51.46624381400005,12.347999541000036,3
51.56638179200007,12.912725255000055,3
51.52934262900004,12.996152171000062,2
51.572961030000045,13.06897639400006,3
50.36627752100003,12.217342450000046,2
50.68066785600007,12.547806595000054,2
50.60901979600004,12.152301093000062,2
50.66357158200003,12.666851635000057,2
50.56632713000005,12.730293557000039,2
51.07238117600008,13.018596244000037,3
50.82908136400005,12.915499468000064,2
50.802820574000066,12.805961807000074,3
50.63806813700006,13.000852096000074,2
50.475539877000074,12.971879991000037,3
50.71086079200006,12.99133372700004,3
50.48936390500006,12.651946409000061,2
50.86701483100006,13.322040006000066,3
50.65417825800006,13.075313101000063,2
50.82166820600003,13.088242195000078,3
50.88049586900007,13.570099288000051,2
50.81828189300006,13.68772417300005,3
51.142908326000054,13.584303439000053,2
51.22235652400008,13.737347144000069,3
51.13631789800007,13.578328236000061,3
50.92349838600006,13.961635836000028,3
50.98830301900006,14.001773032000074,3
50.95066716900004,13.93480917100004,2
50.90119120800006,14.21798810100006,3
51.21207324100004,14.72545294400004,3
51.19467556800004,14.446152468000037,3
51.14805993700003,13.901108178000072,2
51.115503647000025,14.637618604000068,3
51.30547602200005,12.225004845000058,2
51.44783314400007,12.336889995000035,3
51.35190198200007,12.414624393000054,3
51.32033080000008,12.261376829000028,3
51.34645027000005,12.390280526000026,3
50.78899839600007,12.73016199400007,3
50.51229764100003,12.207241227000054,3
51.37457944500005,12.338764101000038,3
50.87623377800003,12.801067574000058,3
50.802310876000035,12.911240537000026,3
50.67711834000005,12.979066455000066,3
50.511307335000026,12.533661030000076,3
51.08941549300005,13.204390029000024,3
50.926391968000075,13.286553275000074,3
50.937585229000035,12.839816280000036,3
51.06936359200006,13.689530429000058,3
51.073499637000054,13.721359937000045,3
51.08490840500008,13.705549004000034,2
51.03415550500006,13.759163215000058,3
51.10564294200003,13.771729831000073,2
51.04999160600005,13.730726684000047,3
51.05222513500007,13.770092465000062,3
51.05173580200005,13.746103190000042,3
51.11460138600006,13.784686459000056,3
51.07296632500004,13.721788512000046,3
51.03741334500006,13.831967371000076,3
51.122952602000055,13.800958112000046,3
51.029106597000066,13.738679665000063,3
51.03604852800004,13.717699605000064,3
51.08913484900006,13.622299078000026,2
51.03244389900004,13.701977997000029,3
51.043491266000046,13.678790666000054,3
50.93737930000003,13.784126417000039,2
51.29698368100003,13.76126294100004,3
51.169429155000046,13.657941268000059,3
50.964525249000076,13.867863224000075,3
50.94606933100005,13.942899007000051,3
51.18793559800008,14.63126018500003,3
51.14116418300006,14.800355658000058,3
51.503248513000074,14.639946555000051,3
51.49653284500005,14.641682399000047,3
51.103654309000035,14.66974310200004,3
50.98489175600008,14.615680051000027,3
51.35082788200003,12.43943583500004,3
51.32272437700004,12.372228650000068,2
51.32176102500006,12.37362495800005,3
51.34536087300006,12.40913292700003,2
51.40499102200005,12.392499203000057,3
51.38025048800006,12.48446524700006,3
51.26165594500003,12.343498769000064,3
51.30727159000003,12.45835235800007,3
51.32428996300007,12.401692143000048,3
51.34742029700004,12.309218833000045,3
51.31223186500006,13.106187904000024,3
51.300761513000054,13.130692672000066,3
51.553279547000045,12.990006361000042,3
50.32284955100005,12.257548707000069,3
50.502081513000064,12.102550405000045,3
50.97270556400008,13.120585337000023,3
50.796702088000075,12.917622021000057,3
50.60603450100007,12.950252220000039,2
50.91081599000006,13.350109859000042,3
50.58346243400007,13.321238143000073,3
51.011890132000076,13.854852661000052,3
51.03452168900003,13.721108172000072,2
51.05548722100008,13.777690352000036,3
51.04255951700003,13.767529109000066,3
51.15173595200008,13.74852413700006,2
50.91659856600006,13.89195707500005,3
51.10919500000006,13.651703928000074,2
51.046960811000076,13.76536963600006,3
51.02850486800003,13.786372186000051,3
51.059895880000056,13.763016442000037,2
51.11384751000003,13.773173031000056,3
51.06465772200005,13.742186798000034,2
50.986236561000055,13.859484965000036,3
51.01588662300003,13.78682880100007,3
51.08398820100007,13.672207721000063,3
51.07713936300007,13.707795769000029,3
51.15905368500006,13.677102228000024,3
51.10284470900007,13.678670401000034,2
50.963992285000074,13.945383861000039,3
50.93388024400008,14.014991542000075,3
51.30267168200004,13.389662944000065,3
50.99079364100004,14.589460043000031,3
50.902496634000045,14.80593643800006,3
51.342632294000055,12.525623851000034,3
51.35023980900007,12.447200924000072,2
51.34761310300007,12.479261799000028,3
51.32345559700008,12.480475828000067,2
51.249748959000044,12.231193915000063,3
51.35968125900007,12.39868444700005,3
51.31926291000008,12.420479616000023,2
51.286202193000065,12.393404911000061,3
51.27335294200003,12.368853960000024,3
51.30791080700004,12.268256872000052,3
51.33858154100005,12.322831008000037,3
51.318056382000066,12.269855993000021,3
51.34553465300007,12.392206031000057,3
51.34551212900004,12.392673068000022,3
51.12341563100006,12.483906029000025,3
51.49418343100007,12.719024223000076,3
51.51323293200005,13.040092659000038,2
50.613377514000035,12.249488168000028,3
50.51235287900005,12.399941081000065,3
50.771883668000044,12.670609205000062,3
50.83265606300006,12.520972653000058,3
50.53571941400003,11.914866944000039,3
50.69889873500006,12.680690017000074,3
50.73627878900004,12.381551972000068,3
50.74557735900004,12.443508173000055,3
50.95742593500006,13.238317921000032,2
50.840090616000055,12.901516456000024,3
50.84971371100005,12.845593515000076,3
50.86299132400006,12.953115339000021,3
50.831809229000044,12.951911879000022,2
50.78499388400007,13.415471292000063,2
51.02834227500006,12.983246221000059,2
50.96165494400003,12.903028420000055,3
50.70580935400005,12.771335974000067,3
51.02663980900007,14.036169482000048,2
51.08167100900005,13.69316665100007,2
51.08539798000004,13.737246902000038,3
51.064308045000075,13.790132192000044,2
51.02747534300005,13.757857651000052,3
51.060299015000055,13.771371816000055,3
50.94432517700005,13.669237302000056,3
50.96841101500007,13.713300186000026,3
51.28660145200007,13.52230288000004,3
51.319568454000034,13.31592958300007,2
51.024626037000075,14.620384613000056,2
51.13105061300007,14.185062921000053,3
51.28778536800007,14.83560496900003,3
51.10457886800003,13.976956208000047,3
51.25107709500003,14.145279935000076,3
50.89314924200005,14.792533011000046,3
51.016332644000045,14.675774539000031,3
51.33927958500004,12.40053826600007,1
51.37932916700004,12.358165581000037,3
51.40351582800008,12.231893595000031,3
51.37110995000006,12.377125384000067,3
50.813441469000054,12.675146601000051,3
50.51677732700006,12.385649196000031,2
50.68529987000005,12.442553445000044,3
50.83438032200007,12.922960999000054,3
50.82163422000008,12.925727567000024,3
50.63358350800007,12.98364289400007,3
51.19766138800003,12.96553237300003,2
51.112696406000055,13.208798116000025,3
50.90183277400007,13.222266303000026,2
50.93658851500004,13.120548403000043,3
51.07646625600006,13.719199960000026,3
51.01719619100004,13.778363298000045,3
51.07198115700004,13.689895104000072,3
51.12572409000006,13.814434782000035,3
51.04536150200005,13.775626143000068,3
51.04919538200005,13.760674274000053,3
51.03074279600003,13.701870077000024,3
51.05788841800006,13.724297574000047,3
51.06184542500006,13.681306696000036,2
51.032457100000045,13.701980868000021,3
51.076111386000036,13.722788623000042,3
51.05212423200004,13.563943104000032,2
51.02451703100007,13.700527668000063,3
51.06135912800005,13.302021879000051,3
50.90857639800004,14.000928432000023,3
50.96401429000008,13.934200464000071,3
51.38407016800005,13.431568613000024,3
51.02491894500008,14.211182897000072,3
51.05193052700008,14.086519249000048,2
51.14946753800007,14.955997818000071,2
51.15622673200005,14.973468955000044,3
51.440064402000075,14.261555068000064,3
51.00992700900008,14.796428282000022,3
51.395519172000036,12.371630793000065,3
51.31084740500006,12.30970575300006,3
51.36712705800005,12.460574024000039,3
51.35434577800004,12.395364124000025,3
51.31143274800007,12.235428583000044,3
51.311456003000046,12.280801845000042,3
51.33305527200008,12.373645339000063,3
51.468240413000046,12.668937818000074,3
50.62670467400005,12.389144483000052,3
50.626681802000064,12.388969564000035,3
50.47973915800003,12.37367899800006,3
50.49308075700003,12.14677135100004,3
50.49955827300005,12.13670270700004,3
50.34037422700004,12.37134816200006,2
50.500205762000064,12.142223559000058,3
50.38726496900006,12.148310883000022,2
50.86300400700003,12.953142069000023,3
50.99211703800006,13.01353090200007,1
50.841204839000056,12.911073496000029,3
50.81406459300007,12.801370481000049,3
50.83356443200006,12.881634294000037,3
50.58734110800003,13.011826842000062,3
50.54905643200004,12.848661764000042,3
50.58726199700004,12.72173499400003,2
50.87124144200004,13.401707300000055,3
50.88564755900006,13.341777579000052,2
50.697568973000045,13.018073748000063,3
51.00395936400008,13.628077080000025,2
50.88970920400004,13.801748194000027,2
51.05586475700005,13.73507868200005,3
51.055106084000045,13.736813780000034,3
51.053720561000034,13.740351524000062,2
51.03106186900004,13.74754387400003,3
51.00376909100004,13.654703010000048,2
51.30110305900007,13.626900791000025,3
51.15065394100003,13.356940964000046,3
51.16701066300004,13.492111740000041,3
51.16350202000007,13.481741870000064,3
50.93951838300006,13.85825804700005,3
50.874052378000044,14.043516599000043,3
50.95755406400008,13.92395016200004,3
51.299300892000076,13.304507127000022,3
51.15524908900005,14.20381601300005,2
51.08589029600006,14.106697713000074,2
51.50448289900004,14.641353345000027,3
51.32073101000003,12.369068718000051,3
51.26198568700005,12.625595386000043,3
51.36650625500005,12.45886026200003,3
51.33868559700005,12.39085689600006,3
51.34654908600004,12.258838280000077,3
51.374952636000046,12.343974599000035,3
51.34290952200007,12.299578320000023,2
51.32859150000007,12.336412163000034,3
51.04071449700007,12.719007310000052,2
51.122893255000065,12.485704801000054,3
51.347225208000054,12.820406481000077,2
51.381942594000066,12.738625417000037,3
51.24640301000005,12.62487331400007,3
51.47074400300005,12.69157806000004,3
50.62184599200003,12.30045248700003,3
50.52650887500005,12.413113688000067,3
50.61460276500003,12.315957431000072,3
50.593372034000026,12.288671571000066,3
50.863661199000035,12.45356029900006,3
50.744244527000035,12.64736040200006,3
50.793721385000026,12.513638292000053,3
50.85493654700008,12.768184286000064,3
50.502328987000055,12.12191333100003,3
50.49884282700003,12.146819692000065,3
50.738591377000034,12.735444740000048,3
50.81982584600007,13.091524889000027,2
50.80578708200005,12.92364953300006,3
50.71406738400003,13.171029495000028,3
50.93500681000006,12.703592479000065,3
50.687393221000036,12.800671529000056,3
50.76383742000007,12.734330296000053,3
50.91387376100005,13.699704989000054,3
51.06457170700003,13.81617043700004,2
51.042504214000076,13.75117104900005,3
51.06709462900005,13.78252315900005,2
51.07944554800008,13.659474770000031,3
51.07661378000006,13.683003056000075,3
51.05466513500005,13.752777475000073,2
51.02650887000004,13.731643533000067,3
51.04298925900008,13.69350712000005,3
51.040027413000075,13.66580545100004,3
51.07741361800004,13.690502577000075,3
50.912921406000066,13.590104263000057,3
50.96110697900008,13.931052910000062,3
50.85969131100006,14.222726284000032,3
51.00806430500006,14.075546939000048,3
51.190586980000035,14.451409255000044,3
51.180953514000066,14.437675149000029,3
51.05994626100005,14.311725996000064,2
51.10394369800008,14.977079461000073,3
50.884446539000066,14.80949008400006,3
50.88499331500003,14.814407244000051,3
50.89848154600003,14.785462586000051,3
50.905792563000034,14.834586410000043,3
51.49075824500005,12.600453069000025,1
51.32173760900008,12.290055619000043,2
51.41482809000007,12.321916705000035,3
51.34261374100004,12.302355999000042,3
51.312296401000026,12.317028391000065,3
51.23301653500005,12.85177155200006,3
51.45545666100003,12.351049956000054,3
50.327653618000056,12.103267051000046,3
50.85865054000004,12.767601057000036,3
50.481519837000064,12.08584667200006,2
50.60359305800006,13.294561111000064,2
50.74536924700004,13.503454576000024,2
51.001405788000056,13.830754740000032,3
51.11497153500005,13.76248170200006,3
51.00201620400003,13.708218308000028,3
51.16123747800003,13.467894460000025,2
51.15753551200004,13.467365268000037,3
50.967588308000074,13.953387819000056,3
51.03972482200004,14.456113447000064,3
51.10452052200003,14.447553196000058,3
51.09837990800003,14.40007696400005,2
50.873002101000054,14.684179335000067,3
51.06237021100003,14.62577215500005,2
51.47383380200006,12.710643417000028,2
51.36335665000007,12.399502386000052,3
51.299603657000034,12.391118174000042,3
51.294738049000046,12.350829845000021,3
51.268580357000076,12.784585993000064,3
51.304659033000064,13.032406066000021,2
51.44345279600003,13.17217344200003,2
50.54416230700008,12.471150929000032,2
50.75877978800003,12.477606382000033,3
50.87258489900006,12.613168539000071,3
50.83461840700005,12.885119081000028,3
50.78872327400006,12.902423011000053,2
50.805895055000065,12.923742729000026,3
50.90515435000003,13.337580462000062,3
50.92509867500007,13.345324262000076,3
50.98670539600005,12.799499868000055,2
51.02957149000008,13.732647410000027,3
50.790056211000035,13.81418598600004,2
51.130022000000054,13.749020020000046,3
51.08438203600008,13.707835101000057,3
51.12261482900004,13.478386582000041,3
51.24444928100007,13.30468761000003,3
51.207345513000064,14.66405227100006,3
51.18315308500007,14.448652254000024,3
51.15233831200004,14.987002825000047,3
51.139075674000026,14.981160918000057,3
51.14491007600003,14.97591413300006,2
51.113874459000044,13.933395286000064,3
51.10991716900003,13.918895019000047,3
50.94467110900007,14.672936797000034,3
51.04856964800007,14.849994479000031,3
51.33921002800008,12.395155586000044,3
51.23563654600008,12.824548865000054,2
51.39382294600006,12.434398411000075,3
51.26337089400005,12.27171194400006,3
51.35510913200005,12.49189947700006,3
51.52939064600008,12.196995431000062,3
51.38846713000004,12.367516919000025,3
51.344373663000056,12.326472114000069,3
51.34317732200003,12.396097471000076,3
51.11101145500004,12.48873248700005,3
51.23220878400008,12.694992755000044,3
51.52451856000005,12.34283242400005,3
51.366015997000034,12.950979494000023,2
50.50222873700005,12.132496439000022,3
50.62526160600004,12.308805568000025,3
50.69062890400005,12.535314473000028,3
50.53054823800005,12.847953481000047,2
50.50890497200004,12.71494221100005,3
50.58093900100005,12.71187883600004,3
50.74761121600005,12.893977549000056,2
51.287001006000025,13.522888685000055,3
51.02216160800003,13.730469369000048,2
50.993747463000034,13.768284925000046,3
51.040042432000064,13.770993145000034,3
51.04627020200007,13.71265470000003,3
51.05659726200008,13.73964611200006,3
51.12286219100008,13.749519666000026,3
51.01573254500005,13.76436635300007,3
51.04412049200005,13.689901797000061,3
51.02257327900003,13.698067821000052,2
51.042486575000055,13.685399389000054,3
50.95221808000008,13.76994921000005,3
51.10674981000005,13.592206812000029,2
51.212351976000036,13.730804455000055,3
51.320555762000026,14.086365589000025,1
51.267286080000076,14.523929397000074,3
51.16141163800006,14.974084571000049,3
51.145065583000076,14.989794110000048,3
51.56414760400003,12.565124168000068,2
51.33629300900003,12.357321010000021,3
51.307909101000064,12.268252079000035,2
51.329376128000035,12.398958686000071,3
51.34890203000003,12.20613511700003,2
51.325116398000034,12.376916238000035,3
51.104660772000045,12.770618627000033,3
50.75562017100003,12.629155961000038,3
50.820280351000065,12.566068452000025,3
50.52288843900004,12.149296949000075,3
50.37611735300004,12.25168366400004,2
50.711361872000055,12.473659225000063,3
50.83439288100004,12.843081208000058,3
50.58635213700006,13.011079677000055,2
51.061638895000044,13.181581295000058,3
51.059316729000045,13.476023680000026,3
51.05185010500003,13.734368006000068,2
51.041039983000076,13.740028411000026,3
51.07166418700007,13.738553084000046,3
51.03562928600007,13.743514134000065,3
51.022326486000054,13.686379287000022,3
51.09547674500004,13.71931268700007,3
51.032732915000054,13.697748146000038,3
51.01924998100003,13.632693815000039,3
51.16300774100006,13.596906440000055,3
51.30002949500005,13.308477873000072,3
51.37873725500003,14.854055446000075,2
51.24242174900007,14.821047881000027,2
51.28413912800005,14.22515803500005,3
51.36881517300003,12.465246078000064,3
51.336263098000074,12.25284176100007,2
51.37951617200008,12.43061319800006,3
51.31921431400008,12.429746174000059,2
51.381218767000064,12.318166629000075,3
51.098476779000066,12.522919267000077,2
51.23385039300007,12.719562677000056,3
51.29712590400004,13.10757314500006,2
50.81838638700003,12.381572187000074,2
50.54299479600007,12.345086981000065,2
50.82845727200004,12.911882989000048,3
50.601031989000035,13.028884559000062,2
50.52988288700004,13.05654073900007,3
50.71094079000005,12.972576201000038,3
50.55831544200004,12.740446473000077,3
51.02322749400008,13.324904556000035,3
50.908810534000054,13.336474502000044,3
50.74754887300003,13.073775346000048,3
51.05339840600004,12.794086535000076,3
51.089528217000066,13.635076291000075,3
51.05994409900006,13.697484705000022,3
51.026602180000054,13.754176395000059,3
51.08205272200007,13.691658076000067,3
51.306237579000026,13.728917180000053,3
51.04232529800004,13.789535594000029,3
51.05072764400006,13.488276038000038,3
51.04234781500003,13.29587418500006,2
51.167355386000054,13.500236736000033,3
50.967271968000034,14.261263607000046,3
51.02237071400003,14.215190593000045,2
51.157685541000035,14.973536521000028,3
51.17433993000003,14.427953669000033,3
51.10971900800007,14.782679268000038,3
51.11265429000008,14.648791907000032,2
51.04411500900005,14.574502434000067,3
51.350054528000044,12.441617553000071,3
51.42984891100008,12.408365582000044,2
51.41512671500004,12.744749660000025,2
51.36937733700006,12.459971876000054,2
51.289474478000045,12.391466170000058,3
51.326131005000036,12.337553098000058,3
50.69172145300007,12.695932163000066,2
50.80146792900007,12.726003502000026,3
50.73223508400008,12.997721417000037,2
50.826191840000035,12.928618406000055,3
50.60117214500008,12.856460011000024,3
50.69022537500007,13.505502438000065,2
50.951128639000046,12.67164815600006,3
50.71042421200008,12.782547962000024,3
50.63214020600003,12.802531688000045,3
50.632722397000066,12.79849953400003,3
51.060141474000034,13.73029572300004,3
51.06019713100005,13.727876623000043,3
51.060309536000034,13.458984341000075,3
51.01313675400007,13.790535471000055,3
50.99415838800007,13.654237452000075,3
50.96776829600003,13.866785887000049,3
50.98143223000005,13.844606716000044,3
50.88759706600007,13.811705734000043,3
51.30549803100007,13.262835930000051,3
51.19477840800005,14.496724535000055,2
51.11136958800006,14.916500326000062,3
51.11869105900007,13.918448387000069,3
51.13826740600007,13.88869365000005,2
51.03709832700008,14.669951484000023,3
50.988299760000075,14.599341053000046,3
51.20781241800006,12.308766264000042,2
51.32087668600008,12.365684749000025,3
51.282166618000076,12.464165643000058,3
51.27901285000007,12.175706098000035,3
50.45267573800004,12.17241911900004,3
50.58465735100003,12.316375137000023,3
50.612288214000046,12.427111093000065,2
50.49229727000005,12.383736433000024,3
50.847358643000064,12.73263219200004,2
50.781656448000035,12.709226239000031,3
50.54448383600004,12.043797959000074,3
50.46835782200003,12.149220834000062,3
50.74314527000007,12.284349431000066,3
50.89628931400006,13.203047041000048,2
51.05292535700005,13.726047667000046,3
51.02027696400006,13.73516300700004,3
51.050501928000074,13.691744543000027,3
51.143588184000066,13.762748315000067,3
51.028183408000075,13.70018235200007,3
51.062313420000066,13.685776925000027,3
50.92325076800006,13.63618013200005,3
50.97401232200008,13.874611789000028,3
51.15511845700007,13.983452012000043,3
51.15317476900003,14.122292986000048,2
51.29798451400006,12.521890151000036,2
51.380293348000066,12.31932708100004,3
51.37559510800003,12.361244773000067,3
51.32199714800004,12.376810920000025,3
51.31399033300005,12.451644025000064,3
51.343467059000034,12.382546349000052,2
51.11140558900007,12.429384147000064,2
51.318028825000056,12.82528306100005,2
50.73964737000006,12.576099321000072,3
50.73874181800005,12.37058270500006,3
50.357129945000054,12.07059872800005,2
50.63333243400007,12.425597138000057,3
50.74577005200007,12.745315336000033,3
50.860600856000076,12.868289701000037,3
50.921468083000036,13.039504129000022,3
51.097238926000045,12.945238549000067,3
50.88408436800006,12.80019224800003,3
51.10241489500004,13.770174456000063,3
51.03770326600005,13.737180910000063,3
50.89562531900003,13.808137525000063,3
51.46252862400007,14.102682212000047,3
51.146961281000074,14.860886685000025,2
51.502917240000045,14.466243149000036,2
51.39372616300005,12.519234464000021,3
51.19197253700003,12.446773778000022,3
51.35947662800004,12.357971299000042,3
50.78859730500005,12.729048616000057,3
50.454401586000074,12.496926122000048,3
50.575597352000045,12.541730267000048,3
50.50142787500005,12.790153899000074,2
50.83551721100008,12.92823842200005,3
50.81094378800003,12.870235064000042,3
50.922394713000074,13.328152129000046,3
50.87591961700008,13.05343485000003,2
50.90828758200007,13.035598769000046,2
50.61460260600006,12.724155652000036,2
51.02517498800006,13.761678301000074,3
51.04608141700004,13.773875874000055,2
51.05263721500006,13.769050802000038,2
51.07316642200004,13.724869654000031,3
51.033931034000034,13.77272963200005,3
51.02434241100008,13.792604826000058,3
51.05971355100007,13.762696498000025,3
51.05315370000005,13.814650956000037,3
51.05442325100006,13.812897064000026,3
51.031412541000066,13.702813409000044,3
50.98431326900004,13.753404470000078,3
51.16428605900006,13.41227234300004,3
51.15956764600003,13.487158588000057,3
50.96805459800004,13.865493082000057,3
50.95792342000004,13.938062732000049,3
50.98299406600006,14.102250256000048,2
51.15966823000008,14.97382269700006,2
51.233738954000046,14.19989183000007,2
51.50069352400004,12.281720321000023,2
51.34457254200004,12.389776750000067,3
51.34818772700004,12.392395046000047,3
51.35724516200003,12.40933035300003,3
51.33599928000007,12.408407190000048,3
51.33140013900004,12.442879284000071,3
51.32055281300006,12.376792133000038,3
51.33087221300008,12.326305261000073,3
51.335754172000065,12.330076028000065,3
51.33078420000004,12.377926838000064,3
51.332632439000065,12.371216935000064,3
50.677840297000046,12.572889670000052,3
50.79950285500007,12.712154484000052,2
50.62638776000006,12.287886932000049,3
50.574156523000056,12.373711961000026,3
51.087130270000046,12.711396859000047,3
50.82893485400007,12.555812546000027,2
50.84605547400008,12.804133388000025,3
50.82620731900005,12.97519277400005,3
50.842247917000066,12.886324991000038,3
50.58498268400007,13.01456634300007,3
51.06605635000005,13.011734992000072,3
50.72436572400005,12.712078782000049,3
50.71625784500003,12.707556804000035,3
51.047810973000026,13.776764429000025,3
51.02542553700005,13.75711225300006,3
51.05162883100007,13.776510354000038,3
51.056976699000074,13.77752818700003,3
51.08537849500004,13.737322345000052,2
51.05582225900008,13.763675531000047,2
51.06026618300007,13.881562435000035,3
50.99829480900007,13.826545378000048,3
51.011094495000066,13.821920627000054,3
51.06230620000008,13.68561795200003,3
50.969917244000044,13.712255162000076,2
50.94757047100006,13.87051673600007,3
50.95389420200007,13.936094406000052,3
50.96746917000007,13.934477892000075,3
51.304294895000055,13.384723544000053,3
51.41913273800003,13.457406159000072,3
51.179426285000034,14.449463989000037,2
51.18961391900007,14.184032916000035,3
51.19757092300006,14.409152322000068,3
51.203808465000066,14.939907818000052,3
51.546935586000075,14.57047125500003,2
51.22427060800004,12.727547650000076,3
51.41449387400007,12.332917595000026,2
51.52943632100005,12.196990409000023,3
51.316572293000036,12.317217304000053,3
51.313527005000026,12.296960123000076,3
51.33306027300006,12.377357816000028,3
51.340138711000066,12.369809415000077,3
51.34742122400007,12.391330492000066,3
51.14673326600007,12.401002825000035,3
51.20407015700005,12.701339394000058,3
51.302142109000044,13.10964540200007,3
51.63437858700007,13.006402588000071,3
50.65912311400007,12.507691848000036,3
50.50231756200003,12.13513044800004,3
50.59427186000005,12.141540985000063,2
50.748402198000065,12.371437983000021,2
50.68337051900005,12.479607773000055,3
50.557120257000065,12.96708036800004,2
50.55378974100006,12.98133226300007,2
50.991525711000065,13.129089934000035,3
50.98905237800005,13.104785978000052,2
50.59686431800003,12.63321817700006,3
50.910571970000035,13.34887653900006,3
50.79636848500007,13.481353283000033,3
50.73351399300003,12.931048359000044,3
51.027319903000034,13.754251036000028,3
51.17150967100008,13.812048598000047,3
51.06283507900008,13.74522612900006,3
51.05757113400006,13.725043111000048,3
51.05646057200005,13.656621099000063,3
50.98359157900006,13.592160615000068,3
50.83405967600004,13.806048066000074,3
51.02771624800005,13.655243142000074,3
51.186073314000055,13.44863368800003,3
51.034802985000056,14.04695324000005,3
50.97253613500004,14.27250605300003,3
51.17641552600003,14.433222302000047,2
51.153936447000035,14.092083382000055,2
51.49324790900005,14.639902500000062,3
51.08862882200003,14.670336502000055,3
50.94001394000003,14.880177347000028,3
51.32973348500008,12.38364905700007,3
51.34564869600007,12.448635199000023,3
51.281452037000065,12.376586791000022,3
51.32314297500005,12.374689053000054,3
51.36575174600006,12.372758213000054,3
50.574736890000054,12.23735003400003,2
50.432677940000076,12.30880841000004,3
50.49683805700005,12.12753342700006,3
50.81760917500003,12.84962844100005,3
50.95934207100004,13.331015531000048,3
50.90925558500004,13.336745415000053,3
50.59005765000006,13.140366585000038,2
51.044057045000045,13.797971931000063,3
50.96237859100006,13.930576017000021,3
51.207594372000074,13.638648673000034,2
51.04897979900005,13.761903515000029,3
51.156752425000036,13.785403330000065,3
51.05972967500003,13.801816777000056,3
51.11772440900006,13.788908578000076,3
51.01203373200008,13.803210582000077,3
51.07123734700008,13.727957228000037,3
50.98732086900003,13.99049481000003,2
51.163715266000054,14.994421893000037,3
51.266566874000034,14.117033721000041,3
51.33486335500004,12.442054595000059,3
51.221613544000036,12.721805792000055,3
51.31971544900006,12.277239920000056,3
51.383315510000045,12.450050116000057,3
51.30688808000008,12.22662112100005,2
51.34468831700008,12.341838152000037,3
51.29459563900008,13.110804200000075,3
50.855600596000045,12.775504780000063,3
50.749231887000064,12.716451620000043,3
50.57982129700008,11.996521526000038,2
50.83184444900007,12.882052084000065,2
50.54480399800008,12.622122539000031,3
50.65088887500008,13.368702471000063,3
50.89032111000006,13.04073476900004,2
51.060932894000075,13.750559069000076,3
51.41325463100003,13.457960098000058,2
51.114075994000075,13.856065671000067,2
51.035947401000044,13.785325042000068,2
51.056751887000075,13.827634712000076,3
51.068193148000034,13.761102203000064,3
51.08411311200007,13.62477324100007,3
51.04642471600005,13.692941679000057,3
51.30856461600007,13.284503776000065,3
51.19242866400003,14.445587809000074,2
51.17730203800005,13.838446791000024,3
51.18740268700003,14.011625194000032,2
51.03937078900003,14.535352233000026,3
51.43548808500003,12.280257148000032,3
51.39287260100008,12.205262527000059,3
51.36251162500008,12.365454503000024,3
51.32028552100007,12.330207716000075,3
51.33549473200003,12.249052930000062,3
51.33476818300005,12.326733736000051,3
51.331672549000075,12.377173584000047,3
51.107047410000064,12.489213466000024,2
51.47685052700007,12.343267527000023,3
50.71087749800006,12.417354304000071,2
50.89692856100004,12.721249832000069,3
50.46669031700003,12.087301679000063,2
50.51002435200007,12.129758289000051,2
50.92198695400003,13.384283880000055,2
50.837231934000044,12.93405167000003,3
50.765046366000036,12.925102388000028,3
50.558621265000056,12.70427015100006,2
50.72847718000003,13.200847127000031,3
50.76263988300008,12.83746688900004,3
51.11820925900008,13.631111314000066,3
51.076580877000026,13.705767090000052,3
51.10678251000007,13.609114801000032,3
51.07782387300006,13.756988484000033,3
51.03843103200006,13.612147944000071,2
51.112357530000054,13.741902108000033,3
51.04950548200003,13.760783777000029,3
51.05806812800006,13.82516564100007,2
50.93854277600008,13.862130448000073,3
50.96338151200007,13.923721447000048,3
51.44795987200007,14.259900931000061,3
50.94354695100003,14.88480245900007,3
50.872573061000026,14.684945697000046,2
50.90291575200007,14.654657075000046,3
51.37511971400005,12.412744320000058,2
51.32063432400008,12.371518253000033,3
51.28608752100007,12.429824369000073,3
51.39374167400007,12.228754378000076,3
51.40046055200003,12.192040813000062,3
51.31459608700004,12.283783774000028,2
51.26676761400006,13.204798947000029,2
50.50876766300007,12.158751281000036,3
50.628972300000044,12.287688271000036,3
50.82605993200008,12.647041312000056,3
50.53296822200008,12.17996735500003,3
50.31088565200008,12.328082755000025,3
50.80346799900008,12.373466995000058,3
50.827922657000045,12.469369511000025,2
50.75776511500004,12.805788164000035,3
50.78857123800003,12.923972787000025,2
50.58171454400008,13.006794076000062,3
51.105350110000074,12.97388754700006,3
50.85953288600007,13.130955568000047,3
51.03350482900004,13.774160990000041,2
51.04003210500008,13.770158140000035,2
51.06584627800004,13.742954207000025,2
51.11097456700003,13.776625488000036,3
51.046478258000036,13.770067642000072,3
51.070689720000075,13.728884419000053,3
51.09106537400004,13.648012960000074,3
51.03132247800005,13.549893670000074,1
50.97485280200004,13.63179221200005,3
50.87661419900007,13.675322913000059,3
51.21038496400007,13.378705559000025,2
51.10784529000006,13.632424452000066,2
50.94473163100008,13.864107103000038,3
50.95298433100004,14.251419905000034,3
51.17293078600005,14.489765224000053,1
51.08665031700008,14.070198662000053,3
51.219684147000066,14.320400551000034,3
51.43890329300007,14.262991175000025,2
51.11469575000007,13.899502731000041,3
50.95345091400003,14.728296630000045,2
51.25242865000007,12.812871160000043,3
51.34656129000007,12.389894366000021,3
51.34465812000008,12.389706156000045,3
51.230451810000034,12.813728858000047,3
50.50355269900007,12.137058834000072,2
50.26773751400003,12.300285304000056,1
50.55674875700004,12.431652562000068,2
50.20428085100008,12.315007322000042,2
50.70456448200008,12.51534732500005,3
50.72033539500006,12.482972971000038,3
51.04856080600007,13.345136468000021,3
50.90216125400008,13.246607097000037,3
50.68123715100006,12.923416892000034,3
51.07530499900008,13.734297989000027,3
51.113752704000035,13.782884288000048,2
51.02316429700005,13.74597738400007,3
51.043366149000065,13.785787174000063,3
51.07811919900007,13.757377516000076,3
51.06600692300003,13.738952028000028,3
51.103790305000075,13.864368058000025,3
51.05122510100006,13.706033586000046,3
51.080335595000065,13.649831066000047,3
50.88579520300004,13.672786059000032,3
51.11088231100007,13.623854865000055,3
50.97383434500006,14.179583493000052,2
50.968062144000044,14.744798572000036,2
51.129594945000065,14.178067153000029,2
51.46711323300008,14.12777195600006,3
51.461396265000076,14.098650779000025,3
51.505881173000034,14.642641713000046,2
51.32095644900005,12.308233382000026,2
51.34536087300006,12.40913292700003,3
51.32297632400008,12.271719989000076,3
51.331159617000026,12.373756452000066,2
51.16784894800003,13.07430854100005,3
51.36015555600005,12.384354668000071,3
51.25397186400005,12.38533816200004,3
51.343716278000045,12.39466049500004,3
51.257630995000056,12.638719258000037,3
51.49469572400005,12.565570833000038,3
50.39772752200008,12.008916817000056,3
50.69010205100005,12.660645140000042,2
50.58650174500008,13.047610786000064,1
50.864062740000065,12.873866544000066,2
51.00449358600008,13.227547300000026,3
50.79122563700008,12.839536537000072,3
50.51370885400007,12.98944004200007,3
50.66762951700008,13.326045692000037,2
51.04850720600007,13.022637839000026,3
51.06782296500006,13.77139935100007,3
51.08109746700006,13.719359853000071,2
51.026129654000044,13.767771173000028,3
51.02811346400006,13.809398934000058,3
51.02851626300003,13.82261199100003,2
51.04947098300005,13.758740773000056,3
51.10047317600004,13.735597600000062,3
51.06004741600003,13.777200272000073,3
51.18739224900003,13.524915814000053,3
51.01711565900007,13.70224736700004,3
51.082374894000054,13.652902256000061,3
50.98414182000005,13.583020927000064,3
51.162813749000065,13.487088374000052,3
51.10827449300007,13.629742944000043,2
50.92605413700005,14.167744304000053,2
51.17755574800003,14.429010220000066,3
51.094806583000036,14.42618875200003,3
51.25265288500003,14.427680366000061,3
51.179659075000075,14.406228616000021,3
51.22250878800003,14.779984718000037,3
51.44358059100006,14.133103629000061,3
51.43165313600008,14.282786878000024,3
51.08505400200005,13.928627146000053,3
51.54281543500008,14.634472986000048,2
50.89423162200006,14.792498110000054,3
51.33139380500006,12.44274555000004,3
51.363104597000074,12.373434122000049,3
51.360170079000056,12.384440923000057,3
51.34733901800007,12.371131185000024,3
51.298905551000075,12.38508345200006,3
51.29141344800007,12.444021080000027,3
51.32054529100003,12.334920709000073,3
51.344571107000036,12.389777934000051,3
51.33462519100004,12.354114018000075,3
51.34696639400005,12.37836128500004,2
51.126162108000074,12.50417446800003,3
51.22770199300004,12.80685320200007,3
50.33907696700004,12.073419346000037,2
50.531615068000065,12.404685220000033,3
50.52627129200005,12.405295194000075,3
50.85562045900008,12.745595749000074,3
50.882924642000035,12.74447733900007,3
50.81763389100007,12.54332497200005,3
51.274557783000034,12.349032929000032,3
50.575138835000075,12.638500768000029,2
50.80862378200004,12.860960345000024,3
50.84579423900004,12.910510241000054,3
51.110445877000075,13.097698293000064,3
51.12147164900006,12.902181593000023,2
50.91002997500004,13.340568353000037,3
50.68829924400006,13.135889428000041,3
50.89434399400005,13.076115230000028,3
51.028628465000054,13.75274760700006,2
51.025413299000036,13.761495633000038,3
51.03839716200008,13.775260188000061,2
51.03902863600007,13.79205231700007,3
51.07982700300005,13.80480592300006,3
51.04689894400008,13.771761439000045,3
51.02240193000006,13.686478515000033,3
51.080797715000074,13.716949617000068,3
51.00257498000008,13.68529068600003,3
51.21586470700004,13.712828423000076,3
51.23362863700004,13.400412102000075,3
51.106872880000026,13.690140460000066,3
51.14500948700004,13.570322700000077,2
50.96408063200005,13.947555195000064,3
50.95056829100008,13.973378338000032,3
51.182206636000046,14.160082990000035,2
51.18050029200003,14.441271140000026,3
51.215540271000066,14.558222914000055,3
51.182438508000075,14.497991499000022,3
51.22365755100003,13.90923467600004,2
51.28305250000005,14.122100921000026,2
51.27329072800006,14.106579786000054,2
51.49449555600006,14.639423868000051,3
51.11960663100007,14.730028280000056,3
51.35676556100003,12.414616445000036,3
51.31031329400008,12.452166194000029,3
51.54024010200004,12.362505199000054,3
51.37319565000007,12.322411848000058,3
51.30117324400004,12.262288094000041,3
51.376248978000035,12.391084242000034,3
51.37235968500005,12.342723784000043,3
51.37731369200003,12.360104217000071,3
51.34759081700008,12.242398930000036,3
51.33592433000007,12.367051717000038,3
51.17286603600007,12.374489224000058,3
51.46084594200005,12.631449739000061,3
50.47908093700005,12.363036068000042,2
50.846903560000044,12.562977502000024,2
50.55237018500003,12.516759240000056,3
50.361750863000054,12.45882438700005,3
50.824821746000055,12.54122480500007,3
50.74700164300003,12.606096133000051,2
50.79117582100008,12.786936981000053,3
51.12301471200004,13.128268588000026,2
50.766185878000044,12.828747820000046,3
51.07081545600005,13.878737060000049,3
51.01221200100008,13.779491998000026,3
51.00157454100008,13.832937044000062,3
51.09356344200006,13.698116758000026,3
50.93951826800003,13.858258136000075,2
51.189390210000056,14.359673871000041,3
51.12033251400004,14.18476811100004,3
51.02875327400005,14.58404125100003,3
51.34224303800005,12.37655796200005,3
51.37640397300004,12.394745724000074,3
51.394188564000046,12.649628655000072,2
51.12640931900006,12.496687063000024,2
51.432409334000056,12.365071388000047,3
51.32265689900004,12.516744674000051,2
51.32851658900006,12.417942680000067,3
51.354842424000026,12.522769177000043,3
51.321801237000045,12.273836261000042,3
51.332467758000064,12.377954976000069,3
51.53219814800008,12.317506206000076,2
51.535588493000034,12.318667858000026,3
50.68310446100003,12.479185087000076,3
50.30445563900008,12.32511276100007,3
50.58612672900006,12.513998248000064,2
50.68512616900006,12.488075327000047,3
50.715743993000046,12.500793910000027,3
50.65720636900005,12.97017756300005,2
50.989105764000044,13.10452246400007,3
50.83600560500008,12.92219669800005,3
50.85044998600006,12.944249239000044,2
50.82500545800008,12.900971836000053,3
50.58694358000008,12.702927789000057,2
50.56421467800004,12.790033039000036,3
50.597557531000064,12.640900136000027,3
51.157939542000065,12.934404832000041,2
51.12392114600004,13.102420305000066,3
50.70724231200006,12.843730158000028,3
51.04524130900006,13.78981439100005,3
51.06217501900005,13.745851360000074,2
51.03955227600005,13.738469425000062,2
51.03734928500006,13.778779697000061,3
51.05130931100007,13.744228432000057,3
51.05719740300003,13.611254669000061,3
50.736523727000076,13.765374990000055,3
51.01134207300004,13.470045893000076,3
51.13943165900008,13.57432934700006,3
50.92461720000006,14.133161481000059,3
51.14731438300004,14.857957190000036,1
51.05411569100005,14.391369307000048,3
51.102005536000036,14.227780328000051,3
51.20765996500006,14.530683792000048,2
51.12480658700008,14.440750501000025,3
51.39564718100007,14.241715312000053,2
51.31614828800008,14.333077795000065,2
51.11907334600005,13.972720378000076,3
51.253161532000036,13.885931006000021,2
51.505272492000074,14.640593700000068,2
50.86597213400006,14.765583272000072,3
51.32804183200005,12.309192231000054,2
51.36716380300004,12.370335781000051,3
51.13207961900008,12.499101610000025,2
51.390423035000026,12.433441969000057,3
51.34977609400005,12.447045397000068,3
51.331134313000064,12.286263270000063,3
51.29549800500007,12.207633568000062,3
51.23492842100006,13.068667853000022,3
51.55701760000005,13.000272905000031,3
50.87090903500007,12.713362610000047,2
50.523411054000064,12.40396577100006,2
50.88101969000007,12.745808368000041,3
50.794982477000076,12.499143403000062,3
50.692615654000065,12.47205021700006,3
50.87346014800005,13.297743604000061,1
50.78994084400006,13.103723108000054,2
50.937343859000066,12.682976325000027,2
50.605288259000076,12.626983305000067,3
50.91541715300008,13.35302791600003,3
50.83744989400003,12.795454668000048,3
50.84864394600004,12.817711768000038,3
50.79928074700007,12.912543990000074,3
50.87765024600003,12.980113681000034,3
50.88269870800008,12.950010389000056,3
50.75225768200005,13.072082025000043,2
51.05076434400007,13.733593002000077,3
51.03736317400006,13.743890564000026,3
51.05829731600005,13.753317897000045,3
51.119601068000065,13.788248515000078,2
51.079156596000075,13.758365033000075,3
51.037488102000054,13.597791982000047,3
50.981169832000035,13.52940568400004,3
50.95712814500007,14.090262902000063,3
50.95704722500005,14.090813239000056,3
51.084593641000026,14.619204729000046,2
51.30563290900005,14.751946426000075,3
51.370622196000056,14.06729918700006,3
50.952571986000066,14.643790791000072,3
51.34441833000005,12.37370807600007,3
51.34445672900006,12.359581475000027,3
51.36081858700004,12.372880207000037,2
51.31685252200003,12.36901006100004,3
51.27903705500006,12.175748842000075,3
51.33458747900005,12.354130819000034,3
51.34374928900007,12.378244524000024,3
51.34542372100003,12.367788578000045,3
51.13670001700007,12.550386814000035,3
51.46168334200007,12.640455202000055,3
50.50055922400003,12.201838087000056,3
50.670513792000065,12.69707082900004,3
50.83725543200006,13.322530092000022,2
50.55547848200007,12.862805596000044,2
50.64970040400004,13.25013374100007,2
50.84988649200005,13.086548742000048,3
51.06391907400007,13.73827787700003,3
51.05146248700004,14.270767166000041,2
51.065394035000054,13.741352885000026,3
51.09047313000008,13.764191237000034,3
51.06391095500004,13.738265021000075,3
50.99342568900005,13.788661431000037,3
51.04028571600003,13.701444352000067,3
50.996298300000035,13.649969812000052,3
51.285943065000026,13.32613574800007,3
51.16646226700004,13.488174343000026,3
51.02204638500007,14.219144724000046,3
51.20909017100007,14.608404651000058,3
51.17533615000008,14.452446295000072,3
51.06077733200004,14.334140345000037,2
51.25993611200005,14.306263370000067,3
51.32771271400003,14.01434090600003,3
51.29879050900007,12.33170479100005,2
51.27585868700004,12.263512078000076,3
51.31034533800005,12.54936110400007,2
51.38010335400003,12.434736971000063,3
51.36437993900006,12.214429094000025,3
51.30278383400008,12.383568572000058,3
51.26874832800007,12.501553117000071,3
51.417324663000045,12.678592308000077,3
51.24503584000007,12.555995994000057,3
51.206353455000055,12.759274004000076,3
50.347824400000036,12.245612966000067,3
50.42464264300003,12.148544178000066,3
50.851817502000074,12.950922193000054,2
50.814299919000064,12.80826293900003,3
50.86637641000004,13.051965368000026,1
50.90933871500005,12.979330836000031,3
51.074444552000045,13.72316042500006,2
51.00310142600006,13.821229777000042,2
51.08058076000003,13.713713417000065,2
51.01813890200003,13.807085547000042,3
51.04838379300003,13.716562388000057,3
51.05162480000007,13.776506391000055,3
51.08787318100008,13.835545492000051,3
51.01966714900004,13.706643064000048,3
50.99194468700006,13.760869692000028,3
50.91892368800006,14.074418533000028,3
50.885321926000074,13.90194675400005,3
51.35072518900006,13.23861798300004,2
51.00788400500005,14.00302116000006,3
51.17741732200005,14.139748347000022,2
51.09439618600004,14.30978753900007,2
51.14759494900005,14.155190187000073,3
51.06392339400003,14.95798291500006,3
51.43540905700007,14.241069743000025,3
51.32066639400006,14.023121761000027,3
51.31941391000004,12.334202396000023,2
51.317937949000054,12.296548691000055,3
51.33893388300004,12.362219072000073,3
51.34346952000004,12.382501467000054,3
51.332146624000075,12.348688309000067,2
51.34552453100008,12.406034519000059,3
51.21722820300005,12.33240364900007,3
51.09796028100004,12.524017280000066,3
51.56427716400003,12.392266826000025,3
50.48776316500005,12.13714746200003,3
50.404669469000055,12.225994679000053,3
50.862093782000045,12.852570730000025,3
50.84541740700007,12.922509511000044,3
50.546774095000046,13.03365001000003,3
50.57134385000006,12.655142757000021,3
50.95064014500008,13.246784153000021,2
50.82971563500007,13.32519276000005,3
51.06687567300003,13.518653829000073,2
51.069576029000075,13.689552715000048,3
50.943756267000026,13.763013603000047,2
50.83301181000007,13.945220372000051,3
50.93276906800003,13.913865286000032,2
50.97365923400008,13.941401725000048,2
51.36599731100006,14.061064071000033,3
51.161068423000074,13.920877038000071,3
51.18654158600003,14.02104268100004,3
51.17365046200007,13.96003870800007,3
50.948847974000046,14.666639143000054,3
50.88733023200007,14.814191728000026,3
51.485337118000075,12.728074313000036,2
51.581983695000076,12.629860842000028,2
51.37407094500003,12.47953457500006,3
51.30155519900006,12.429723161000027,3
51.21238459700004,12.325046815000064,3
51.29242760900007,12.720700700000066,3
51.49388050600004,12.279607190000036,3
51.593617265000034,12.592309107000062,3
51.53883499800003,12.803139269000042,2
51.562859837000076,13.02043175800003,2
50.67705009700006,12.512426428000026,3
50.72554968600008,12.486251159000062,3
50.820809272000076,12.758290671000054,3
50.82190090700004,12.763765309000064,3
51.153375133000054,13.121878438000067,2
51.08114993200007,12.99574070600005,3
51.009904996000046,13.729871114000048,2
51.04873121400004,13.773576527000046,3
51.082354559000066,13.747779595000054,3
51.077516357000036,13.713957269000048,3
51.05854687500005,13.72635703800006,2
51.03808598100005,13.788243280000074,3
51.03834270100003,13.837116743000024,3
51.053792187000056,13.815435918000048,3
51.141906884000036,13.773012322000056,2
51.09212029400004,13.721291195000049,3
50.99458585500008,13.653905254000051,2
50.937163171000066,13.79757765000005,3
51.350107610000066,13.496837459000062,3
51.12329969800004,13.42540006300004,3
51.10907581200007,13.570592920000024,3
50.95734362500008,13.920178543000077,3
50.95769384500005,13.941318801000023,3
51.30506702100007,13.275262442000042,2
51.20124188800003,13.307174835000069,3
51.48296857400004,14.197484468000027,2
51.24265715200005,14.170758575000036,2
51.09793632900005,13.99310900000006,3
51.09038846000004,13.976444397000023,3
51.39344786000004,14.785189034000041,2
51.54261720400007,14.633391624000069,3
50.89631768300006,14.808412989000033,3
51.29694441600003,12.385592114000076,2
51.382266549000065,12.353819990000034,3
51.35207487400004,12.408908180000026,2
51.22591433000008,12.71899079800005,3
50.82781301500006,12.547021103000077,3
50.82261112300006,12.875310185000046,3
50.86722898700003,12.854559798000025,3
50.81102391700006,12.871163929000033,3
50.61590830800003,13.053531447000069,3
50.580827441000054,12.685791856000037,3
50.84869620200004,13.085778554000058,2
50.924752099000045,12.852626671000053,3
50.91211649300004,12.801496563000057,3
51.06568937000003,14.198798350000061,2
51.05430537900003,13.814069252000024,3
51.04765220300004,13.792357953000021,3
51.300173759000074,13.409677045000024,2
50.93640775100005,14.194818744000031,3
51.15833527700005,13.972022046000063,3
51.10296906500008,14.445328300000028,3
51.33649249800004,12.371158059000038,3
51.310092216000044,12.39614602000006,3
51.34425622500004,12.384780833000036,3
51.36328288900006,12.361605594000025,3
51.36588798000008,12.72565077300004,3
51.23082894200007,12.709355128000027,3
50.47976454500008,12.362459469000044,2
50.52576627500008,12.379811048000022,3
50.798073027000044,12.703122804000031,3
50.50813709400006,12.142968431000043,3
50.57012117700003,12.171368323000024,3
50.76378565600004,12.476328246000037,2
51.00123635500006,13.340344027000071,2
50.993641970000056,13.138911715000063,2
50.64866494700004,13.158614938000028,3
50.66075024100007,13.095398355000043,3
50.98408798100007,13.111809124000047,3
51.02018322500004,13.767889780000075,3
51.00259088900003,13.743653691000077,3
50.78749734100006,13.702755034000063,2
51.05242632800008,13.807616314000029,3
51.02918132900004,13.792200279000042,3
51.01936683100007,13.83215750200003,3
51.011614241000075,13.805394787000068,2
51.03445741400003,13.721250906000023,3
51.04908393200003,13.67669737400007,3
50.93719522200007,13.783945206000055,3
51.06651099700008,13.339436827000043,3
50.95627944800003,13.92868803500005,3
50.97997980100007,13.860463456000048,3
51.29881768200005,13.264055960000064,3
51.08496840000004,14.97190409700005,2
51.144054192000056,14.44034147800005,3
51.28743910400004,14.167712970000025,2
51.20994616400003,14.578581976000066,3
51.262915304000046,14.08889133200006,2
51.17864214300005,13.825195044000054,3
51.262883411000075,13.923666405000063,3
51.50607371900003,14.642830330000038,3
51.35085603600004,12.406260236000037,3
51.305774789000054,12.45572485100007,2
51.36863882400007,12.374666132000073,2
51.365354747000026,12.45564951600005,3
51.413827154000046,12.310614524000073,3
51.320793930000036,12.371548828000073,3
51.27414833200004,12.506125821000069,3
51.12467023800008,12.495496298000035,3
51.23241660300005,12.710991936000028,2
51.23897295200004,12.729676419000043,3
51.53149071800004,12.317305428000054,3
51.307088116000045,13.096563703000072,3
50.83794008700005,12.59176203900006,3
50.648738482000056,12.474306001000059,2
50.81452244600007,12.393880774000024,3
50.83377274900005,12.926483795000024,2
50.66340202400005,12.926704050000069,3
50.54633029400003,12.997075806000055,3
50.49300927300004,12.600515813000072,3
50.91364932300007,13.35323485300006,3
50.721146616000055,12.755060145000073,2
51.009917562000055,13.830980113000066,3
51.05389173400005,13.803364243000033,3
51.13224099700005,13.74960552300007,3
51.06395561900007,13.738371118000032,3
51.16476731400007,13.477202900000066,3
51.164987619000044,13.470381407000048,2
50.98052434900006,13.869846964000033,3
51.31379840200003,13.263557839000043,3
50.97522507300005,14.260810830000025,3
51.08955646800007,14.425932480000029,2
51.142142292000074,14.966902867000044,3
51.02703431100008,14.749789001000067,3
51.056570211000064,14.812254605000078,3
51.30176142300007,12.30196473500007,3
51.293298391000064,12.530451154000048,2
51.37588168700006,12.378247176000059,3
51.28599523200006,12.429468819000022,3
51.33957070400004,12.379014245000064,3
51.22764884700007,12.805684839000037,3
51.462231925000026,12.344012940000027,3
50.85100065000006,12.790700377000064,2
50.73958789300008,12.452030447000027,3
50.482673875000046,12.379732924000052,3
50.78752607900003,12.386552686000073,3
50.581728920000046,12.687102993000053,3
50.835247139000046,12.888303731000065,3
50.96536581300006,13.799511542000062,3
51.055143428000065,13.723527612000055,3
51.04597467700006,13.675354994000031,3
51.008603218000076,13.658562844000073,2
50.98473627100003,13.934815596000021,3
50.932400048000034,14.046538448000035,3
51.34747761400007,14.331280434000064,2
51.195115025000064,14.446087571000078,3
51.17998437000006,14.44549304000003,3
51.18650567000003,14.895624454000028,3
51.37675595600007,12.323097637000046,3
51.31045804300004,12.45211006900007,3
51.33473598000006,12.37080316600003,3
51.24528786500008,12.668016688000023,3
51.41584588400008,12.83318977700003,3
51.51874936200005,12.318362169000068,3
50.68529588200005,12.490147341000068,3
50.45747841600007,12.362934514000074,2
50.83239206600007,12.90342636500003,3
50.672590584000034,12.986081944000034,3
50.74442205200006,13.48741771400006,2
50.82326258000006,12.958584978000033,3
50.832423497000036,12.897109698000065,3
50.74768803500007,12.928762342000027,3
50.80705937100004,13.351354891000028,2
50.91472523600004,13.337037900000041,3
51.070090952000044,13.725434921000044,2
51.04939330000008,13.794659026000033,3
51.080879277000065,13.725150706000022,3
51.01882687700004,13.72654560500007,3
51.26904418100003,13.534964854000066,3
51.19281766700004,13.72750839400004,3
51.11818199100003,13.602125143000023,3
51.17497896900005,14.527969118000044,3
51.18767641200003,14.636961787000075,3
51.14933367500004,14.988978817000032,3
51.145597225000074,14.981099505000032,3
50.95679176500005,14.652668178000056,3
51.08376149400004,14.660215633000064,3
51.33566107200005,12.386543922000044,3
51.36252856500005,12.36553751200006,3
51.30908332200005,12.396278451000057,3
51.32801127600004,12.309105312000042,3
51.31479670400006,12.374194033000038,3
51.31698751500005,12.413872317000028,3
51.32088100800007,12.36568415000005,3
51.344568096000046,12.263068733000068,3
51.34451308100006,12.377084005000029,3
51.34776603100005,12.391761850000023,2
51.32666637400007,12.386576992000073,3
51.22076641000007,12.335280346000047,3
51.14054996800007,12.342489041000022,3
51.12379787900005,12.47750872100005,3
51.369775092000054,12.745888998000055,3
51.32452310200006,13.145272589000058,3
50.58604574300006,12.276459698000053,3
50.66656989200004,12.69608905900003,3
51.39022189500008,12.241351180000038,3
51.02565881700008,12.952486366000073,1
50.55936788900004,12.745560313000055,3
50.837949630000026,12.89751086900003,3
50.83551982600005,12.928222271000038,3
50.821918829000026,12.925825832000044,3
50.97831521900008,13.110693541000046,3
50.70604279500003,12.759321499000066,3
51.016023576000066,13.700148023000054,3
51.04837724600003,13.765588026000046,3
51.02209017200005,13.750314270000047,3
51.05741755200006,13.72450417400006,3
51.078765445000045,13.719767159000071,3
51.09662934800008,13.718976432000034,3
51.12583005100004,13.580529041000034,3
50.95872906500006,13.939056712000024,3
51.38848053400005,13.478758136000067,3
51.42916050900004,14.195909434000043,2
51.17916962600003,14.431175233000033,2
51.13301893100004,13.967367439000043,3
50.89199830900003,14.806932349000022,3
50.89628177800006,14.814575278000063,3
51.33574470900004,12.356283431000065,3
51.52164475100005,12.601749360000042,2
51.40016205200004,12.39295859300006,3
51.365310521000026,12.353146888000026,3
51.33665873500007,12.381540492000056,3
51.30802260100006,12.344731643000046,3
51.33067997900008,12.316179343000044,3
51.34392832600008,12.376960304000022,3
51.33588171100007,12.378360550000025,3
51.34168151800003,12.406082823000077,3
51.34168785800006,12.406080092000025,3
51.34435864000005,12.384969555000055,3
51.36702590200008,12.73768483200007,3
51.45855162200007,12.19054989500006,3
51.53465082300005,13.00335367200006,2
50.70228607900003,12.447219322000024,3
50.49104706400004,12.182927760000041,2
50.805888209000045,12.924182495000025,3
50.812673251000035,12.830527270000061,3
50.82990281600007,12.910304274000055,3
50.574922138000034,12.718042745000048,2
50.586361804000035,12.720203952000077,3
50.79309063200003,13.318768426000076,3
50.910829877000026,13.32247105600004,3
50.84610574800007,13.084319501000039,3
50.69891339900005,12.768775849000065,3
51.03835250900005,13.775216529000033,2
50.98275886300007,13.840063391000058,3
51.03304050200006,13.724414791000072,3
51.04928598200007,13.720703492000041,2
51.047343460000036,13.739230993000035,3
51.04230621000005,13.751632573000052,3
51.04024962900007,13.743464089000042,3
51.04891556900003,13.809909189000052,3
51.10634731600004,13.734857968000028,3
51.11423317900005,13.781225496000047,3
50.99962615700008,13.831342903000063,3
50.99867005900006,13.799516421000021,3
51.08463857400005,13.727806488000056,3
51.04891632700003,13.697514297000055,3
51.03180973700006,13.564203422000048,3
51.10371577300003,13.402985501000046,3
51.11864576000005,13.57327852800006,3
51.121448807000036,13.592974683000023,3
51.10007723900003,13.68900300200005,3
50.97489759700005,13.941212149000023,3
50.97903962300006,13.872568328000057,3
50.97219970400005,14.265370947000065,2
51.37377429000003,14.878689855000061,3
51.45621476000008,14.26129549600006,2
51.158345687000065,14.73902260400007,3
51.423687046000055,14.21306594300006,3
51.44582379900004,14.106919611000023,3
51.371806313000036,12.40944855400005,3
51.34208257300003,12.358635244000027,3
51.35732445100007,12.377066694000064,3
51.33545597400007,12.328756462000058,2
51.20088027200006,12.966366699000048,3
51.346891209000034,12.340622533000044,3
51.39445143800003,12.215945698000041,3
51.30838008400008,12.261205869000037,3
51.348839001000044,12.406071023000038,3
50.508716495000044,12.144961522000074,3
50.60730332000003,11.996672574000058,3
50.275817318000065,12.23717891900003,2
50.60818962500008,12.242799235000064,3
50.78918619600006,12.695740276000038,3
50.31883413800006,12.260308374000033,3
50.33234989600004,12.158933964000028,2
50.60698971700003,12.172477225000023,3
50.71916867400006,12.464300072000071,3
50.62241621900006,12.735355336000055,2
51.05382624200007,13.074621677000039,2
50.844677270000034,12.91233240400004,2
50.85628604100003,12.916876221000052,3
50.842146650000075,12.936703634000025,3
50.77567176200006,12.925606595000033,3
50.56376063700003,12.733924642000034,2
50.80075243200008,13.22880611100004,3
50.84959241400003,13.294496775000027,3
51.03296841400004,13.775359490000028,3
51.038676449000036,13.801502302000074,3
51.02205115600003,13.603525673000036,2
50.91940166300003,14.139866523000023,2
51.04709900600005,13.77565919500006,2
51.03439268500006,13.753485259000058,3
51.04234199100006,13.788415262000058,3
51.063582405000034,13.822114211000041,3
51.05732851500005,13.741016353000077,3
51.05328834000005,13.748651127000073,3
51.02759353700003,13.768963029000076,3
51.04450471100006,13.781922370000075,3
51.09954253300003,13.687980838000044,3
51.19959424600006,13.30583796600007,3
51.31926663200005,13.315209742000036,3
50.922895839000034,14.136800188000052,3
51.155027145000076,14.00668348000005,3
51.17550777800005,14.44202782900004,3
51.29315939300005,14.786498300000062,2
51.382149586000025,14.08079762500006,3
51.145147904000055,14.021442487000058,3
51.11441101100007,13.91131105900007,3
51.233774819000075,13.846151708000036,3
51.22392989000008,12.441264713000066,3
51.47668325500007,12.343410538000057,2
51.34212825000003,12.223286881000035,2
51.31422710000004,12.362814618000073,2
51.31881246900008,12.521042912000041,3
51.33569748000008,12.330102192000027,3
51.34574341800004,12.26784876000005,3
51.33782944500007,12.332436417000054,3
51.30083684700003,12.31318273100004,3
51.32601742600008,12.40745382600005,3
51.210387784000034,12.327870050000058,3
51.23877739400007,12.72321193700003,3
51.52336349600006,12.336483395000073,3
51.52551959600004,12.336992172000066,3
51.48740468500006,12.461254131000032,3
51.328130326000064,13.009528088000025,3
50.79491612700008,12.350629801000025,2
50.82486613700007,12.518563025000049,3
50.75656040700005,12.63269409700007,3
50.36639047400007,12.217006773000037,3
50.911638993000054,13.324577325000064,2
50.84573857500004,12.903574306000053,3
50.80631072400007,12.890101258000072,3
50.833545524000044,12.882374754000068,3
50.49721554000007,13.026591745000076,3
50.91739604500003,13.339262146000067,3
50.90991726200008,13.04069888400005,3
51.02161266300004,13.83352603700007,3
51.01334266100008,13.79130483800003,2
51.05668564800004,13.725569667000059,3
51.056337159000066,13.766102255000021,3
51.04295072100007,13.751706998000031,3
51.05314293600003,13.73806387600007,2
51.099512650000065,13.694723985000053,3
51.05261974200005,13.714304267000045,3
51.107368750000035,13.772816729000056,3
51.107346740000025,13.772801249000054,3
51.03588106800004,13.718070648000037,3
51.02291787900003,13.760878947000037,3
51.02606411800008,13.714524510000047,3
51.08866866300008,13.732482355000059,3
51.07419339900008,13.723507290000043,3
51.079103055000076,13.613751942000022,2
50.97967668600006,13.783783590000041,2
51.09932755500006,13.688417597000068,3
51.10659090300004,13.641141513000036,3
51.00719981700007,13.81883339500007,3
50.963720171000034,13.934011441000052,2
51.32326703500007,13.375536319000048,3
50.925863056000026,14.165245226000025,2
51.38331223200004,14.051098804000048,2
51.15449540800006,14.000686810000047,3
51.142099924000036,14.243061689000058,3
51.187069406000035,14.64854088800007,3
51.145085778000066,14.142803428000036,3
51.14273833000004,14.983175567000046,3
51.191551451000066,14.933374570000069,3
51.27005730700006,14.732867336000027,3
51.39702281400008,14.294191064000074,3
51.442596242000036,14.267282686000044,3
51.23541359400008,14.130566336000072,3
51.109928739000054,13.918752466000058,3
51.26361359100008,13.903166241000065,3
51.50352800700006,14.637152644000025,2
50.884529745000066,14.809469479000029,3
51.18744658300005,12.307942255000057,2
51.40111634900006,12.398443907000058,2
51.31751726700003,12.418814074000068,3
51.225335217000065,12.386276372000054,2
51.35003254900005,12.376504155000077,2
51.38784573000004,12.423160857000028,3
51.31471732400007,12.368234365000035,3
51.35051496400007,12.463780825000072,3
51.33423135600003,12.383013406000032,3
51.28164639000005,12.373990669000023,3
51.35074922600006,12.361391596000033,3
51.18694134200007,12.654672851000043,3
50.812401186000045,12.532372464000048,2
50.80654985800004,12.758374298000035,3
50.240075759000035,12.302635577000046,2
50.80391954000004,12.843278016000056,2
50.82571717400003,12.940613104000022,3
50.82810274800005,12.847927687000038,3
50.62786401500006,13.108149289000039,3
50.936069315000054,13.162952833000077,3
50.73825312300005,12.738094082000032,3
50.984155884000074,13.83368858600005,3
51.02471388100008,13.757893074000037,3
50.94872369900003,13.684146903000055,2
50.94680238900003,13.48627662900003,2
51.033600387000035,13.825359388000038,3
51.039359481000076,13.738108491000048,3
51.005297281000026,13.822016573000042,3
50.87253317400007,13.525453236000033,3
51.10391528800005,13.66182630700007,3
51.16357232400003,13.479808286000036,3
50.96075105800003,13.938944287000027,3
51.31793767200003,13.282253927000056,3
51.10498123600007,14.976601148000043,3
51.320919728000035,12.362624108000034,3
51.30799370600005,12.377939168000069,3
51.31135877200006,12.30879057200002,3
51.26450962600006,12.672174402000053,2
50.69367274000007,12.475163433000034,3
50.61114151000004,12.33334523600007,2
50.535743317000026,12.282327618000068,3
50.79715919900008,12.710648025000069,3
50.40176953100007,12.184107890000064,2
50.72024399400004,12.486544751000054,3
50.704978468000036,12.497521425000059,3
50.72090390000005,13.350581182000042,1
50.516516280000076,12.880214132000049,3
50.71306466600004,12.758837411000059,3
50.84808136100003,12.924736275000043,3
50.80861863700005,12.822897193000074,3
50.81466178000005,12.529368972000043,3
50.849712441000065,13.086231400000031,2
50.96889333900003,12.643514788000061,3
51.03583446300007,13.776939316000039,3
50.98464441200008,13.741383079000059,2
51.05820303200005,13.792275164000046,3
51.07171302100005,13.74869476200007,3
50.770614194000075,13.791727408000042,3
51.03623987800006,13.599795717000063,3
51.307999695000035,13.53722192600003,3
51.303326766000055,13.308005495000032,3
51.351167701000065,13.237233544000048,3
51.28297574800007,14.086242349000031,2
51.27937394700007,14.818215339000062,3
51.25864557800003,14.843450468000071,3
51.26971151200007,13.904693317000067,2
51.54445147300004,14.579160290000061,2
50.87825804900007,14.777829495000049,3
50.90036520500007,14.821045673000071,3
50.84132070700008,14.71859446600007,3
51.32038616800003,12.324276936000047,3
51.34689003300008,12.366725340000073,3
51.19525591000007,12.457000278000066,3
50.81903042000005,12.39368739300005,2
50.45062242600005,12.470640273000072,2
50.88903800400004,12.687276565000047,2
50.80844521900008,12.751732020000077,3
50.71021908000006,12.494580230000054,3
50.84734106700006,12.89985192000006,2
50.76967757400007,12.972407435000036,2
50.807679578000034,12.936359694000032,2
50.67003061400004,12.949126087000025,3
50.831509244000074,12.880703379000067,3
50.85301105900004,12.884167538000042,3
50.83371310800004,12.917630838000036,3
50.77886881000006,12.925724786000046,3
50.670475347000036,12.953842180000038,3
51.12114542900008,13.112447896000049,3
50.803628411000034,13.22826133600006,3
50.93765547700008,12.879638189000048,3
50.994706654000026,13.784686971000042,3
50.85535370600007,13.95466034900005,2
51.04961634700004,13.721835389000034,3
51.064031905000036,13.77682638400006,3
51.01946017500006,13.808422092000058,3
51.04688223000005,13.79721723800003,3
51.083374795000054,13.761298080000074,3
51.00782268100005,13.802477724000028,2
51.00087457300003,13.857055022000054,3
51.045463435000045,13.78913396400003,3
51.017838537000046,13.790517435000027,3
51.06931795000003,13.689664564000054,3
51.06522350500006,13.734777309000037,3
51.01107717200006,13.661967253000057,3
51.308468247000064,13.679166802000054,3
51.13404041900003,13.582649042000071,3
51.164417953000054,13.477943031000052,2
51.165813111000034,13.473122622000062,3
50.94131470900004,13.926812442000028,3
50.959580249000055,13.942334526000025,3
51.303832492000026,13.260911866000072,3
50.95662411100005,14.107655216000069,2
51.11863879300006,14.443890747000069,3
51.20321966500006,14.310621506000075,3
51.054965491000075,14.415581703000043,3
51.14813618000005,14.977686378000044,3
51.441950105000046,14.301160193000044,3
51.28769285200008,14.252363583000033,2
51.285055732000046,14.107651316000045,3
51.339630690000035,14.498030656000026,3
51.10205699000005,14.668686180000066,3
51.03270606800004,12.533703115000037,2
51.31924289900007,12.406523411000023,3
51.35993939600007,12.357150094000076,3
51.370852755000044,12.341404039000054,3
51.378713323000056,12.384746050000047,3
51.36347576700007,12.399367217000076,3
51.314764412000045,12.376616169000044,3
51.35518310400005,12.433503990000077,3
51.34200241800005,12.33053099700004,3
51.30415522700008,12.215666830000032,2
51.343085159000054,12.394907110000077,3
51.33546419100003,12.355761040000061,3
51.348313019000045,12.376192700000047,2
51.31467059800008,12.394210810000061,3
51.149316085000066,12.28611636900007,3
51.52313176500007,12.345652101000042,3
51.53512366100006,12.28760827900004,3
51.45841703200006,12.628755940000076,3
51.258015218000025,13.103856843000074,2
50.337584641000035,12.07303567300005,3
50.65346568100006,12.664188440000032,3
50.65310509100004,12.663661645000047,2
50.60619861100008,12.416603415000054,3
50.61679703500005,12.307796322000058,3
50.819466799000054,12.647718008000027,3
50.78556813500006,12.614356283000063,2
50.89359273600007,12.602751796000064,3
50.216558950000035,12.319333166000035,3
50.56158285300006,12.19824840800004,3
50.49615424600006,12.116178214000058,3
50.49220124200008,12.104044824000027,3
50.73586708400006,12.387326856000072,3
50.71919493200005,13.402800065000065,2
50.825307070000065,12.968936428000063,2
50.86151499600004,12.951843857000028,3
50.82522248500004,12.925004427000033,3
50.83882215500006,12.922549571000047,3
50.56094326500005,12.999801966000064,3
50.53445802700003,12.782561986000076,3
51.13740315200005,12.952882454000076,3
50.865889723000066,13.316676162000022,3
50.849463884000045,13.32127665400003,2
50.84210787300003,13.25628450000005,3
50.92075487500006,13.33773369100004,3
50.83076918300003,13.490694055000063,3
50.895914480000044,13.32687052600005,2
50.99450273100007,13.279663931000073,3
50.88235615700006,12.993602170000031,2
51.02007253600004,12.854712438000035,2
51.043743979000055,13.627803502000063,2
51.15098530200004,13.567912363000062,3
51.10848731400006,13.692785546000039,2
51.033081053000046,13.782506511000065,2
51.05901148800007,13.44376515600004,3
51.03866093800008,13.76221750700006,2
51.04553159900007,13.711435281000036,3
51.05315493300003,13.738072963000036,3
51.04956901700007,13.805918258000077,3
51.057375156000035,13.741050722000068,3
51.01287480700006,13.823790532000032,3
51.04729271200006,13.755731065000077,3
51.019098453000026,13.842058552000026,2
51.03381720300007,13.73088873200004,3
51.04004116700003,13.711026768000067,2
51.07135282100006,13.699098336000077,3
51.09411959300007,13.719772254000077,3
51.24208434500008,13.75591875400005,3
50.951219190000074,13.931987579000065,3
51.44235275800003,14.250705351000022,3
51.06255624600004,14.573389245000044,3
51.102305957000056,14.673119093000025,3
51.39497392800007,12.372363613000061,2
51.48857866700007,13.104381635000038,2
51.34192050200005,12.400024095000049,3
51.42584290800005,12.568917601000066,2
51.32787749900007,12.35952833400006,3
51.393084636000026,12.374756590000061,3
51.35543851700004,12.387978243000077,3
51.360541444000035,12.386423440000044,3
51.345625881000046,12.475385679000055,2
51.325510088000044,12.37006100700006,3
51.27392293400004,12.311738585000057,3
51.31635695500006,12.329605943000047,3
51.28798461300005,12.302207065000061,3
51.332798326000045,12.37366888400004,3
51.33956884400004,12.365649444000042,3
51.12134936000007,12.492984106000051,3
51.28418684800005,12.591076875000056,3
50.403385409000066,12.488384819000032,3
50.58568536300004,12.491675740000062,3
50.58976099600005,12.527011230000028,3
50.733923523000044,12.491069622000055,3
50.825238057000035,13.326161672000069,2
50.721745085000066,13.257860443000027,2
50.88649498700005,12.87274504800007,2
50.66487778700008,12.927298435000068,3
50.73833134300003,12.746373622000021,3
51.05411280200008,13.738728356000024,3
51.11859051600004,13.789598839000064,3
51.07635365400006,13.728984367000066,3
51.04229228400004,13.797652120000066,3
51.06160962400003,13.793659392000052,3
51.05331217500003,13.748633563000055,3
51.06387240000004,13.812352082000075,3
51.045719545000054,13.729419473000064,3
51.01268207700008,13.79872421500005,3
51.03302930400008,13.730263450000052,3
51.01754138800004,13.694030613000052,3
51.05038339500004,13.673123490000023,2
50.989546810000036,13.644189814000072,2
51.24182936400007,13.591673138000033,3
51.09523278800003,13.650235182000074,3
50.917360220000035,13.796377995000057,3
51.30951472400005,13.294731149000029,3
51.417332084000066,13.452250660000061,3
51.18004391900007,14.42749479300005,3
51.151240306000034,14.324516820000042,3
51.11556240800007,13.916927797000028,3
51.18146771800008,14.011458590000075,3
51.26759731900006,14.111545745000058,3
51.08176127300004,13.914949527000033,3
51.50535100900004,14.642123112000036,3
51.12771483400007,14.676339790000043,3
51.103061755000056,14.682877508000047,3
50.89245536900006,14.684503831000029,3
50.879359727000065,14.72873154000007,2
50.940383507000035,14.806921719000059,2
51.32407768100006,12.291005315000064,3
51.35082549400005,12.439545957000064,3
51.34786406500007,12.313382270000034,2
51.286050687000056,12.464107843000022,2
51.41004933700003,12.512119035000069,3
51.38026681500003,12.319231069000068,3
51.37581109300004,12.379400950000047,3
51.32069145400004,12.425997694000046,3
51.29484888300004,12.43912189300005,3
51.330196734000026,12.309905787000048,3
51.33298684700003,12.403556821000052,3
51.13304472400006,12.506651324000075,3
51.02305248600004,12.555630740000026,3
51.183705313000075,12.304130058000055,3
51.52180205900004,12.322453408000058,2
50.513842649000026,12.098409568000022,1
50.705171052000026,12.500416947000076,3
50.83718760700003,12.764669490000074,2
50.50914755000008,12.400026786000069,3
50.66896795000008,12.443138618000035,2
51.08019065500008,12.933330657000056,2
50.83854794400003,12.909733525000036,3
50.83993310100004,12.927597329000037,3
50.86509604100007,12.957969152000032,2
50.96979410600005,13.431325447000063,2
50.70159273100006,13.058347505000029,2
51.06673484600003,13.77253362600004,3
51.047412432000044,13.736802470000043,3
51.08215217900005,13.697962679000057,3
51.056749370000034,13.298275554000043,3
51.03771087600006,13.737157798000055,3
51.03467997300004,13.770834376000039,3
51.05057207700003,13.736580372000049,3
51.044861637000054,13.72486278100007,3
51.06476172500004,13.741048768000041,3
51.058788622000066,13.812859532000061,3
51.07584330100008,13.73928369500004,3
51.00215590300007,13.841493264000064,3
51.084523888000035,13.706987992000052,3
50.88857393500007,13.80302647700006,2
51.166856934000066,13.493729937000069,3
50.96419161400007,13.940778565000073,3
51.09721104100004,14.389646759000073,2
51.19159170700004,14.44735363500007,3
51.19659317000003,14.599074245000054,2
51.28987256700003,14.828670450000061,3
51.39778503000008,14.394279538000035,3
51.27562880000005,14.097549135000065,2
51.11047105500006,13.967544100000055,3
51.18267901200005,13.819499636000046,3
51.36799698500005,12.460418536000077,3
51.376395642000034,12.394748915000037,2
51.34177926900003,12.40478461400005,3
51.26012525500005,12.894627559000071,2
51.325109386000065,12.298176269000066,2
51.52432785500008,12.197129620000055,3
51.27978645600007,12.367977918000065,3
51.31469406400004,12.36847318100007,3
51.33348637800003,12.460387464000064,3
51.32460022500004,12.295211361000042,3
51.31575522900005,12.37317461200007,3
51.56907884800006,12.603514085000029,3
50.73586195100006,12.387346868000066,2
50.81129516400006,12.694604455000047,2
50.80914541200008,12.70573680800004,3
50.591881459000035,12.355504562000021,3
50.59763080100004,12.247019746000035,3
50.48647819200005,12.138128662000042,3
50.51634919500003,12.218063968000024,3
50.67023193400007,13.317661284000053,3
50.86580303000005,12.848564766000038,2
50.586210780000044,12.948928427000055,2
50.83738845400006,12.940027562000068,2
50.66743008100008,12.902242074000071,3
50.595516789000044,12.704530813000076,3
50.52390909800005,12.789607900000021,2
51.13287464900003,13.009299919000057,3
50.69962294900006,12.767365612000049,3
51.04725007300004,13.755764744000032,3
51.16454498600007,13.67971738700004,3
51.032286627000076,13.777077924000025,3
51.07259739700004,13.786195732000067,2
51.05942872500003,13.424481828000069,3
51.04951698200006,13.758715978000055,3
51.08340282100005,13.76131768700003,3
51.06467579100007,13.742014233000077,2
51.06690768300007,13.73927937700006,3
51.064499097000066,13.842107399000042,3
51.02346283800006,13.743355846000043,3
51.01971316500004,13.729676649000055,3
51.01725039300004,13.672443761000068,3
51.040003170000034,13.667325585000071,3
51.10728559000006,13.625185059000046,3
51.15385444800006,13.521458791000043,3
50.959753395000064,13.939502189000052,3
51.18839999700003,14.379386159000035,2
51.18759220600003,14.406965101000026,2
51.27477180100004,14.587395151000067,3
51.16776531900007,14.65582002800005,3
51.12069538600008,14.179951140000071,3
51.194446896000045,14.465062937000027,3
51.08078216300004,14.028784546000054,2
51.25000825400008,12.275052678000065,3
51.46637578500008,12.743823341000052,3
51.33576158900007,12.374087618000033,3
51.32676057000003,12.305242725000028,2
51.36334030800003,12.395691097000054,3
51.272608382000044,12.377293376000068,3
51.35543275800006,12.459161574000063,3
51.33057373300005,12.414589972000044,3
51.058404944000074,12.680268266000041,3
51.52991619200003,12.33289824600007,3
51.49646829500006,12.427266896000049,3
51.29074364300004,13.051336425000045,3
50.32378872600003,12.39547473400006,3
50.54133860300004,12.310049209000056,3
50.85406060300005,12.568529273000024,3
50.44326875000007,12.063434936000021,3
50.48920203200004,12.145386816000041,3
50.53314917500006,12.135321271000066,2
50.738146451000034,12.376928607000025,3
50.729447047000065,12.487350668000033,3
50.75797740100006,12.506564658000059,3
50.78749114300007,12.897478209000042,3
51.123280013000056,13.124052782000035,2
50.92751703500005,13.359720925000033,3
51.002188157000035,12.992857492000041,3
51.06171758100004,13.752164575000052,3
51.023849925000036,13.768355719000056,3
51.07860216500006,13.690962949000038,3
50.72508794100003,13.708064458000024,2
50.75910905000006,13.778031503000022,2
50.954456099000026,13.979608013000075,3
51.31998378900005,13.373460543000022,2
51.15046939200005,14.58284311400007,2
51.27487683000004,14.329541583000037,3
51.15059884300007,14.97762083200007,3
51.18365076900005,13.819033717000025,3
50.89739994400003,14.693069216000026,3
51.15372391500006,12.282716406000077,3
51.11830489700003,12.51815206200007,3
51.37552666800008,12.497867399000029,3
51.29484888300004,12.43912189300005,3
51.33813287700008,12.474772552000047,3
51.31445177900008,12.302966560000073,3
51.09857763300005,12.52664194600004,3
51.395243460000074,13.00410591900004,2
51.54259604400005,13.184974861000057,2
50.31088703900008,12.328092037000033,3
50.809391987000026,12.702432220000048,3
50.39953606500006,12.095925497000053,2
50.64206871500005,13.022130309000033,2
50.85271955200005,12.85263036400005,2
51.12196425500008,13.689015502000075,3
51.02776631300003,13.759536971000045,2
51.047323402000075,13.737859563000029,3
51.05513914100004,13.739461429000073,3
51.28455826100003,13.794665444000032,2
51.30623898500005,13.510922140000048,3
51.037792867000064,14.160853007000071,2
51.100462701000026,14.501157472000045,3
51.19453078400005,14.669724876000032,3
51.182589654000026,15.00132465300004,3
51.35064315100004,14.155329744000028,3
51.091206525000075,13.984683304000043,3
50.893986021000046,14.802285361000031,3
50.89690412400006,14.823205261000055,3
51.335933544000056,12.334229913000058,3
51.46676464600006,12.658771057000024,2
51.26312938700005,12.70013399100003,2
51.361982288000036,12.36749345800007,3
51.34188666000006,12.358135455000024,3
51.37077218200005,12.85086418700007,3
51.33150813600008,13.093545826000025,3
50.688354057000026,12.417277629000068,2
50.495649411000045,12.123326028000065,3
50.41624265000007,11.974565623000046,3
50.307295442000054,12.336183050000045,2
50.812483040000075,12.376535880000063,2
50.678321836000066,12.513559042000054,2
50.74564292700006,12.672995667000066,2
51.12090126500004,13.11752836900007,3
51.12269854800007,13.118017179000049,3
50.75968520500004,13.333633853000038,2
50.92165823000005,13.338383056000055,3
50.62877068200004,13.109423095000068,3
51.084365932000026,13.691912255000034,2
51.03307361100008,13.774457403000042,3
51.12739040000008,13.55748888100004,3
50.96578210400003,13.85010554400003,3
51.07919304200004,13.71102828200003,3
51.04474729300006,13.769798604000073,3
51.06124787500005,13.760125566000056,3
51.12066949600006,13.796146194000073,3
51.02182912300003,13.716096669000024,3
51.09568674800005,13.714000637000026,3
51.095063614000026,13.695992837000063,3
51.05655461300006,13.297477833000073,3
50.96946054800003,13.932205956000075,3
51.137603339000066,14.992585059000078,3
51.172672172000034,14.407284795000066,3
51.101637579000055,14.444792613000061,2
51.42803554100004,14.234291127000063,3
51.105330226000035,13.976431177000052,3
51.21891601400006,13.809467012000027,3
50.90133563900008,14.81943775800005,3
51.096009880000054,14.66419017100003,3
51.36226862900003,12.437259840000024,2
51.36219353700005,12.381743440000037,3
51.33895295700006,12.381859559000077,3
51.32069992000004,12.376790695000068,3
51.229783594000025,12.231519448000029,2
51.21931329100005,12.332337213000073,3
51.31698826000007,12.413869378000072,2
51.342516352000075,12.30387293800004,3
51.337472939000065,12.330714744000034,3
51.11386002800003,12.420433107000065,3
51.45240400800003,12.782187563000036,3
51.52656724700006,12.338626172000033,2
50.652181435000045,12.497403127000041,3
50.83172751700005,12.629601345000026,3
50.668863214000055,12.526936532000036,2
50.72581485100005,12.493899892000059,3
50.788098852000076,12.901522144000069,2
50.82322471300006,12.942416985000023,3
50.833453356000064,12.910775930000057,2
50.56242131700003,12.999044304000051,3
50.91540761500005,13.336904727000046,3
50.77738088400008,13.093512261000058,3
50.73047254800008,13.056276917000048,3
51.25070711300003,13.687425021000024,2
50.91971397700007,13.884177704000024,1
51.13001034800004,13.749016451000045,2
51.028002567000044,13.797230642000045,3
51.04344355100005,13.78324082000006,3
51.05707221800003,13.726103860000023,3
51.06017482200008,13.777374769000062,3
51.12422743500008,13.745820351000077,3
51.00995677600008,13.801132925000047,3
51.02561399600006,13.839860819000023,3
51.089304800000036,13.71048858100005,3
51.085694380000064,13.692649430000074,3
50.970471073000056,13.70930781100003,3
51.009545564000064,13.660513538000032,3
51.16686119700006,13.493682271000068,3
51.41104753900004,14.57311485300005,2
51.17978716400006,14.402684957000076,2
51.179716358000064,14.447860999000056,2
51.141328169000076,14.441269542000043,3
51.18742276300003,14.446774327000071,3
51.14150796500007,14.24560613400007,2
51.12303162000006,14.183049167000036,3
51.19597647900008,14.369803642000022,2
51.14028024300006,14.411610890000077,3
51.24768938900007,14.789918530000023,2
51.144868968000026,14.819180009000036,3
51.14429574700006,14.994092616000046,3
51.470667449000075,14.137046905000034,2
51.28848046300004,14.116234118000023,3
51.28558119400003,14.003031164000049,2
50.95582578300008,14.652731214000028,3
50.89446159400006,14.791567224000062,3
51.28928647100008,12.521325958000034,1
51.38876505200005,12.425057020000054,3
51.31287719200003,12.395057181000027,3
51.37327548600007,12.47719743600004,3
51.34141207500005,12.43354707100002,2
51.29484129000008,12.439132466000046,3
51.351543098000036,12.405643849000057,3
51.28466703000004,12.425395839000032,3
51.29889386000008,12.384987726000077,3
51.32305230400004,12.326599188000046,3
51.34461685100007,12.274783322000076,3
51.34647541600003,12.391943322000031,3
51.33138533200008,12.367580675000056,3
51.33814056600005,12.385211232000074,3
51.34972996700003,12.354855991000022,3
51.34311607700005,12.370032816000048,2
51.14997104200006,12.28711590100005,2
51.127483889000075,12.50366568000004,3
51.36845747900003,12.743213448000063,3
51.29982012600004,13.092004811000038,3
50.593630682000025,12.337847428000032,3
50.284950594000065,12.230201260000058,2
50.46297095600005,12.441348812000058,3
50.78932177100006,12.731726159000061,3
50.309490751000055,12.339222429000074,3
50.71044004100003,12.380193274000021,2
50.69141627000005,12.48036795300004,3
50.71796686700003,12.457963805000077,2
50.62837520000005,12.825724821000051,3
50.541134956000064,13.022114544000033,1
50.83894426100005,12.845639317000064,3
50.85052216200006,12.841891948000068,3
50.84667057400003,12.805406806000065,3
50.83228083400007,12.92440074500007,3
50.82772887300007,12.957755519000045,3
50.82581947700004,12.895785218000071,2
50.83376457300005,12.89822268200004,3
50.83234997000005,12.903141266000034,3
50.79811434100003,12.912135592000027,3
50.52826743600008,12.943002598000021,3
51.16854467200005,12.980110576000072,3
50.937989412000036,13.416931115000068,3
51.04733321500004,12.794611529000065,3
51.07564461100003,12.910029176000023,3
51.106961401000035,13.734524804000046,2
51.23048232900004,13.80032759900007,2
51.03675087100004,13.770541410000021,3
51.06631227500003,13.75996236800006,3
51.08960551200005,13.742225261000044,3
51.06477907500005,13.740606065000065,3
51.02874071700006,13.720318084000041,3
51.071326483000064,13.686338825000064,3
51.055258414000036,13.538125025000056,3
50.95741922000008,13.930983226000023,3
50.97706754700005,14.164414794000038,3
50.970860670000036,14.273707676000072,3
51.176915705000056,14.429126211000039,2
51.375138056000026,14.326898499000038,3
51.135750829000074,14.001298923000036,2
51.28136513800007,14.10590350800004,3
51.15713272700003,13.888594684000054,3
51.507168368000066,14.62290542200003,3
51.50224593400003,14.711793915000044,3
51.01347083100006,14.931384893000029,3
50.880215845000066,14.722185160000038,3
51.00917179900006,14.575567542000044,3
50.90100967700005,14.802030757000068,3
50.862191102000054,14.725167963000047,2
51.008482902000026,14.587785386000064,3
51.36707573600006,12.37461741900006,2
51.37194814500003,12.331284974000027,3
51.34333427000007,12.408870731000036,3
51.38988368400004,12.39251345200006,3
51.388469892000046,12.367532248000032,3
51.34259871200004,12.442674815000032,3
51.26968401600004,12.364681498000039,3
51.309109817000035,12.375256824000076,3
51.33927922500004,12.38002485900006,3
51.336454321000076,12.371138095000049,3
51.16655987100006,12.25359630500003,3
51.27903925900006,12.751064332000055,3
51.56589749900007,12.974400145000061,3
51.55610301200005,12.990962899000067,3
50.79762244800003,12.443701425000029,1
50.48835707400008,12.220977177000066,2
50.589055544000075,12.39911995400007,2
50.76084948700003,12.621419874000026,3
50.879739132000054,12.645096459000058,3
50.37990907500006,12.350697961000037,2
50.682108665000044,12.503942008000024,2
50.732440334000046,12.512195275000067,3
50.686836637000056,12.498315698000056,3
50.70482661800003,12.462461921000056,2
50.750157079000076,12.484383008000066,3
50.71435783000004,12.784040986000036,3
50.81614290200008,12.857492938000064,3
50.561606339000036,12.83111249500007,2
50.91629055200008,13.346625514000038,3
50.718085159000054,12.784835379000071,3
51.033265818000075,13.826687136000032,2
51.01437497000006,13.72085052600005,2
51.043202490000056,13.788626228000055,3
51.078287758000045,13.740494386000023,3
51.062870943000064,13.754042223000056,3
51.04194150400008,13.706668156000035,3
51.10943621900003,13.610743180000043,3
51.10239745100006,13.63387810100005,3
51.121669061000034,13.592844379000041,3
51.13604718600004,13.584754796000027,3
50.96196289200003,13.933989850000046,2
50.96473032400007,13.957665357000053,2
50.91580918500006,14.029159384000025,2
51.40921356100006,13.444839211000044,2
51.039260557000034,14.213869142000021,3
51.49741473200004,14.349061757000072,2
51.164897557000074,13.922365284000023,3
51.056595568000034,14.368048255000076,3
51.17972561600004,14.447863480000024,3
51.12423322300003,14.973298230000069,3
51.29241377800008,14.828010909000056,3
50.971725151000044,14.597620945000074,2
50.92034298200008,14.86235556400004,3
51.37586932700003,12.377405329000055,3
51.29633511700007,12.372354613000027,2
51.352855943000066,12.303607475000035,2
51.32881199800005,12.327703409000037,3
51.39431515200005,12.373211488000038,3
51.30277511200006,12.320994593000023,3
51.33115624700008,12.286312924000072,3
51.32247549200008,12.33145655800007,3
51.33219921800003,12.344384987000069,3
51.33253962100008,12.350502616000028,3
51.32861954700007,12.373392329000069,3
51.15625967300008,12.283973366000055,3
51.231232127000055,12.715996372000063,3
51.52160604800008,12.352979494000067,2
51.56364916500007,12.922344690000045,3
50.51384966300003,12.169447227000035,3
50.35533088900007,12.468212813000036,2
50.85557197500003,12.775502281000058,3
50.87973969500007,12.645781943000031,3
50.773512194000034,12.675334333000023,3
50.75446530900007,12.693582634000052,3
50.50013351200005,12.222517192000055,2
50.67525124900004,12.520512327000063,2
50.737218220000045,12.622245345000067,3
50.91935612100008,12.981409891000055,2
51.091919965000045,12.931653251000057,2
50.83887105200006,12.881934902000069,3
50.822102277000056,12.936354472000062,3
51.097791630000074,12.978274346000035,3
50.79385647700008,13.392810376000057,2
50.87790529100005,13.401349088000075,3
51.00005805300003,13.836121674000026,3
51.16388920700007,13.473733474000028,3
51.05231822300004,13.75806256900006,3
51.04394954600008,13.724940680000032,3
51.02986216900007,13.771211557000072,3
51.048417861000075,13.66636840600006,3
50.78315709600008,13.83261781300007,3
51.07415248700005,13.522548349000033,3
51.17788996500008,14.447167294000053,3
51.17972439700003,14.447863152000025,3
51.361186658000065,14.816480591000072,3
51.440080770000066,14.24910729000004,3
51.52048122800005,14.722558525000068,3
51.33154741300007,12.381466001000035,3
51.34561171900003,12.40441293300006,3
51.17186336700007,13.04105319000007,3
51.368138689000034,12.348582212000053,3
51.30550131000007,12.37373696700007,3
51.34060426100007,12.314400815000056,3
50.66275894000006,12.341162395000026,2
50.507237651000025,12.418484300000046,2
50.49264838100004,12.299481010000022,3
50.572711308000066,12.24081985600003,3
50.80243636800003,12.726311862000045,3
50.83560528900006,12.469634112000051,3
50.48425284800004,12.140332068000077,3
50.618134317000056,12.431022631000076,3
50.85078446300008,12.945569903000035,2
50.932340484000065,12.687748389000035,3
50.932684479000045,12.687679618000061,3
50.85759000200005,12.864776125000049,3
50.55519698100005,12.992441703000054,3
51.14891719800005,12.970087491000072,3
51.015331907000075,14.084350542000038,2
51.048287722000055,13.734295796000026,3
51.067177995000065,13.339328316000035,3
51.05985677600006,13.466079990000026,2
51.04923685500006,13.812209043000053,3
51.11630353700008,13.755575480000061,3
51.06253858600007,13.746974962000024,3
51.07611764600006,13.748209605000056,3
51.03509767500003,13.807538504000036,3
51.02503502500008,13.761785157000077,3
51.05565285600005,13.722526366000068,3
51.27023221300004,13.52285420100003,2
51.29143944500004,13.587557094000033,3
51.150997148000044,13.567593699000042,3
51.15712294800005,13.593907268000066,2
51.15447756200007,13.461906111000076,3
50.96438408400007,13.855810165000037,2
50.95728167500005,13.919413818000066,3
50.87552821600008,13.942970519000028,3
51.30191015200006,13.709587545000034,2
51.271146111000064,13.432381657000064,2
50.94374441900004,14.331893403000038,3
51.17974513100006,14.433874231000061,3
51.16889221400004,14.487457937000045,3
51.12230769700005,14.338832532000026,3
51.14561400300005,14.981188718000055,3
51.373723082000026,14.79202136400005,3
51.02912129200007,14.768369160000077,3
51.003508828000065,14.612733148000075,3
51.06004739900004,14.721324180000067,2
51.08140387100008,14.577030617000048,3
50.896223630000065,14.801526306000028,3
50.90731186700003,14.838163508000036,3
51.35417804400004,12.542021869000052,3
51.44063851200008,12.926884245000053,2
51.22223625200007,12.376350066000043,3
51.35115110800007,12.434046179000063,3
51.333670848000054,12.606801267000037,2
51.45247277800007,12.417072391000033,3
50.39722689600006,12.006894694000039,3
50.36843075000007,12.469269448000034,3
50.891083672000036,13.374119346000043,2
50.80305930000003,13.245381383000051,2
50.88283695700005,13.331322370000066,3
50.71010488200005,12.78195001000006,3
51.013218625000036,13.673548895000067,2
51.10670945500004,13.431476246000045,3
50.857041974000026,13.752650105000043,3
51.02595800100005,13.749020831000053,2
51.19235998100004,13.342585782000072,3
50.958778754000036,13.946442037000054,2
51.33197251300004,13.348305761000063,2
51.35196898200007,13.234719440000049,3
51.01440084200004,14.09334691500004,2
51.149463268000034,14.952696102000061,3
51.05038115500008,14.638075167000068,3
51.34302818900005,12.375054160000047,2
51.242078133000064,12.385357326000076,3
51.60284239600003,12.974760544000048,2
50.62744258400005,12.524303664000058,2
50.61199854300003,12.33568684000005,3
50.79591518700005,12.756028838000077,2
50.49087724000003,12.158548170000074,3
50.45371371900006,12.090466023000033,3
50.582787996000036,12.448206133000042,2
50.72183060500004,12.470471232000023,3
50.61561154100008,13.048937110000054,2
50.919701057000054,12.987332495000032,2
50.83959986000008,12.906269455000029,3
50.834124587000076,12.922631435000028,3
50.89493349000003,13.332377370000074,3
51.02151734900008,12.954706846000022,3
51.04704724900006,13.721774502000073,3
51.03381022700006,13.783099234000076,3
51.13273161600006,13.584951329000035,3
51.06166100100006,13.793374184000072,3
51.04537511900003,13.775581759000033,3
51.084521264000045,13.815547904000027,3
51.01113130700003,13.822468292000053,3
51.01715906700008,13.830232672000022,3
51.04233094500006,13.680986692000033,3
50.919673113000044,13.583507349000058,3
51.31564458100007,13.44509910100004,3
50.97622135700004,13.924522188000026,3
51.31472915400008,13.263167173000056,3
51.19737915800005,14.365304391000052,3
51.180945070000064,14.413010504000056,3
51.176105921000044,14.431251304000057,3
51.14655374800003,14.990515481000045,3
51.11192629200008,14.921969019000073,3
51.46874123900005,14.203084125000032,2
51.26596338400003,14.092954777000045,2
51.14660714300004,14.017965950000075,3
50.88799045300004,14.811500060000071,3
51.332804457000066,12.45732589000005,3
51.37584539100004,12.37822295500007,3
51.24698869700006,12.349839411000062,3
51.23798020300006,12.61439507800003,2
51.25419260100006,12.274948992000077,2
51.36734213900007,12.461173514000052,3
51.32447710800005,12.369720888000074,3
51.31891073700007,12.415404995000074,2
51.32129329500003,12.291777595000042,3
51.34432265300006,12.283781125000075,3
51.31208954500005,12.28479610100004,3
51.34203632200007,12.358646093000061,3
51.47017099200008,12.666486544000065,2
51.30026418300008,13.10463016400007,3
51.55944946800008,13.016421884000067,3
50.81465700600006,12.757225665000021,3
50.44233951100006,12.001243815000066,3
50.69556092900007,12.694977477000066,3
50.71478291600005,12.495457371000043,3
50.82419840100005,12.89870415400003,3
50.83387598000007,12.915635104000046,3
50.82227926500008,12.892304391000039,3
51.09976938300008,12.97798276800006,2
50.82883441100006,13.094892425000069,3
51.03948036600008,13.737741675000052,3
51.074282968000034,13.76248008300007,3
51.10372106700004,13.86902040700005,1
51.03210578300008,13.726504291000026,3
51.01088643000003,13.808395251000036,3
51.28545725400005,13.513352467000061,3
51.09697030800004,13.67017553200003,3
51.125831660000074,13.580300234000049,3
50.96060300900007,13.931059530000027,3
50.92657815100006,14.240506924000044,3
51.167491992000066,13.862302708000072,2
51.17692832600005,14.429123704000062,3
51.14942227800003,14.975459158000035,3
51.364109332000055,14.31146777400005,3
51.18264020100003,14.014811317000067,3
51.19788675600006,13.794289062000075,2
51.10611081600007,14.62670743600006,2
51.37359308100008,12.47807046500003,2
51.36387372200005,12.401755611000056,2
51.358959094000056,12.53863947900004,3
51.34626413500007,12.48506743200005,2
51.376242801000046,12.390740638000068,3
51.371034767000026,12.377062109000065,3
51.39384957100003,12.22024282700005,3
51.32425099000005,12.424198166000053,3
51.356076477000045,12.435288849000074,3
51.32106030700004,12.421904478000044,3
51.28585615800006,12.365412971000069,3
51.313737040000035,12.28405811700003,3
51.34342327600007,12.324217384000065,3
51.33537017100008,12.351281115000063,3
51.33813593200006,12.38506078100005,3
51.50805600500007,12.357807501000025,3
50.67388913800005,12.699702337000076,1
50.848493519000044,12.774323940000045,3
50.85561701600005,13.088468778000049,2
50.65546565500006,13.236467097000059,2
50.87488548600004,12.828594138000028,3
50.82208987100006,12.936385635000022,3
50.98774811200008,13.33241074700004,3
50.72583256200005,12.691527827000073,3
51.059666778000064,13.718880539000054,3
51.061369401000036,13.679625244000022,3
50.94777074900003,13.873984213000028,2
51.34509290600005,13.71651520100005,2
51.05244501900006,13.773311344000035,3
51.04532882900003,13.739710242000058,3
51.03594716400005,13.785325252000064,3
51.058383449000075,13.839048237000043,3
51.07245249600004,13.747679335000043,3
51.03568233000004,13.743552073000046,3
51.077827797000054,13.702159384000026,3
51.04141700100007,13.70697016500003,2
50.965468463000036,13.646422092000023,3
50.836351757000045,13.944461259000036,3
50.84261998000005,14.016767512000058,3
51.31133691300005,13.292512373000022,3
50.98404294800008,14.106158279000056,3
51.49216902100005,14.159621300000026,3
51.106595225000035,13.916189649000046,3
51.11594658700005,13.918109920000063,3
51.13902062000005,14.00594226800007,3
50.890431945000046,14.805279985000027,3
50.89997136900007,14.811260592000053,3
50.956616014000076,14.72236371200006,3
51.32972597300005,12.345094010000025,3
51.60298158100005,12.961056714000051,2
51.194045697000035,12.444078171000058,3
51.359857661000035,12.398802142000022,3
51.37541476700005,12.361285616000032,3
51.35510090400004,12.42377801200007,3
51.381278931000054,12.493333172000064,3
51.37639095500003,12.385277098000074,3
51.284291006000046,12.375779580000028,3
51.29825143700003,12.327070414000048,3
51.32672331200007,12.32771168000005,3
51.34401090800003,12.304791352000052,3
51.33280106300003,12.375384746000066,3
51.34356610800006,12.390701228000069,3
51.566911032000064,12.996912301000066,3
51.56040282300006,13.008585220000043,3
50.47285547800004,12.146258867000029,3
50.63017714000006,12.28216423200007,3
50.809601275000034,12.749450100000047,3
50.50402811400005,12.218671068000049,3
50.53198027800005,12.402991504000056,2
50.657533122000075,12.667678746000036,2
50.803692719000026,12.37270300800003,3
50.90140198100005,13.03408842500005,3
50.81709480100005,12.85726709000005,3
50.88701247500006,12.987450762000037,3
50.562779370000044,12.641103263000048,2
50.53609374300004,12.787376342000073,3
50.59085182700005,12.700089046000073,3
50.614377510000054,12.676048789000049,2
51.15333604400007,13.12182077500006,2
50.90673374600004,13.349437825000052,3
50.85805702000005,13.319559961000039,3
50.828602327000056,13.361529844000074,2
50.855985901000054,13.072692442000061,3
50.72484224500005,12.785399798000071,3
50.70877152500003,12.773847423000063,3
51.056734875000075,13.748479966000048,3
51.07246644800006,13.285335700000076,2
51.112902054000074,13.773892658000022,3
50.86662158300004,13.706697294000037,3
51.055821828000035,13.346711714000037,2
51.051257676000034,13.748920897000062,3
51.05389711200007,13.738460419000035,3
51.05016250300008,13.757305359000043,3
51.067652906000035,13.758265805000065,3
51.01726946000008,13.784531408000078,3
51.02903145300007,13.71846341500003,3
51.05786326900005,13.714537288000031,3
51.07885193100003,13.707576505000077,3
51.169357399000035,13.502493210000068,3
51.02733819600007,13.608567522000044,3
51.00001660200007,13.647953878000067,3
51.16647171000005,13.488153018000048,3
51.12389648900006,13.568718555000032,3
51.21085233600007,13.727112220000038,3
50.95779635700006,13.939859083000044,3
50.92036663200008,13.928720579000071,3
50.96883607400008,13.937263599000062,3
50.96890648800007,14.255969920000041,3
51.364225797000074,14.305521602000056,3
51.292522235000035,14.823171783000078,2
51.12830319200003,14.91598158100004,3
51.44317897700006,14.090130139000053,3
51.37969614600007,14.076283750000073,3
51.467114080000044,14.134024258000068,3
51.17613421800007,14.044864618000076,2
51.50509649800006,14.641859843000077,3
51.12719630700008,14.700501042000042,3
51.01488173900003,14.736357045000034,3
50.89776759200004,14.655995697000037,3
51.50060485300003,12.339102419000028,2
51.32114604800006,12.362301031000072,3
51.30219073600006,12.651386546000026,2
51.350364453000054,12.44712518800003,3
51.40052819200008,12.410345069000073,3
51.366518142000075,12.404196723000041,3
51.37157297700003,12.385719195000036,3
51.37625082200003,12.401031897000053,3
51.38124763900004,12.318120604000057,3
51.34613892900006,12.370211554000036,3
51.31593508000003,12.368647262000025,3
51.350261482000064,12.479339094000068,3
51.32870119100005,12.384286941000028,3
51.32617223300008,12.390542633000052,3
51.239942822000046,12.736108301000058,3
51.51026935800007,12.330022760000077,3
50.47211179100003,12.028428100000042,1
50.78636457300007,12.72369472400004,3
50.858650279000074,12.767603030000032,3
50.79986022800006,12.699995818000048,3
50.84566096100008,12.370936339000025,3
50.71828586400005,12.464379171000076,3
50.719978103000074,12.593676909000067,3
50.82797197100007,12.935708135000027,2
50.59053255800006,13.044843779000075,3
50.60547512000005,12.630930912000053,3
50.914103913000076,13.337383961000057,3
50.980012989000045,12.974980623000022,3
50.70591538300005,12.779291689000047,2
50.70972049900007,12.77605395300003,3
51.05390973300007,13.738498424000056,3
51.06351731700005,13.845338699000024,2
51.05781734900006,13.824043785000072,2
50.92068091200008,14.063659933000054,2
51.036155776000044,13.78139109500006,3
51.00996420900003,13.701206314000046,3
50.99663588200008,13.45362323300003,3
51.357647230000055,13.598239016000036,2
51.08108616800007,13.278076598000041,2
51.132160731000056,13.582000896000068,3
50.89393770200007,14.007487269000023,3
50.93938125600005,14.13275286000004,3
51.15682210800003,14.985034710000036,3
51.169746720000035,14.958888741000067,3
51.27420646300004,14.110132590000035,3
50.96029641800004,14.889300020000064,2
51.334429743000044,12.264466291000076,2
51.39282396100003,12.290420547000053,3
51.30699014000004,12.381913359000066,3
51.30086019100003,12.59784718900005,2
51.362861215000066,12.363479773000051,3
51.37165369600007,12.418908353000063,3
51.372129683000026,12.330775556000049,3
51.37903008200004,12.220919242000036,3
51.310091631000034,12.396314241000027,3
51.307895408000036,12.268213612000068,3
51.318109194000044,12.309950657000059,3
51.350600772000064,12.341793147000033,3
51.32664286800008,12.370404439000026,3
51.05499565400004,12.65205654700003,3
51.016050016000065,12.642509692000033,2
51.45824454600006,12.350079703000063,3
51.460975448000056,12.631957061000037,3
51.24940032500007,13.193229563000045,3
50.62690717000004,12.30478841200005,3
50.811806955000065,12.692321094000022,2
50.82919013700007,12.418218937000063,2
50.87248875000006,12.608219143000042,3
50.44153304300005,12.094058611000037,3
50.64582867200005,12.655278106000026,3
50.81491317600006,12.392272734000073,3
50.91936188900007,12.981413746000044,2
50.84524137300008,12.938480818000073,3
50.52607434200007,12.833404177000034,3
50.76995264400006,13.293253413000059,2
50.96786290400007,13.42593940300003,2
50.70457926500006,13.224476782000067,3
50.76360005300006,13.090499363000049,3
51.03757341800008,13.610495125000057,2
51.193415978000075,13.489734383000041,2
51.05502876500003,13.739386369000044,3
51.03148397100006,13.730377301000033,3
51.15466464900004,13.774282467000035,3
51.03898250700007,13.719892229000038,3
51.05807538400006,13.710022957000035,3
51.07283839300004,13.649479317000043,3
51.000014460000045,13.64795864000007,3
51.05358813200007,13.53632009200004,3
50.84763842700005,13.661523837000061,2
50.893889623000064,13.665487046000067,3
51.02758840100006,13.654485330000057,3
50.94407869200006,13.74307761600005,1
51.10236274300007,13.359815697000045,3
51.16990442400004,13.480117078000035,3
50.92436604300008,13.986966671000062,3
51.17675916300004,14.628182146000029,2
51.24108337500007,14.594739731000061,2
51.33142013600008,14.539823032000072,3
51.15367846800007,14.98749225000006,3
51.077921666000066,14.03470377900004,3
51.548440087000074,14.59056184800005,3
50.97424485400006,14.612730104000036,3
51.06868198900003,14.516661672000055,3
51.013874945000055,14.581590232000053,2
51.28588095100008,12.36234945700005,2
51.22072379800005,12.211877738000055,2
51.37634931500003,12.394766655000069,3
51.34355772500004,12.385379361000048,3
51.43183691400003,12.369825736000053,3
51.42528542800005,12.403098580000062,2
50.70542956400004,12.496042551000073,2
50.84945721300005,12.641916756000057,2
50.52410043300006,12.331193727000027,3
50.57835837500005,12.231729302000076,3
50.82895135000007,12.523019012000077,2
50.80759095700006,12.726417378000065,3
50.723700171000075,12.494647972000053,3
50.80637214600006,12.970589439000037,1
50.66741123500003,12.965033738000045,2
50.614363412000046,12.98573741100006,3
51.03859675000007,12.904192986000055,3
51.04982104800007,13.73894518000003,3
51.03055273500007,13.788144889000023,3
51.051791897000044,13.746120057000041,2
50.95745873000004,14.06716635400005,3
51.057791801000064,13.883322760000055,3
51.14634890500008,13.800351490000025,2
51.036301724000054,13.723618713000064,3
51.02697229800003,13.768544346000056,3
51.03744144800004,13.744055719000073,3
50.84500916700006,13.665255061000039,3
50.76170002500004,13.776440753000031,3
51.16128694000008,13.454859715000055,3
51.00625818000003,13.951573902000064,3
50.97583667500004,13.87200529100005,3
50.94440388100003,14.010629141000038,2
51.32325700000007,13.317916665000041,3
51.04055348800006,14.13296265300005,3
51.41409425100005,14.587516651000044,3
51.107059322000055,14.20177459200005,3
50.93280893600007,14.605744371000071,2
51.34345548500005,12.414806228000032,2
51.36347576700007,12.399367217000076,3
51.33744987500006,12.381259937000038,3
51.33609393200004,12.475396482000065,3
51.12333689500008,12.505182082000033,3
50.57834324000004,12.231758570000068,3
50.52680574200008,12.18502654200006,3
50.82557253200008,12.53843626500003,3
50.49496766500005,12.128924678000033,2
50.783211434000066,12.486497560000032,3
50.863902507000034,12.901237695000077,3
50.84515191600008,12.93689746800004,3
50.850341394000054,12.930985146000069,3
50.83595711300006,12.907047873000067,3
50.807567651000056,12.935326043000032,3
50.88567842000003,12.78850262700007,3
50.59447926300004,12.700081528000055,3
51.11063522900008,13.133028103000072,2
50.85916552100008,13.173591690000023,3
50.68477418100008,12.841909771000076,3
50.72559013400007,12.702913369000044,3
50.71219504000004,12.664387594000061,2
50.700613934000046,12.848559470000055,3
51.07740813400005,13.716960260000064,2
51.04241767500008,13.682931997000026,2
51.06229539000003,13.686069036000049,3
51.063610021000045,13.759364364000021,2
51.091125067000064,13.701525082000046,3
51.05109128500004,13.769618965000063,3
51.06610912000008,13.75481895400003,3
51.07316311200003,13.741943008000021,3
51.061898186000064,13.75211232600003,3
51.15855593500004,13.793830772000035,3
51.04287737400006,13.79542792500007,3
51.18486797600008,13.555135326000027,3
51.15974542400005,13.470199777000062,3
50.95608951100007,14.09888713600003,3
50.85536250100006,13.954655582000044,3
50.92116030500006,14.175657709000063,2
51.13457656700007,14.18839930300004,3
51.174074595000036,14.435252087000038,3
51.117404203000035,14.979750024000055,3
51.364108248000036,14.311469040000077,3
51.11491708700004,13.91502534700004,3
51.34724298800006,12.445620069000029,3
51.34641484600007,12.392111255000032,3
51.35109777100007,12.446641071000045,3
51.324072931000046,12.401573184000029,2
51.28498003300007,12.394413197000063,3
51.40015034500004,12.392962199000067,3
51.303665254000066,12.374139992000039,3
51.30924241500003,12.389476702000024,2
51.31046022900006,12.276430159000029,3
51.35711853300006,12.291031887000031,2
51.357430402000034,12.365640919000043,3
51.33818835300008,12.376287357000024,3
51.337906915000076,12.360298983000064,3
51.11669548000003,12.834864233000076,3
51.63664610100005,12.886349353000071,3
50.83259066100004,12.759660413000063,2
50.509352963000026,12.403389228000037,3
50.53408575000003,12.116312547000064,2
50.51615588400006,12.135584552000068,3
50.92467734600007,13.293343303000029,2
51.025621053000066,13.264459549000037,3
50.92155693800004,12.693452464000075,3
51.04847694000006,13.344659405000073,3
50.876060609000035,12.910758307000037,3
50.51121378600004,12.816960941000048,3
51.02025746500004,13.811818283000036,2
51.05995811900004,13.777080691000037,3
51.06943140700008,13.694811689000062,3
51.055520741000066,13.722774752000078,2
51.06268801200008,13.669865529000049,3
51.04475352800006,13.769783156000074,3
51.06474552200007,13.741239819000043,3
51.085046660000046,13.762460404000024,3
51.04272123000004,13.691446364000058,3
50.977767527000026,13.62289365600003,2
51.28844997200008,13.531799342000056,3
51.06659530600007,13.28389586700007,3
51.12972601600006,13.580793416000063,3
50.89521474600008,13.989336799000057,3
50.94633268100006,13.942783396000038,3
50.95740769100007,13.931061783000075,3
50.996189755000046,13.956946551000044,2
51.234112304000064,13.211150711000073,3
51.30315314100005,13.297349374000078,3
51.09868410100006,14.233158727000045,3
51.18592560700006,14.651396341000066,3
51.17691907300008,14.428505363000056,3
51.43238386100006,14.274613012000032,3
51.33471657700005,13.980868239000074,3
50.890452442000026,14.805303038000034,3
51.34083815400004,12.353638003000071,2
51.33225779500003,12.343631079000033,3
51.167745711000066,13.071464315000071,3
51.183595936000074,12.461826596000037,2
51.37614694400003,12.365041312000074,3
51.39615704500005,12.218928367000046,3
51.33566774900004,12.375152626000045,3
50.72027573400004,12.484739429000058,3
50.73583127000006,12.486080658000049,3
50.73129166100006,12.501069973000028,3
50.648489581000035,13.162709119000056,2
50.72365544400003,12.725492877000022,3
50.83466891100005,12.924674218000064,3
50.84811253400005,12.945501243000024,3
50.838711087000036,12.901308329000074,3
50.420678888000054,12.971042571000055,3
50.62438859500003,13.050146033000033,3
50.90159017900004,13.345662937000043,3
50.636029317000066,12.815542231000052,2
51.060040806000075,13.787919885000065,2
51.04991092300003,13.72325972300007,3
51.11996909100003,13.691228699000021,2
51.052123710000046,13.80683205400004,3
51.03493685900003,13.790135572000054,3
51.02168685700008,13.803232281000021,3
51.03082883800005,13.780341834000069,3
51.061816340000064,13.855015847000061,3
51.05877765100007,13.777364163000072,3
51.010316067000076,13.829985711000063,3
51.02389759600004,13.763131963000035,2
51.007887838000045,13.848428953000052,3
51.02498603200007,13.769900699000061,3
51.06637253100007,13.596423639000022,3
51.05848908400003,13.707249097000044,3
51.06030558000003,13.552525893000052,3
51.08865694600007,13.730426495000074,3
51.02949569500004,13.66050941800006,3
51.00268517500007,13.666656196000076,2
51.25073533600005,13.547920430000033,3
51.09390119600005,13.690917074000026,3
51.04552978500004,13.302325339000049,3
50.917720151000026,14.156081060000076,3
51.05571761600004,14.440816210000037,3
51.075890996000055,14.361981610000043,3
51.26350153100003,14.80777090500004,2
51.44103304500004,14.257774349000044,3
51.177382038000076,14.013384764000023,3
51.16898474100003,13.82415738800006,3
50.98043905000003,14.783216051000068,2
50.950551818000065,14.730005649000077,2
51.394756089000055,12.212966180000024,3
51.40193432500007,12.459177348000026,3
51.18338146700006,12.585223789000054,2
51.304600092000044,12.424702688000025,3
51.37613981900006,12.38545990800003,3
51.29482071700005,12.398348811000062,3
51.339720502000034,12.490224640000065,3
51.32207464900006,12.373632990000033,2
51.32747672900007,12.307275478000065,3
51.12959668600007,12.501266130000033,3
51.518100520000075,12.909299073000057,3
50.51035608800004,12.398478523000051,3
50.48260036200003,12.094443820000038,2
50.51094077100004,12.145781292000038,3
50.438184945000046,12.11559408200003,2
50.90946078500008,13.338231844000063,3
50.55800041400005,12.617237576000036,3
50.829629415000056,12.955105643000024,3
50.90751017800005,12.72454631200003,3
50.841403858000035,12.934507284000063,3
50.81164963500004,13.01279904200004,3
50.82332732100008,12.925672177000024,2
50.67484859100006,12.975731219000068,3
50.49432193000007,12.603239691000056,2
50.50523847900007,12.516519662000064,2
51.07371850200008,13.015903023000021,3
51.15349392200005,13.122037760000069,3
50.880361022000045,13.338309762000051,3
50.879891058000055,13.049879900000064,2
50.62885195900003,12.80506071800005,3
50.728729358000066,12.789198257000066,3
51.03244374500008,13.701977963000047,3
51.02789440200007,14.211121440000056,3
51.24957807200008,13.779695246000074,3
51.051676789000055,13.707352351000054,3
51.36552547800005,13.527655138000057,3
51.036367151000036,13.592291450000062,2
51.03327800300008,13.774387646000037,3
51.033639943000026,13.77892844300004,3
51.04826819300007,13.787909864000028,3
51.06162932600006,13.752190106000057,3
51.06171864500004,13.752164267000069,3
51.06234820800006,13.751982134000059,3
50.99996622900005,13.805155661000072,3
51.019177514000035,13.75785806600004,3
51.08269311600003,13.72982920000004,3
51.03468723200007,13.678655304000074,3
51.00658214600003,13.787013086000059,3
50.94437096400003,13.795068548000074,2
50.96670138400003,13.63799632000007,2
50.85819124500006,13.805483691000063,3
51.32092058400008,13.743434397000044,3
51.02359413700003,14.181710671000076,3
51.228069755000035,14.910394284000063,2
51.132429254000044,14.983969353000077,3
51.28027531600003,15.027292061000026,3
51.119589964000056,13.920749036000075,3
51.34432489100004,12.305000824000047,3
51.33012043700006,12.575668553000071,2
51.33981649700007,12.47690982100005,2
51.60102226400005,12.576203442000065,2
51.346933371000034,12.493027823000034,3
51.19923587400007,12.96962099700005,2
51.415081186000066,12.313471886000059,3
51.36775097200007,12.362777447000042,3
51.266697957000076,12.458520174000057,3
51.32088179300007,12.365684041000065,3
51.31466119400005,12.368331646000058,3
51.11822602700005,12.486685247000025,3
51.578947517000074,12.696706579000022,3
51.294377215000054,13.118675414000052,3
50.59752853300006,12.325551954000048,3
50.30930498100008,12.33309422700006,3
51.32034552700003,12.328776786000049,3
50.789587795000045,13.096929904000035,2
51.122299618000056,13.104740092000043,2
51.04946682600007,12.813885287000062,2
50.961298449000026,13.07235705000005,3
50.810937918000036,12.870815528000037,3
51.10243214500008,12.952900559000057,3
50.751322052000035,13.075008581000077,2
50.97180380200007,13.122984388000077,3
51.087553642000046,13.697088846000042,3
50.97360172000003,14.27233225200007,3
51.03240272000005,13.80491582600007,2
51.06243487200004,13.787294738000071,3
51.064920114000074,13.75300349500003,3
51.06253227600007,13.745384501000046,3
51.073216298000034,13.76562672700004,3
51.02762188400004,13.713904178000064,3
51.06353103200007,13.68993436200003,3
51.12383805800005,13.584220973000072,3
51.17314156300006,13.493089974000043,3
50.92994654300003,13.901125818000025,3
50.95013778800006,13.941112341000064,3
50.96736482700004,13.933603143000028,3
51.026357086000075,14.210580970000024,3
51.27451484000005,14.105790746000025,2
51.20285037600007,14.248806046000027,3
51.16955663300007,14.418656700000042,3
51.14505571300003,14.989414864000025,3
51.152079334000064,14.967065031000061,3
51.44093791300003,14.24667289100006,2
51.077192515000036,14.035317845000066,2
50.89217707100005,14.811018704000048,3
51.054140930000074,14.497349187000054,3
51.337640288000046,12.355785304000051,2
51.33623783000007,12.37088422100004,2
51.35792420100006,12.281989453000051,3
51.347865916000046,12.262867977000042,2
51.35268364800004,12.398898965000058,3
51.356823458000065,12.417087862000074,3
51.35264975700005,12.398849435000045,3
51.31958464100006,12.421959116000039,3
51.32077500100007,12.276725008000028,3
51.35032375800006,12.357854172000032,3
51.32102040700005,12.361311071000046,3
51.34621489500006,12.394432951000056,3
51.341924352000035,12.368984883000053,3
51.346032758000035,12.396527344000049,3
51.26831312100006,12.78568972200003,3
51.43511098100004,12.491259658000047,3
51.59101344700008,12.583766988000036,3
51.282050748000074,13.131735985000034,2
51.43967501100008,13.184000901000047,3
50.75857903700006,12.312660853000068,3
50.416708079000045,12.172640750000028,3
50.58696456500007,12.740949680000028,2
51.04989853200004,13.136465405000024,2
50.747243696000055,13.486302254000066,2
50.846355747000075,12.909593990000076,3
50.81472848400006,12.95405831100004,2
50.44470357000006,12.87099598900005,3
50.444668265000075,12.727594661000069,3
51.12112785800008,13.142971153000076,3
50.765722545000074,13.098166889000026,3
50.705509567000036,13.053264991000049,3
51.102446633000056,13.667807397000047,3
51.05016134700003,13.701577772000064,3
51.02994395400003,13.79014600100004,3
51.030589887000076,13.701585840000064,3
51.062173544000075,13.728543133000073,3
51.061839262000035,13.681563278000056,3
50.98385754600008,13.631516205000025,2
51.16300941600008,13.596886218000066,3
51.099237137000046,13.680499354000062,3
51.45744711200007,14.232899651000025,2
51.23943942000005,14.422869239000022,2
51.13589006500007,14.284520443000076,3
51.23160132000004,14.447272690000034,3
51.09519953500006,14.870484212000065,3
51.31926715000003,12.420515895000051,2
51.33150359800004,12.35846143200007,3
51.37641463300008,12.399328894000064,3
51.36388113600003,12.359112938000067,3
51.28232750800004,12.383109663000027,2
51.290047171000026,12.390850227000044,3
51.25412916000005,12.384915000000035,3
51.335451567000064,12.383643292000045,3
51.33573708900008,12.378765807000036,3
51.34513035900005,12.413535208000042,3
51.30553312100005,12.381280311000069,2
51.22141528900005,12.714739482000027,3
50.74724427700005,12.44177862600003,3
50.860252511000056,12.768407774000025,2
50.265203403000044,12.300882095000077,3
50.69333258300003,12.438318261000063,3
50.62743134100003,12.583304265000038,3
50.71600260100007,13.411137993000068,2
50.55325387000005,13.01704806600003,3
50.83087540200006,12.957782713000029,3
50.83568860200006,12.907142150000027,3
50.61836203400003,13.034224090000066,3
50.89337905100007,13.372543147000044,2
50.69890879600007,12.888704407000034,2
51.01435866300005,13.720603434000054,2
51.08307705000004,13.761095057000034,3
51.03882401200008,13.71804376800003,3
51.03607733200005,13.633524216000069,3
50.76273909300005,13.762891738000064,3
51.24653871800007,13.478875236000022,2
51.13947214700005,13.574303599000075,2
51.105353156000035,13.655576374000077,3
51.09445379400006,13.473147785000037,3
50.99956374100003,13.923747709000054,3
50.91928517300005,14.075859846000071,3
51.40069350400006,13.374417882000046,2
51.10961367300007,13.969641047000039,1
51.13046151600008,14.986079807000067,3
51.24279014100006,14.973601433000056,2
51.06427895100006,13.965189683000062,2
51.01983854400004,14.56547964200007,3
51.338111783000045,12.410248890000048,3
51.34682512400008,12.255757607000021,2
51.29180361500005,12.352367680000043,2
51.464641948000065,12.445491185000037,2
51.37493279000006,12.354287533000047,3
51.216166401000066,12.330377504000069,3
51.33154515700005,12.318536981000022,3
51.34991113400008,12.394093627000075,2
51.360898949000045,12.372537499000032,3
51.054598886000065,12.692061167000077,2
51.49631967400006,12.745631415000048,3
50.79796304300004,12.699418991000073,3
50.716185239000026,12.662524189000067,3
50.762651265000045,12.837472125000033,3
50.87860364100004,12.869772971000032,3
51.14557904800006,13.110084285000028,2
51.05853465400003,13.886479400000042,3
51.31965998100003,13.254077865000056,2
51.07396602600005,13.739053557000034,3
51.13696456900004,13.736424052000075,3
51.036416863000056,13.741114937000077,3
51.040948746000026,13.779708182000036,3
50.94640115900006,13.764954879000072,3
50.99248778500004,13.851611480000031,3
51.06305396600004,13.692472696000038,3
51.05891226700004,13.703946418000044,3
50.93639336500007,14.064246186000048,2
50.960984127000074,13.933321565000028,3
50.897640642000056,14.17069256700006,3
50.954738072000055,13.935125003000053,3
51.296448749000035,13.305182901000023,3
51.29774467300007,13.304551510000067,3
51.02066140800008,14.218305109000028,3
51.42836249900006,14.648085122000055,1
51.146942324000065,14.372278240000071,3
50.961909965000075,14.629429218000041,3
51.43135226800007,14.599235666000027,2
51.326521298000046,12.26969598900007,2
51.40228014100006,12.346105211000065,2
51.32630560000007,12.265139573000056,3
51.32250373100004,12.29164273400005,3
51.381762181000056,12.501485656000057,3
51.40280035900008,12.204746957000054,3
51.31454821500006,12.394022504000077,3
51.317716045000054,12.31023514900005,3
51.34119505900003,12.385358200000042,3
51.34662683500005,12.389991348000024,3
51.19448001400008,12.461510346000068,3
51.24214346000008,12.729370372000062,3
51.463952842000026,12.517534865000073,2
51.29853307500008,13.108660276000023,3
51.55649617500006,12.915081842000063,3
51.558769735000055,12.992590694000057,3
50.425603670000044,12.065132709000068,3
50.51638209500004,12.386509666000052,3
50.853023843000074,12.454523679000033,3
50.84872416700006,12.45986993200006,3
50.81791199000003,12.643282912000075,3
50.84613058900004,12.464540120000038,3
50.81991725200004,12.416783812000062,3
50.810387166000055,12.385143046000053,3
50.711042545000055,12.47272980200006,3
50.711193096000045,12.473167984000042,3
50.80302046700007,12.94723816100003,2
50.82688549200003,12.833664081000052,3
50.79881524100006,12.854393526000024,3
50.82172166500004,12.96358415900005,3
50.82830500700004,12.924053504000028,3
50.835902487000055,12.905917647000024,3
50.90347683400006,12.807167112000059,3
51.09962679700004,13.60769399700007,3
51.01801271900007,13.706289125000069,3
51.05954340900007,13.444979534000026,3
51.000855493000074,13.835521394000068,2
51.02184786500004,13.736686666000026,3
51.05290069700004,13.753398946000061,3
51.01909831000006,13.763638339000067,3
51.015795886000035,13.786944272000028,3
50.88660750500003,13.671879667000042,3
51.10747720100005,13.634829342000046,3
50.97976330400007,13.945535259000053,2
51.414058684000054,13.446476339000071,3
51.05553043500004,14.431503142000054,3
51.19776699000005,14.365589757000066,2
51.14135416900007,14.441260192000072,3
51.17696229400008,14.423360509000076,3
51.15142209000004,14.435661564000043,3
51.29041844000005,14.488351429000033,2
50.90091864100003,14.76370459900005,3
51.46564294800004,14.230060128000048,3
50.999660696000035,14.928285682000023,3
51.35678072800005,12.376745086000028,3
51.34266701000007,12.381166019000034,2
51.327681436000034,12.51382632900004,3
51.37886668700003,12.35766267200006,3
51.36068893700008,12.442041333000077,3
51.334994778000066,12.33062502200005,3
51.34444634500005,12.376407409000024,3
51.33563599100006,12.386532677000048,3
51.34539275100008,12.408514704000027,3
51.299439602000064,13.113764530000026,3
50.42203457200003,12.337460294000039,2
50.71323861600007,12.395760018000033,3
50.90469387500008,12.740537084000039,2
50.31312728200004,12.252831359000027,3
50.363022337000075,12.223774337000066,3
50.75240727200003,12.311822991000042,3
51.18523197500008,12.847458421000056,3
50.88293642700006,13.450803662000055,3
50.90999074100006,13.33697733200006,3
50.82301508900008,13.326920178000023,3
50.70015608700004,12.702353428000038,3
51.02104833400006,13.790582289000042,3
51.03396321500003,13.723158910000052,3
51.05753093900006,13.760137832000055,3
51.030857970000056,13.780339877000074,3
51.042244495000034,13.797603146000029,3
51.11173271800004,13.805294295000067,3
50.98594928800003,13.827915483000027,3
51.01729682900003,13.761210775000052,3
51.041911137000056,13.70119752200003,3
51.03308117700004,13.729888165000034,3
51.13822019500003,13.56852232700004,3
51.072648549000064,13.527406163000023,3
51.12752360400003,13.636089751000043,3
51.21378855300003,13.714745804000074,3
51.051501493000046,13.291207124000039,3
50.98749374200003,14.016602305000049,3
50.92299337000003,14.171039419000067,2
51.10479591400008,14.19345035400005,3
51.16416121700007,14.97224278300007,3
51.445711661000075,14.263919627000064,3
51.49811902700003,14.509476224000025,3
51.032254701000056,14.673922736000065,3
51.34635825000004,12.39154592500006,3
51.33399145100003,12.392504380000048,3
51.21092672000003,12.292280686000026,3
51.351339178000046,12.306421056000033,3
51.37763916000006,12.418122374000063,3
51.32888875500004,12.311350033000053,2
51.324801068000056,12.344234076000077,3
51.336866042000054,12.337327716000061,3
51.31330759600007,12.27515696000006,3
51.33688805700007,12.370935453000072,2
51.53252610100003,12.326234721000048,3
50.451213546000076,12.228384540000036,2
50.672060249000026,12.463010828000051,2
50.62454224900006,12.308652970000026,3
50.52607858400006,12.414105112000072,3
50.500807905000045,12.134475977000022,3
50.31245420700003,12.25239437700003,3
50.71794846800003,12.483458922000068,2
50.73133930400007,12.501129911000021,3
50.55693162500006,12.831339183000068,2
50.809839357000044,12.77233827200007,2
50.85860087300006,12.767188998000051,3
50.819817483000065,12.894697779000069,3
50.54762448300005,12.776329782000062,3
50.86944230300003,13.320845088000056,3
50.853502871000046,13.006501749000051,3
50.74184083100005,12.65890203300006,3
50.60007824100006,12.807430744000044,3
51.07999181800005,13.722036070000058,3
51.03898484100006,13.733189181000057,3
50.968665945000055,14.063451507000025,2
51.04175977800003,13.721425464000049,3
51.05008748200004,13.757279277000066,3
51.029601323000065,13.783543468000062,2
50.99465039100005,13.864416900000037,3
51.09110420400003,13.701555702000064,3
51.04746361000008,13.676675384000077,3
51.01100545000003,13.680282642000066,2
51.290524162000054,13.531499583000027,3
51.10534293500007,13.65569391200006,3
50.92902473600003,14.099887084000045,3
50.980322511000054,13.928687437000065,3
51.30482582700006,13.30370533200005,3
51.30496370100008,13.418039462000024,2
51.40191261700005,14.330955202000041,1
51.12361111000007,14.192478509000068,2
51.30435135700003,12.382019294000031,3
51.313902546000065,12.405981992000022,3
51.34843723600005,12.349352027000066,3
51.34441655000006,12.364198745000067,3
51.33408775500004,12.37394368300005,2
51.36990159900006,12.397233558000039,3
51.378238331000034,12.314377807000028,3
51.38124135800007,12.387594066000077,3
51.372327916000074,12.320305002000055,3
51.34576025600006,12.46977428300005,3
51.32042494500007,12.382841511000038,3
51.31162574100006,12.373063433000027,3
51.28724656700007,12.261232015000076,3
50.59361994600005,12.337869455000032,3
50.50146532200006,12.20464279600003,2
50.50096992400006,12.354193330000044,2
50.49739873000004,12.418131419000076,2
50.87376425700006,12.726935453000067,3
50.49854956400003,12.185988929000075,3
50.80203629400006,12.384383298000046,3
50.78443363300005,12.423316022000051,3
50.85805982800008,13.319560741000032,3
50.833755042000064,12.926461231000076,3
50.79483027300006,12.891286733000072,3
50.598556243000075,12.650724302000071,3
51.06900915700004,13.184284207000076,3
50.87116391500007,13.32430486000004,3
50.87947379700006,13.326044453000065,3
50.91139621500008,12.953776005000066,2
50.92947507100007,12.706981424000048,3
50.76576595500006,12.775500470000054,3
51.11806281600008,13.763645823000047,3
51.068545810000046,13.776190816000053,3
51.03749464900005,13.577730706000068,2
51.00925298700008,13.821073659000035,2
51.04921724500008,13.687307524000062,2
51.05090349100004,13.749876467000036,3
51.04696103800006,13.765372272000036,3
51.09992484600008,13.735692060000076,3
51.07662839600005,13.75552173400007,3
51.02880519000007,13.743095438000068,3
51.048675683000056,13.71085725000006,3
51.110785071000066,13.572651545000042,3
51.09756636700007,13.284019467000064,3
51.33055471500006,13.344717433000028,3
51.30375419300003,13.266785930000026,3
51.02850660000007,14.211046193000072,3
51.182260883000026,14.43092375200007,3
51.438562965000074,14.100392981000027,2
51.35544194500005,14.166062925000062,3
51.30887715100005,13.92250843100004,3
51.181469794000066,14.002819518000024,3
50.893117364000034,14.809881992000044,3
51.043827391000036,14.820049643000061,3
51.350316485000064,12.221137399000042,2
51.316718484000035,12.414926680000065,3
51.271450378000054,12.397206639000046,3
51.306568190000064,12.422415336000029,3
51.345904164000046,12.48045989700006,3
51.29305049000004,12.427823279000052,3
51.32036829900005,12.325863105000053,3
51.34265312800005,12.30187709200004,3
51.34318142500007,12.396086037000032,3
51.34437274100003,12.370063501000061,3
51.45740581200005,12.56883541600007,3
51.561365495000075,12.996922589000064,3
50.73341746400007,12.477778424000064,2
50.84825608300008,12.461942607000026,3
50.41685055000005,12.06389596400004,3
50.73172924000005,12.481358642000032,3
50.84452421900005,12.92404964700006,3
50.80828348500006,12.952580617000024,2
50.843502854000064,12.939224930000023,3
50.77196104700005,12.974413993000042,3
50.564287652000075,12.951075477000074,2
50.82055662300007,13.08952653600005,3
51.08445951700003,13.697991805000072,3
51.043475441000055,13.788714320000054,3
51.03854584900006,13.746206938000057,2
51.02608451000003,13.767774948000067,2
51.021859825000035,13.790387993000024,3
51.05253209700004,13.680709023000077,3
50.97605204400003,13.995435135000037,3
51.37729560200006,13.427090135000071,3
51.40952358000004,13.447106727000062,3
51.14384832300004,14.246729067000047,3
51.157925212000066,14.984600234000027,3
51.28238776400008,14.653914568000062,3
51.01567067600007,14.674977630000058,3
50.905795555000054,14.834593664000067,3
51.06015456800003,12.691744731000028,2
51.462925416000076,12.542732955000076,2
51.42926017800005,12.191795932000048,2
51.19945293300003,12.968910291000043,3
51.35683146500003,12.371973087000072,3
51.30442678700007,12.464458818000026,3
51.32964933900007,12.32721745400005,3
51.332311993000076,12.341160926000043,3
51.338402202000054,12.349108127000022,3
51.314663573000075,12.368398057000036,3
51.33631781500003,12.366362292000076,2
51.17736286300004,12.531572526000048,3
51.41254524500005,12.812615953000034,2
51.372624091000034,12.736223324000036,3
51.24685095500007,12.772288933000027,3
51.22831832500003,12.71751640900004,2
51.59423744400004,12.582277702000056,3
51.59341008400003,12.587649223000028,3
50.428778186000045,12.134364279000067,2
50.821591838000074,12.924295857000061,3
51.02573441100003,13.833999125000048,2
51.05292377200004,13.778148916000077,3
51.09169125300008,13.711519352000039,3
50.992722395000044,13.637274711000032,2
50.969915926000056,14.141067247000024,3
50.96717123500008,14.100332693000041,3
51.039795026000036,14.525424844000042,2
51.14783761500007,14.955941735000067,3
51.46227424500006,14.298051193000049,3
50.86527412700008,14.767555701000049,3
51.30363975800003,12.404193324000062,1
51.305395212000064,12.369980038000051,3
51.35251838900007,12.306100464000053,3
51.01252464800007,12.554806431000031,3
51.34164515600003,12.636441460000071,2
51.45174745200006,12.634957779000047,3
50.68171776500003,12.475488417000065,3
50.40462552500003,12.22639510700003,3
51.060047971000074,13.061427326000057,3
50.821323895000035,12.761269220000031,3
50.907432447000076,13.31920126600005,3
50.90761539600004,13.315933648000055,3
50.96729432800004,12.979712778000021,3
51.04162603700007,12.812372057000061,3
50.87016079500006,13.670216286000027,2
50.90659774200003,14.001651435000042,3
51.057316083000046,13.74660878900005,3
51.05099302100007,13.770351773000073,3
51.032491021000055,13.710713480000038,3
51.01853489800004,13.705018702000075,2
50.98849013000006,13.668565552000075,3
51.005020279000064,13.647919948000037,3
51.03191064300006,13.55533525900006,3
51.28474760300003,13.51730825900006,3
51.273536112000045,13.633735480000041,3
50.97759260200007,13.872008743000038,3
50.95769723300003,13.941795123000077,3
51.41403614600006,13.446411279000074,3
51.02670586000005,13.968306020000057,3
51.50737964000007,14.646222310000041,3
51.091726306000055,14.67466719500004,3
51.04199819000007,14.713036805000058,3
50.90307725500003,14.800990115000047,3
51.225085550000074,12.605690114000026,2
51.33326129000005,12.402143287000058,3
51.370048104000034,12.386046686000043,3
51.332449688000054,12.36230432800005,3
51.33586520500006,12.374547967000069,3
51.323314226000036,12.369475152000064,3
51.34448894600007,12.385155461000068,3
51.18057944600008,12.483550928000057,3
51.335576383000046,12.608071601000063,3
51.52924732400004,12.298819337000054,3
51.306892524000034,13.100364014000036,3
51.48577861700005,13.075913514000035,3
51.57164551500006,13.067555003000052,3
50.81813523100004,12.650167434000025,3
50.797939023000026,12.616217221000056,3
50.75312997300006,12.622883972000068,3
50.51418671600004,12.120693576000065,3
50.49275657600003,12.154252927000073,3
50.27815589000005,12.302938065000035,3
50.49259189300005,12.140760072000035,3
50.499992708000036,12.136684996000042,2
50.67471767100005,12.521860118000063,3
50.671155757000065,12.456995518000042,3
50.72044000000005,12.47309851500006,3
50.82495112000004,12.920565845000056,3
50.53549208900006,13.024431530000072,3
50.55020386000007,12.995235975000071,3
50.71802222900004,13.256720794000046,3
50.91112666400005,14.11962154500003,2
51.093275522000056,13.736939321000023,3
50.99984422400007,13.792366468000068,3
51.02176382300007,13.803127295000024,3
51.03948067500005,13.741538908000052,3
51.027518532000045,13.714448696000034,3
51.012726506000035,13.810058755000057,3
50.98785472000003,14.031958733000067,3
51.181210572000055,14.433356332000074,3
51.160540095000044,14.266454632000034,2
51.17733191100007,14.434451176000039,2
51.10051975700003,14.977179112000044,3
51.14425523300008,14.96798330200005,3
51.41955549100004,14.227639587000056,3
51.44043164500005,14.247735332000047,3
51.25893496700007,14.080915344000061,2
50.974712510000074,14.63807225100004,3
51.34083429200007,12.409270038000045,3
51.26205599200006,12.37716135900007,3
51.59474045800005,12.58245439500007,2
51.19188449600006,12.270564929000045,2
51.387732940000035,12.254323849000059,3
51.34027986500007,12.331925811000076,3
51.351631240000074,12.50122473600004,3
51.40273326300007,12.480060973000036,2
51.36211183900008,12.535907370000075,3
51.31976692900008,12.353978674000075,3
51.12516683000007,12.499534333000042,2
51.12271198900004,12.495866593000073,3
51.36893807300004,12.743191231000026,3
51.46515876600006,12.214975091000042,3
51.46809361100003,12.607455357000049,2
51.30445975900005,13.093117706000044,3
50.49700902600006,12.179050751000034,3
50.44130799100003,12.160596895000026,3
50.732394741000064,12.43515108300005,3
50.990213890000064,12.918418718000055,3
50.84451894800003,12.937986590000037,3
50.823151350000046,12.967999768000027,3
50.56045060300005,12.742354767000052,3
51.16151841300007,13.296997735000048,3
51.04147102700006,13.706841237000049,3
51.00059976300008,13.825385532000041,2
51.03458701100004,13.79118833800004,3
51.03989316900004,13.770855376000043,3
51.06082771800004,13.883781187000068,2
51.14659036000006,13.80042349200005,2
51.09614440300004,13.711960387000033,3
51.077713766000045,13.690393435000033,3
50.98011549700004,13.621440411000037,2
51.10843251300008,13.629181420000066,3
51.11017530200007,13.657570756000041,3
50.95786242500003,13.936144695000053,3
51.307603365000034,13.292986106000058,3
51.02535596700005,14.034705581000026,3
51.23860935400006,13.909558128000072,1
51.18796621000007,14.386547317000066,2
51.283285223000064,14.656360086000063,3
51.460800679000045,14.094117766000068,3
50.95482851400004,14.724542194000037,3
51.33099095100005,12.411694166000075,3
51.345625624000036,12.475393137000026,3
51.33586012400008,12.374544661000073,3
51.36948967700005,12.338385110000047,3
51.36608981900008,12.380973675000064,3
51.31857396300006,12.395070546000056,3
51.55304134100004,12.98235050900007,2
50.72177359700004,12.543466091000028,3
50.75077802700008,12.461254422000025,2
50.83186557700003,12.55471235400006,2
50.84408345400004,12.770575286000053,2
50.48711087400005,12.13817270900006,3
50.49793980000004,12.166995512000028,3
50.66551306100007,12.638049328000022,3
50.83354634900007,12.882505038000033,3
50.809764200000075,12.770171675000029,2
50.832776170000045,12.79142786400007,3
50.86365102900004,12.869498880000037,3
50.843705948000036,12.913172835000069,3
50.584055868000064,12.695483937000063,3
50.65165340300007,12.771459965000076,2
51.16744978100007,13.081394103000036,3
50.91048897200005,13.343862697000077,3
50.66579005700004,12.995725224000068,3
50.64708493100005,13.257768084000077,2
50.64933834200008,13.30106956000003,2
51.08067146800005,12.91434578600007,3
51.00446147500003,12.752786612000023,3
51.035433685000044,13.817536433000043,2
50.86397003400003,13.667585399000075,3
51.069342575000064,14.111893107000071,2
51.052259863000074,13.757958251000048,3
51.12686595500003,13.726709010000036,3
51.02152837500006,13.811784278000061,2
51.05461639600003,13.698473171000046,3
51.00959711400003,13.658826734000058,3
51.133910642000046,13.537821378000046,2
51.12244197100006,13.576213899000038,3
50.94759573200008,13.870935690000067,3
50.858196133000035,13.946230503000038,2
50.955279389000054,13.927602991000072,3
50.83336990600003,13.966206853000074,3
50.97149921400006,13.866349585000023,3
51.16906416300003,14.969274942000027,3
51.18858056300007,14.015622904000054,3
50.95645149900008,14.695805318000055,2
50.90346651700003,14.825092108000035,3
51.35046187100005,12.457809690000033,3
51.34872844100005,12.459643994000032,3
51.22243608700006,12.732442492000075,3
51.15189439200003,12.508946521000041,3
51.37071691600005,12.426648469000042,3
51.375128938000046,12.412637784000026,3
51.31883885700006,12.368665985000064,3
51.36132266800007,12.470161271000052,3
51.32101150500006,12.270022880000056,3
51.33489312700004,12.38339094500003,3
51.13961237800004,12.416831459000036,3
51.120748684000034,12.472721286000024,3
50.61401692100003,12.40779158500004,3
50.47311953500008,12.339882270000032,2
50.838896599000066,12.439852500000029,3
50.542732674000035,12.07615609000004,3
50.73461036100008,12.470892642000024,3
50.71126185700007,12.501467140000045,3
51.05575472100003,12.944899061000058,3
50.80313263000005,12.886437114000046,3
50.81411907100005,12.95550411000005,3
50.83041243100007,12.815387069000053,2
50.78005807000005,12.972491435000052,3
50.519926902000066,12.782556955000075,3
50.57601221800007,12.772891764000065,3
51.10215446500007,12.973446253000077,3
50.80419727700007,13.323064507000026,3
50.71800076100004,13.195347838000032,3
50.62760479100007,12.826849198000048,3
50.72805032500003,12.701047491000054,3
51.11172133500003,13.77453468400006,3
51.16250569500005,13.603691953000066,2
51.02998967000008,13.802732709000054,2
51.04533767300006,13.775534600000071,2
51.06052690000007,13.773196510000048,3
51.069679774000065,13.727884048000021,3
51.06856279800007,13.761332742000036,3
51.00791087600004,13.84843386600005,3
51.01991710600004,13.75683867500004,2
51.02353365400006,13.825783673000046,3
51.040267519000054,13.646607577000054,3
51.092749526000034,13.71463039200006,3
51.087747644000046,13.63213894300003,3
51.04062654300003,13.646038753000028,2
50.790850971000054,13.69510579000007,2
50.968856336000044,13.712370055000065,3
51.23978781400007,13.661461775000078,3
51.16025822200004,13.490612608000049,3
50.97335483200004,13.938855130000036,3
50.95779486300006,13.939865054000052,3
50.98434250400004,14.105700482000032,3
51.170329441000035,14.072217292000062,3
51.18854883500006,14.432287170000052,3
51.02860145000005,14.399960040000053,2
51.17460576600007,14.466997913000057,3
51.18510294200007,14.437314137000044,3
51.10108932400004,14.090088669000068,2
51.43684269200003,14.256054393000056,3
51.23854691500003,14.245631030000027,2
51.400509518000035,14.574015243000076,3
51.50831749400004,14.667069058000038,3
50.98052017900005,14.833986285000037,3
51.11729249100006,12.683646230000022,2
51.244722753000076,12.221648661000074,3
51.34662203800008,12.39188067300006,3
51.34898521400004,12.21264240100004,3
51.31747815300008,12.408327883000027,3
51.25811794500004,12.427484646000039,3
51.30106026300007,12.303919828000062,3
51.33060056700003,12.265669648000028,3
51.32323534300008,12.324720410000054,3
51.34599386700006,12.39731222000006,3
51.32601884300004,12.373653025000067,2
51.34292448200006,12.396946544000059,3
51.20704822600004,12.475951150000071,2
51.225952102000065,12.224690589000033,3
51.53385547500005,12.322940140000071,3
51.594762176000074,12.584605509000028,3
51.30026418300008,13.10463016400007,3
51.30023535500004,13.104703349000033,3
51.301812072000075,13.100481985000044,3
50.60894190800008,12.316305898000053,2
50.62506901100005,12.31303530100007,3
50.68024286700006,12.691830964000076,2
50.85534149100005,12.574866641000028,3
50.82634063300003,12.525273025000047,3
50.75067580000007,12.726374220000025,3
50.81698454900004,12.540875753000023,3
50.69472088500004,12.676204704000043,3
50.711949556000036,12.475362191000045,2
50.66088775700007,12.925294812000061,2
50.54791649200007,12.934400738000022,2
50.85155103300008,12.944082667000032,3
50.85081836300003,12.841941985000062,3
50.82138986000007,12.89954467800004,3
50.54263834900007,12.790670976000058,3
50.90258381400008,13.344567244000075,2
50.66040238200003,13.217042991000028,3
51.05980409600005,12.756063925000035,3
50.70521345100008,12.715595432000043,3
51.04796304200005,13.538139251000075,3
51.05971561000007,13.738779020000038,2
51.05452011400007,13.75233909900004,3
51.09051801900006,13.702397034000057,3
51.031073339000045,13.803680305000057,3
51.04060539400007,13.802614619000053,3
51.06750822300006,13.77656885500005,3
51.05358529800003,13.748432296000033,2
51.012873813000056,13.777520485000025,3
51.08518820200004,13.705146697000032,3
51.04284408800004,13.69239122700003,3
51.04824478900008,13.712809704000051,3
50.85657099800005,13.755021644000067,2
50.96647425400005,13.922004099000048,3
51.14903704300008,14.985961392000036,3
51.16517015000005,14.05270667600007,3
51.16337382100005,14.428429997000023,2
51.297222023000074,14.89346682300004,3
51.14161798900005,14.97316034000005,3
51.435308201000055,14.266616042000066,3
51.202965780000056,14.004355639000039,2
51.52275270200005,14.703667921000033,3
51.498838926000076,14.642698310000071,3
50.92429283400003,14.770796146000066,3
51.196710617000065,12.410642687000063,3
51.25303656400007,12.23790453600003,3
51.380632425000044,12.383889163000049,3
51.37017240500006,12.478133120000052,3
51.351121625000076,12.473622983000041,3
51.336801198000046,12.328405842000052,3
51.33096694200003,12.285835500000076,3
51.331973997000034,12.414655132000064,3
51.32420460600008,12.401441258000034,3
51.34441621000008,12.379724384000042,3
51.213735333000045,12.343632941000067,3
51.15954673400006,12.396242743000073,3
51.25881359200008,12.532529215000068,3
51.32877045500004,12.588477605000037,3
51.516622752000046,12.363425663000044,3
51.45829414200006,12.627672262000033,3
50.312429706000046,12.252479072000028,3
50.79598776500006,12.926677572000074,2
50.56262882800007,13.012570745000062,3
50.81906873400004,13.220420931000035,3
50.91925418500006,13.347479037000028,3
50.71803432100006,13.256727306000073,2
50.85856580500007,13.080475525000054,3
51.09492072300003,13.849928212000066,3
51.05160658600005,13.707330456000022,3
51.05392362500004,13.737420906000068,3
51.04045437700006,13.749213290000057,3
51.05407377300003,13.72218778100006,3
51.083894014000066,13.720664191000026,3
50.89833597100005,13.77968922100007,3
51.019161678000046,13.573613229000046,3
51.15941057300006,13.596513089000041,3
51.10637208900005,13.60861785700007,3
51.14673926200004,13.435811760000036,3
50.85424045800005,13.847081522000053,3
51.29739120700003,13.30947816400004,3
51.181278218000045,14.435132087000056,3
51.25648944300008,14.532615493000037,3
51.10797225400006,14.974610797000025,3
51.39135466100004,14.097312854000052,3
51.32664005600003,13.99922743600007,2
51.13219165500004,14.72272358600003,2
51.48380849100005,12.86945458200006,2
51.44482309300008,12.223018281000066,2
51.61797896400003,12.854640807000067,3
50.72027613700004,12.484716238000033,2
50.35125529600003,12.392345312000032,3
50.71992253800005,12.489685261000034,3
50.80907644200005,12.85205053900006,3
50.845072334000065,12.937091980000048,3
50.82016559900006,12.916125220000026,3
50.83272272700003,12.872978368000076,2
50.70010977900006,12.944003612000074,3
50.595788163000066,12.648743147000062,3
50.899664460000054,13.245435882000038,3
50.89036140600007,13.375546044000032,3
50.98181813700006,13.34606849000005,3
51.04941173200007,13.099997797000071,3
51.02555963400005,12.95255693300004,3
51.08727263000003,13.737552354000059,3
51.04596933500005,13.750798719000045,3
51.114238681000074,13.727922062000061,3
51.00264961100004,13.826430303000052,3
51.04334277900006,13.696588174000055,3
51.091250718000026,13.701340666000021,2
51.30126676800006,13.315142015000049,3
51.09931127700003,14.261102442000038,2
51.43335828700003,14.246414000000073,3
51.38214300800007,14.08080568400004,3
51.18303779800004,13.819972606000022,3
51.190685562000056,14.016817280000055,3
51.10439859100006,13.938164387000029,3
51.494097615000044,14.637915320000047,3
51.07720051300004,14.654995387000042,3
50.89950650000003,14.79511394800005,3
51.30794956500006,12.326354211000023,3
51.35419586000006,12.37676090900004,3
51.409782129000064,12.368232076000027,2
51.33990017700006,12.382274477000067,2
51.37610173000007,12.385301545000061,3
51.351693297000054,12.374174115000073,3
51.32793802700007,12.377491003000046,3
51.32675047300006,12.373635548000038,3
51.32530944700005,12.410573683000052,3
51.31666945100005,12.371354201000031,3
51.31495583700007,12.37817708700004,3
51.35749468100005,12.29248244300004,3
51.32363447300003,12.365261630000077,3
51.12341071900005,12.55813332100007,3
51.40158560800006,12.80166177600006,3
51.44002006000005,12.368877799000074,3
51.451909457000056,12.618424856000047,3
51.26536872600008,13.112067796000076,3
51.55042038100004,12.998472711000034,3
51.625104159000045,13.044755576000057,3
50.741379574000064,12.499429311000029,3
50.488664619000076,12.135621334000064,3
50.69578962400004,12.688614333000032,2
50.634321355000054,12.43330091300004,3
50.71481326500003,12.49934574100007,3
50.87905060800006,12.902082448000044,3
50.81182964900006,12.874561321000044,3
50.83834309500003,12.876125345000048,3
50.90833502500004,13.43413326700005,2
50.91123679200007,13.323642016000065,2
50.910934558000065,13.322777838000036,3
51.16506151400006,13.490020728000047,3
51.02506825800003,13.798226561000035,3
51.359336358000064,13.592440611000029,3
51.13713170900007,13.681914561000042,3
51.05080446100004,13.775815979000072,3
51.05818568800004,13.792392380000024,3
51.059290915000076,13.765436802000067,3
51.142841788000055,13.80626359400003,3
51.01102684700004,13.69303178000007,3
51.08210004800003,13.728641842000059,2
51.08218467200004,13.70717565800004,3
51.01113715500003,13.680423702000041,3
51.21450535500003,13.720819143000028,2
51.104311514000074,13.658589619000054,3
51.11894317900004,13.670885094000027,3
51.44301390600003,14.15828797000006,1
51.179712118000054,14.39999515200003,3
51.443578735000074,14.13312260400005,3
51.15306081300008,14.029236003000051,3
51.05813415500006,14.695861706000073,3
50.89783771200007,14.800734113000033,3
51.30118782000005,12.396137069000076,3
51.35523833000008,12.413834014000031,3
51.291801847000045,12.389358402000028,3
51.33638613000005,12.370745466000074,3
51.45287127200004,12.212830932000031,3
51.267793382000036,12.683713480000051,3
51.33574157600003,12.378436160000035,3
51.25602304600005,12.462427877000039,3
51.14118564700004,12.419865014000038,3
51.49644004700008,12.645972852000057,3
51.28751337800003,13.189315543000077,2
51.55877691100005,12.992547122000076,3
50.49522274800006,12.128413131000059,3
50.85152444700003,12.929185821000033,3
50.82023479600008,12.879051083000036,3
50.83281916400006,12.901504203000059,3
50.64381421500008,12.964054125000075,3
50.589843305000045,12.699832816000026,2
50.542356787000074,12.792459665000024,3
51.08557919400005,13.146258717000023,3
50.746105269000054,13.074446786000067,2
50.62935306600008,12.809148922000077,2
51.010560198000064,13.829379049000067,3
51.03152047000003,13.77901324000004,3
51.040862349000065,13.771836008000037,3
51.04247951800005,13.76750456700006,3
51.07241796100004,13.75577163500003,2
51.110796555000036,13.769978237000032,3
51.02345221400003,13.710075864000032,3
51.071077883000044,13.595345192000025,3
51.081751276000034,13.693016025000077,3
51.23418962200003,13.733672039000055,3
51.140397765000046,13.573658290000026,3
51.06262364300005,13.290921727000068,3
51.12413319800004,13.582919168000046,3
50.96608582600004,13.886414509000076,2
50.96742744100004,13.93446835900005,3
51.09401626400006,14.31517758900003,3
51.23920898200004,14.236490426000046,3
51.32130330200005,12.349937331000035,2
51.34548399200003,12.45251907100004,3
51.30703821800006,12.370180393000055,3
51.320604917000026,12.371489030000077,2
51.40282142600006,12.220821426000043,3
51.42677733700003,12.205884859000037,2
51.402817965000054,12.220876756000052,3
51.29139729800005,12.44404484000006,3
51.25897924100008,12.378930854000032,3
51.32049079800004,12.357033621000028,3
51.224329416000046,12.722741545000076,3
51.25000028800008,13.187841369000068,3
50.72545447300007,12.497978841000076,3
50.82123319800007,12.854925604000073,3
50.54721112800007,12.781010021000043,2
50.982316525000044,13.095429815000045,3
50.925772893000044,13.048590836000074,3
50.821552524000026,12.907056975000046,3
50.468578602000036,12.987613250000038,3
50.61798930600003,12.680696003000037,3
50.59537724300003,12.702151443000048,2
51.17551308100008,12.914422244000036,3
51.06209100700005,13.754142075000061,3
51.044572532000075,13.805542919000061,3
51.13001446800007,13.749017714000047,3
51.05000771300007,13.755443460000038,3
51.07423907400005,13.751905983000029,2
51.07724271300003,13.750952846000075,3
51.06695896600007,13.751698903000033,3
51.05542334900008,13.72145094700005,3
51.04277328300003,13.691853382000033,3
50.96574917800007,13.52077661900006,3
50.892913157000066,13.948294498000052,3
51.366453387000035,13.259868539000024,3
51.11349584700008,14.249178176000044,3
51.29202608500003,14.83082306600005,3
51.16059566600006,14.973990985000057,3
51.362654400000054,14.049160997000058,3
51.30312340100005,14.095131111000057,2
51.08142090100006,14.657641055000056,3
51.33529411200004,12.492530037000051,3
51.31686384300008,12.368457832000047,3
51.28700065000004,12.539092424000046,2
51.25013005800008,12.426255543000025,2
51.37954502900004,12.430287167000074,3
51.32002741100007,12.413712961000044,3
51.26535923300003,12.373960227000055,3
51.30448432900005,12.42424090000003,3
51.33368325200007,12.32448400100003,3
51.34756616700008,12.28196659300005,3
51.307381461000034,12.326739410000073,3
51.12753376500007,12.503903234000063,3
51.34197106800008,12.859627965000072,2
51.47409803000005,12.346011812000029,3
51.380801216000066,12.928890313000068,2
50.51681024900006,12.385570546000054,3
50.79756664400003,12.701325130000043,2
50.51542897500008,12.131787780000025,3
50.73432802100007,12.476168122000047,3
50.71625375200006,12.536568676000059,3
51.34446202400005,12.37148774800005,3
50.88126866300007,12.923232676000055,3
50.85229368500006,12.848423714000035,2
50.823606330000075,12.932190455000068,3
50.85297932100008,12.884261387000038,3
50.53123132200005,12.994924096000034,3
50.70465788200005,13.20355134500005,3
51.05706143000003,12.789477202000057,3
50.72190800700008,12.729639034000058,2
51.044964538000045,13.705520880000051,3
51.08710380200006,13.691892310000071,3
51.13386614400008,13.79519276600007,2
50.98002395900005,13.750890520000041,3
50.977710767000076,14.125752258000034,2
51.17819248300003,14.43555434600006,3
51.14338688700008,14.972586257000046,3
51.431518029000074,14.26646801000004,3
51.46227457300006,14.298067279000065,3
51.181537699000046,14.00892417800003,3
51.27823448700008,14.11459737000007,3
51.04487608000005,14.811785881000048,2
51.004148212000075,14.603624618000026,3
51.341462927000066,12.372012512000026,3
51.52811673800005,12.355153677000033,3
51.33567814500003,12.371190539000054,3
51.31858514800007,12.375788948000036,3
51.344121072000064,12.379378381000038,3
51.30057465800007,12.316483336000033,3
51.32134591600004,12.342381052000064,3
51.350503427000035,12.357633600000042,3
51.53558124800003,12.318657289000043,3
50.674024373000066,12.515154562000077,2
50.48546560500006,12.371493917000066,3
50.52536960900005,12.466696487000036,3
50.87700016300005,12.595080752000058,3
50.84710646100007,12.711128837000047,3
50.731333825000036,12.482217344000048,3
50.72186760400007,12.470365334000064,3
51.09595485500006,12.748262558000022,2
50.84432655100005,13.406522471000073,3
50.828503968000064,13.092789140000036,3
50.91321637800007,13.036044798000034,3
51.023789916000055,13.838303374000077,3
51.023158642000055,13.837319321000052,3
50.98308063400003,13.702047953000033,3
51.16366501300007,13.573862294000037,3
51.365060019000055,13.224830404000045,3
51.03956186600004,14.130716921000044,3
51.18834671800005,14.419778329000053,3
51.19790665000005,14.910082651000039,2
51.43879909900005,14.257205119000048,3
51.439280652000036,14.240671315000043,3
51.44104675400007,14.09833255600006,3
51.50378333900005,14.640534539000043,3
51.49829841300004,14.71505965700004,2
51.01945203900004,14.92410347300006,3
51.27578281600006,12.26355673200004,3
51.344529315000045,12.389812409000058,3
51.47176021700005,12.666448442000046,3
50.42649086200004,12.17291569400004,2
50.867182599000046,12.91447419800005,3
51.13466799500003,13.101433933000067,3
51.00691885800006,13.793794649000063,3
51.044693745000075,13.727206328000022,3
51.05345832900008,13.743242796000061,3
51.01423895900007,13.664415189000067,3
51.119479159000036,13.600016832000051,3
50.95824794600003,13.84279332500006,3
51.23363587000006,14.978847040000062,1
51.278747674000044,14.653884442000049,2
50.93858390100007,14.607901551000054,3
51.35209322800006,12.692365847000076,3
51.38353466700005,12.280762669000069,3
51.30405050200005,12.374086103000025,3
51.06459798600008,12.67790782000003,3
50.84926494900003,12.46027775400006,2
50.80801427400007,12.757563789000073,3
50.797726397000076,12.386801296000044,2
50.99891302200007,13.156297245000076,3
50.84544895100004,12.924620895000032,3
50.82079483100006,12.881985749000023,3
50.54600749600007,12.784166910000067,3
50.54732317700007,12.781069474000049,2
50.91058654300008,13.353012770000078,3
50.740720845000055,13.104547721000074,2
51.06937036000005,13.392526746000044,2
51.22267361400003,13.420663083000022,2
51.04249405100006,13.686407547000044,2
51.05237199100003,13.735089393000067,3
51.041249390000075,13.766255637000029,3
51.059615217000044,13.719047533000037,3
51.05106844200003,13.769643803000065,3
51.06699790700003,13.787492649000058,3
51.042414704000066,13.682777454000075,3
51.05578559500003,13.721814665000068,3
51.00619108500007,13.65186228300007,3
51.19487381500005,13.419140668000068,3
50.899386012000036,13.945500509000055,3
50.953302508000036,13.938024731000041,3
51.17519603100004,14.425976293000076,1
51.09807034700003,14.38673241500004,3
51.14952959400006,14.975379726000028,3
51.13907560100006,14.981157077000034,3
51.44146498400005,14.26309173900006,3
51.09672956600008,14.015559454000027,2
51.22824851400003,14.045868727000027,3
50.90051951600003,14.748784822000061,3
51.04713380800007,14.951468184000078,3
51.49655758100005,12.470392035000032,3
51.38565901700008,12.258630182000047,3
51.25813987300006,12.747729315000072,3
51.422797754000044,12.285881731000075,3
51.311047107000036,12.373311941000054,3
51.32728826200008,12.338338789000034,3
51.33678391700005,12.33687217000005,3
51.154097971000056,12.286797832000047,3
51.32448911700004,12.638344032000077,3
51.27403969800008,12.553483619000076,3
51.29974084600008,13.091906631000029,3
51.46836726600003,12.967141018000063,3
50.498031798000056,12.404343208000057,3
50.79674430100005,12.335831645000042,3
51.32360727100007,12.417198332000055,3
50.74909407900003,12.821085030000063,3
51.030618366000056,12.836533472000042,2
50.836658750000026,12.920293840000056,3
50.83213384600003,12.901676805000022,3
50.79663164700003,12.908300826000072,3
50.58174509600008,12.719016423000028,3
50.59730508700005,12.640864187000034,3
50.76806686000003,13.099235560000068,3
50.65002717600004,13.156251482000073,2
51.08877635500005,12.838133073000051,3
51.15345746600008,13.485708085000056,3
51.03657788000004,13.833817206000049,3
51.06547775400003,13.753347310000038,3
51.06485370000007,13.746865815000035,3
51.106773075000035,13.715842407000025,3
51.061624763000054,13.69045436700003,3
51.01469942400007,13.722963312000047,3
51.08485392100005,13.72758966200007,3
51.00024307100006,13.518994636000059,2
51.29434049000008,13.51529152300003,3
50.97419811900005,13.861601414000063,3
50.97388633300005,13.80974244600003,3
51.333104922000075,13.307740941000077,3
51.294344539000065,13.515250311000045,3
51.25496164200007,14.42780358500005,3
51.438087033000045,14.243107198000075,3
51.43874497400003,14.245667129000026,3
51.33354294800006,13.96778340000003,3
51.363848733000054,12.383240544000046,3
51.31847857000008,12.251237464000042,3
51.33219448800003,12.397358387000054,3
51.35239642400006,12.44512142900004,3
51.30829090700007,12.421440621000045,3
51.31480826400008,12.279614428000059,3
51.33760240600003,12.327155815000026,3
51.34218699300004,12.343206519000034,3
51.34148049100003,12.375080754000066,3
51.30930939700005,12.376462696000033,3
51.12155268400005,12.486881363000066,3
51.14508854200005,12.664032202000044,3
51.34722935900004,12.849984267000025,3
51.52802971800003,12.336375931000077,3
50.855593200000044,12.591632374000028,2
50.62037270500008,12.239080340000044,2
50.44239179700003,12.286410571000033,2
50.48533804500005,12.118299293000064,2
50.74145902600003,12.386432203000027,3
50.719026255000074,12.484751284000026,3
50.72911832500006,12.750667437000061,3
50.86485041700007,12.821487105000074,2
50.81987115600003,12.89501576500004,3
50.826368159000026,12.90605942700006,3
50.823603354000056,12.898206801000072,3
50.44276400600006,12.679417915000045,2
51.10953693600004,13.094328240000038,3
51.17840671300007,12.91332181000007,3
51.04668998200003,12.794695578000074,3
50.71176277300003,12.76134554400005,3
50.74262720000007,12.946360390000052,3
50.77884685300006,12.868115312000043,3
51.031348672000036,13.736986882000053,3
51.301158103000034,13.391239984000038,2
51.050595041000065,13.703759946000048,2
51.06437260300004,13.752631136000048,3
51.02608894300005,13.767766106000067,3
51.06939868500007,13.689777122000066,3
51.04241780500007,13.68345030100005,3
51.04698546600008,13.687557715000025,3
51.10923927400006,13.610644172000036,3
51.09169015800006,14.73907992900007,3
51.09445277100008,14.313545743000077,3
51.18090479600005,14.448109444000067,3
51.177059953000025,14.458131826000056,3
50.88826497200006,14.813604377000047,3
51.35599548700003,12.42975619400005,3
51.36200342200004,12.399876081000059,3
51.35073838100004,12.405795322000074,3
51.32076863800006,12.426723153000069,3
51.336381076000066,12.370860098000037,3
51.41510064800008,12.744746986000052,3
51.520783073000075,12.334034318000022,3
51.254669068000055,13.163415669000074,2
51.54267242000003,13.180412293000074,3
50.73147505500003,12.41079492700004,3
50.71888687100005,12.461737472000038,3
50.53540663600006,12.766291749000061,1
50.840904892000026,12.84570655500005,3
51.051634550000074,13.36193264600007,2
50.83334626200008,12.939335180000057,3
50.82568613700005,12.904242192000027,3
50.78568782500008,12.956598664000069,3
51.12220438400004,13.104769212000065,3
50.73814592900004,13.638498956000035,3
50.91417460100007,13.337643342000035,3
50.92080543700007,13.330376856000044,3
50.89468049700008,13.33275289900007,2
50.66873488700003,13.162383741000042,3
50.97907268200004,13.580744871000036,1
51.045283288000064,13.77549620700006,3
50.89933158800005,13.884379851000062,2
51.04569001200008,13.723153887000024,2
51.04950929200004,13.743119855000032,3
51.03572034100006,13.777079825000044,3
51.06509076900005,13.882040440000026,3
51.06266438500006,13.879807476000053,3
51.06720713400006,13.774970880000069,3
51.00458818200008,13.790053070000056,3
50.900333456000055,13.66768785000005,3
50.963343000000066,13.641488457000037,3
50.87697226700004,13.675670268000033,3
51.10589405700006,13.65725287500004,3
51.17461782100003,13.329008166000051,3
51.02299195100005,14.209914501000071,3
51.20636184600005,14.52284419800003,3
51.17181200500005,13.85417841800006,3
51.17759264400007,14.455861696000056,3
51.180770179000035,14.439117655000075,3
51.19687005500003,14.46550396300006,2
51.50282386600003,14.466015986000059,3
51.40834945300003,14.237040472000047,3
51.33291845200006,12.372923914000069,3
51.34272001800008,12.47921930700005,3
51.38181675700008,12.48216800800003,3
51.27806882100003,12.37520143200004,3
51.35131600400007,12.407424336000076,2
51.39461947700005,12.388238726000054,3
51.34211440200005,12.478670102000024,3
51.37239993000003,12.385794920000023,3
51.31897046800003,12.401321032000055,3
51.32008598800007,12.425930054000048,3
51.33284560200008,12.322482368000067,3
51.33537917000007,12.336770972000068,3
51.32087520300007,12.268178268000042,3
51.33025065900006,12.380102646000068,3
51.12546000100008,12.504584126000054,3
51.499619203000066,12.233393273000047,3
51.60357485700007,12.588804931000027,3
51.529712636000056,12.341716603000066,2
51.46162910000004,12.63620983100003,3
51.55763074600003,12.995688677000032,3
50.598674550000055,12.258883918000038,2
50.46319797900003,12.184626354000045,3
50.52587628800006,12.351091879000023,3
50.71227879300005,12.500465810000037,3
50.812070610000035,13.049828880000064,3
50.80836252900008,12.982601984000041,2
51.05937067800005,13.79281211500006,2
51.03735630800003,13.765163973000028,3
50.87237804700004,13.717344093000065,3
50.88228428100007,13.975796527000057,2
51.009053218000076,14.23122937100004,3
51.14479750600003,14.031398977000038,3
51.15807033600004,14.989456361000066,3
51.15156144800005,14.965779663000035,3
50.941084559000046,14.583126673000038,3
51.04451024400004,14.840443169000025,3
51.35133181300006,12.394114312000056,2
51.34112227900005,12.31120151500005,2
51.342787771000076,12.301773738000065,3
50.49917867000005,12.137968104000038,2
50.79638991500008,12.405496483000036,3
50.991551515000026,13.129556424000043,3
51.05137300900003,13.74033079000003,3
51.06418536800004,13.689793271000042,3
51.06400797300006,13.746822898000062,3
51.09388551400008,13.719881318000034,3
51.05034897200005,13.702759641000057,3
51.09834147300006,14.399793338000052,3
51.207682368000064,14.293378842000038,2
51.233390487000065,14.891515475000062,3
51.445307565000064,14.217221892000055,3
51.35214209500003,12.479616661000023,3
51.338436322000064,12.381909858000029,3
51.44547806700007,12.418499280000049,3
50.630989799000076,12.221006889000023,2
50.63259337900007,12.519725180000023,2
50.52937716100007,12.402209623000033,3
50.483883296000045,12.376603256000067,3
50.71610557500003,12.598760966000043,2
50.87142804200005,13.048482351000075,1
50.864054785000064,12.873852559000056,3
50.80325127500004,12.857697113000029,3
50.90835776400007,13.336473159000036,3
51.06097922400005,13.732307372000037,2
51.07162249600003,13.649460073000057,3
51.067727802000036,13.716628870000022,3
50.87701714200006,13.572884283000064,3
50.94944101100003,13.97670127400005,3
51.22479513300004,14.288124140000036,2
51.09631636200004,14.29113826200006,3
51.15927191700007,14.406879702000026,2
51.188648337000075,14.623442405000048,2
51.250386235000065,14.121501727000066,3
51.47408863900006,12.346024193000062,3
51.41467501500006,12.311684608000064,3
51.31395238400006,12.406004577000033,3
51.33335425700005,12.351850391000028,3
50.637676990000045,12.493900947000043,3
50.72120349200003,12.487518087000069,3
50.88320084800006,13.170462560000033,2
50.90866048200007,13.349612465000064,3
50.85638439200005,13.10864366900006,3
51.04395142200008,13.724935874000039,3
51.05137499500006,13.748224801000049,3
51.049477585000034,13.75869904800004,3
51.012823869000044,13.823797032000073,3
50.86798597400008,13.707316433000074,3
50.79547843300003,13.754165315000023,3
51.28952358300006,13.528176937000069,3
51.16074778300003,13.47334472800003,3
50.96740523100004,13.93446328500005,3
51.027777221000065,14.233719239000038,3
51.169556604000036,14.418656853000073,2
51.11868035400005,14.96885142900004,2
51.443381274000046,14.274689400000057,3
51.36284676400004,14.05002502900004,3
51.44968561300004,14.26192283000006,3
51.27104729000007,14.091951316000063,3
51.24032647000007,14.059410141000058,3
51.34158947800006,12.410448813000073,3
51.31400209800006,12.451645117000055,3
51.340074257000026,12.329287961000034,3
51.38224672700005,12.493886600000053,3
51.34718180700003,12.308449866000046,3
51.32507892700005,12.297704226000064,3
51.35601012300003,12.309061533000033,3
51.34689521300004,12.307867402000056,3
51.34409914300005,12.373683467000035,3
51.34741367300006,12.391266415000075,3
51.34416297300004,12.369367323000063,3
51.34255413300008,12.383084111000073,3
50.85989698900005,12.953029151000067,3
50.83467559300004,12.949902161000068,3
51.04123180400006,13.360442940000041,3
50.69120831500004,13.460454636000065,3
50.82045720100007,13.476201806000063,3
51.00705104300005,12.748959626000044,3
50.915705685000034,12.859420018000037,3
50.725344808000045,12.70055383700003,3
51.07417636400004,13.69870254600005,3
51.04003759200003,13.669450771000072,3
51.08763982900007,13.72501138900003,3
50.96655428100007,13.879349295000054,3
51.12060044200007,13.76356562500007,3
51.05347517300004,13.735636746000068,3
51.07923554800004,13.758420852000029,3
51.00588145200004,13.83839284100003,3
51.05238513200004,13.676250044000028,2
51.05312428700006,13.717829078000022,3
51.00721630500004,13.47114564900005,3
51.41450820800003,13.45326715400006,2
51.112078610000026,13.620921578000036,3
50.92078621600007,13.937177180000049,3
51.273429269000076,14.453550111000027,3
51.17696247400005,14.423356587000058,3
51.165573246000065,14.453222298000071,2
51.083533223000074,13.930460469000025,3
51.093607536000036,14.666586161000055,3
51.07878145800004,14.656014532000029,3
51.06956521800004,14.492982988000051,3
51.30854733400008,12.373202839000044,3
51.391567215000066,12.437557094000056,3
51.38642665000003,12.182272991000048,3
51.35488244700008,12.300923770000054,3
51.20476061900007,12.315612438000073,3
51.46733020900007,12.663648223000052,3
50.40470294600004,12.225827708000054,3
50.50750943700007,12.159094184000026,3
50.49397301400006,12.096592547000057,3
50.71480529300004,12.49673523100006,3
50.75021261100005,13.285302932000036,2
50.999505670000076,13.157917747000056,3
50.86136479400005,12.84674710400003,2
50.82276532900005,12.934643610000023,3
50.547543294000036,12.996875428000067,3
50.51429842600004,12.514168446000042,3
50.58855972300006,12.721376109000062,3
50.62947388300006,12.815545438000072,3
51.05107409500005,13.769589030000077,3
51.10666442000007,13.619897318000028,3
51.032885993000036,13.757954317000042,3
51.08033856700007,13.687207975000035,3
51.133486522000055,13.750427568000077,2
51.049014871000054,13.79325198600003,3
51.06236785700003,13.735735685000066,3
50.937207183000055,13.783958187000053,2
51.10420254500008,13.60011901200005,3
50.961021611000035,13.937689654000053,3
51.018852527000035,14.030918407000058,3
51.116871522000054,14.880829833000064,1
51.164192505000074,14.428012832000036,3
51.15842193000003,13.110715252000034,1
51.15840409100008,13.110779656000034,3
51.15841537000006,13.11073893400004,3
51.34656113700004,12.389880048000066,3
51.338316157000065,12.463346983000065,3
51.357244467000044,12.315261302000067,3
51.320370859000036,12.325620919000073,3
51.34957760800006,12.308317636000027,2
51.33943133900004,12.320121603000075,2
50.40468535900004,12.225915426000029,3
50.68615169800006,12.495932027000038,3
51.046529597000074,13.338767876000077,3
51.07737457500008,12.587520377000033,2
51.123953501000074,13.06895752400004,3
50.93003106400005,12.861207860000036,3
51.08785289200006,13.737737525000057,2
51.08237423000003,13.275258896000025,2
51.00988199900007,13.729749715000025,3
50.91771658600004,13.976399066000056,3
51.05578394400004,13.777656807000028,3
51.06166214400008,13.851199551000036,3
51.039461979000066,13.718750043000057,3
50.98215160600006,13.612723611000035,3
51.09846002300003,13.983964939000032,2
51.441029505000074,14.261904076000064,3
51.32946029500005,13.955665081000063,3
51.23210932400008,14.046722986000077,3
51.53943759500004,14.531664828000032,3
51.19816670800003,12.459154235000028,2
51.56487767400006,13.000288511000065,2
51.310461142000065,12.310403188000066,2
51.42579819600007,12.212791854000045,2
51.37507177500004,12.412701859000038,3
51.305553004000046,12.464437364000048,3
51.332255116000056,12.336955207000074,3
51.34458426000003,12.32001620400007,3
51.460437220000074,12.639599134000036,3
50.49505943300005,12.128968989000043,2
50.33944367500004,12.364593754000055,2
50.56031971300007,12.354122120000056,2
50.69165519000006,12.555571649000058,3
50.65719980800003,12.577362062000077,3
50.73620884700006,12.508579903000054,3
50.71830524600006,13.256774792000044,3
50.90504509500005,12.937320056000033,3
50.99646903400003,12.867801795000048,2
50.710047185000064,12.78330556000003,3
50.75377123800007,12.858325585000046,3
51.06469253100005,13.895559689000038,3
51.05469070000004,13.720014718000073,3
51.04538230900005,13.782665358000031,3
51.00220430200005,13.831748092000055,3
51.06287052300007,13.715773489000071,2
51.04007172000007,13.660150464000026,3
50.91952210800008,13.55353430200006,3
50.94043239500007,13.45752430400006,2
50.97433469600003,13.872442961000047,3
50.98633558700004,13.85940621900005,3
50.95571569700007,13.917927732000066,3
50.96147156500007,13.889509897000039,3
51.049420473000055,14.172408354000027,2
51.16815788000008,14.968833406000044,2
51.18062686800005,13.905030995000061,3
51.23870920400003,14.031122567000068,3
51.13738422600005,14.00862048700003,3
51.378980547000026,12.301020785000048,3
51.34666332900008,12.479235445000029,3
51.27929573200004,12.37150742600005,3
51.32595967100008,12.407408141000076,3
51.05671388400003,12.729736605000028,3
51.14272977400003,12.619304464000038,3
50.495099794000055,12.119526514000029,3
50.50879602700007,12.144992912000077,3
50.61830651400004,12.919289893000041,2
51.06290808800003,13.75325218300003,2
51.07740930500006,13.694465610000066,2
51.059353643000065,13.728921204000073,3
50.76935691400007,13.727947637000057,3
50.77044459800004,13.791709494000031,3
50.94331711700005,13.866295642000068,3
51.31373511900006,13.353788833000067,3
51.09810810700003,14.264801047000049,3
51.09675151600004,14.015598196000042,3
51.44130732000008,14.246364796000023,2
51.34330780800008,12.383429054000032,3
51.37356826600006,12.521012154000061,3
51.36800851000004,12.366379034000033,3
51.38018235700008,12.43471446600006,3
51.330033134000075,12.345690729000069,3
51.33990598200006,12.374910567000029,3
51.23533856600005,12.728941333000023,3
51.58692506800003,12.95326102000007,3
50.51684505600008,12.12014931400006,3
50.72666951400004,12.489590385000042,3
50.91536727700003,13.31860990000007,3
50.69963213900007,12.767347082000072,3
51.03675492100007,13.638489445000062,3
50.961948859000074,13.931967189000034,3
51.01973174900007,14.119109046000062,3
51.16824238800007,13.987246380000045,3
51.49380666700006,12.74078260400006,3
51.36104946000006,12.399521178000043,2
51.29372859000006,12.814869701000077,3
51.29588242900007,13.095723233000058,2
50.64902972400006,12.485186723000027,2
50.55721230900008,12.293406219000076,3
50.65191217000006,12.663272135000057,3
50.80757046200006,12.813062546000026,2
50.845850333000044,12.933256706000066,3
50.95786294000004,13.936158865000039,2
51.10025865500006,13.603077976000066,3
51.03369052100004,13.760304377000068,3
51.048448886000074,13.69427206100005,3
51.11364239400007,13.374000084000045,3
51.09981701600003,13.67860895800004,3
50.92667683500008,13.925846160000049,3
51.03940631300003,14.250174922000042,3
51.15212131900006,14.987009164000028,3
51.45591960100006,14.197220236000021,3
51.54674322400007,14.531425394000053,2
51.478751534000025,14.661926684000036,3
51.02257980100006,14.758873232000042,3
51.04375171700008,14.633918053000059,2
51.34792716100003,12.31343577000007,2
51.36529408100006,12.455470845000036,3
51.37606041300006,12.484638305000033,3
51.319005581000056,12.277821546000041,3
51.35404191600003,12.289308679000044,3
51.27702800000003,12.367233253000052,3
51.29121587000003,12.668126459000064,3
51.42775110900004,12.326110219000043,3
50.47252608900004,12.366558865000059,3
50.82970846200004,12.555643287000066,3
50.51721218600005,12.241917823000051,3
50.43507715700008,12.192026032000058,3
50.73209611900006,12.485126320000063,2
50.748560472000065,12.485632268000074,3
50.91570578500006,12.727506350000056,3
50.620335761000035,12.877398077000066,2
50.43332846000004,12.711438365000049,3
50.591196092000075,12.692086324000059,3
51.02964359300006,13.309113237000076,2
50.77544781000006,13.28764387800004,3
50.77744203200007,13.177631760000054,2
50.61743565300003,12.810990983000067,3
51.07388766000008,13.752973593000036,3
51.07749968100006,13.716730777000066,3
51.044169312000065,13.726098752000041,3
51.05390147500003,13.738473558000067,3
51.027031056000055,13.74528114900005,3
51.049252197000044,13.720718180000063,3
51.04265634200004,13.805350120000071,3
51.032639826000036,13.698090858000057,2
51.34799030900007,13.655909688000065,3
51.174313280000035,13.49331809000006,3
51.16064053400004,13.485763410000061,2
51.122441888000026,13.576213808000034,3
51.114961521000055,14.144708519000062,3
51.155169554000054,14.975859171000025,3
51.14011168400003,14.027418702000034,3
51.326293203000034,14.079559519000043,3
51.04815034500007,14.825955283000042,3
51.33794113700003,12.414698345000033,3
51.32164332000008,12.403715852000062,3
51.36975875400003,12.46860133000007,2
51.34569272500005,12.473444710000024,2
51.29888858100003,12.384944500000074,3
51.361147036000034,12.37161263300004,3
51.347978297000054,12.374632871000074,3
51.339029280000034,12.73320678500005,3
51.14329715700006,12.653569158000039,3
51.14294500300008,12.64410508800006,3
51.287918440000055,13.092913912000029,2
51.56101288900004,12.99997918300005,3
50.87394526500003,12.540001122000035,3
50.818431915000076,12.54825777700006,3
50.54377275000007,12.056479651000075,3
50.82347445900007,12.89844998600006,3
50.55614134000007,12.755095797000024,3
50.91739869300005,13.342768815000056,2
50.71813691400007,12.722028056000056,3
51.11451796700004,13.700999547000038,2
51.04372624100006,13.702749720000043,2
51.03139767300007,13.555380458000059,3
51.12422743500008,13.745820351000077,3
51.055196187000035,13.739500221000071,3
50.99800746600005,13.81219285900005,3
51.02732894400003,13.751470330000075,3
51.07671099300006,13.726839983000048,3
51.07698502800008,13.725004537000075,3
51.018799469000044,14.232394302000046,3
51.419048383000074,13.422358529000064,3
51.037753645000066,14.136303992000023,2
51.20391693000005,14.25573042600007,3
51.18995715500006,14.450667879000036,3
51.17968986900007,14.398539893000077,3
51.14881192400003,14.913954663000027,3
51.11737865100008,13.92133724000007,3
51.402924331000065,14.579648828000074,3
50.867398921000074,14.761080693000054,3
50.89884987100004,14.818581467000058,3
51.36725319700008,12.460533855000051,3
51.37578027400008,12.405696202000058,3
51.368492083000035,12.34119637200007,3
51.372838510000065,12.487995976000036,3
51.27459113000003,12.549114502000066,3
51.31494905800008,12.375084848000029,3
51.39245232300004,12.37522064600006,3
51.330899757000054,12.380433072000073,3
51.465218605000075,12.220805247000044,3
51.33919875500004,12.327297350000038,3
50.49417595400007,12.101602659000037,3
50.74649366400007,12.285446052000054,3
50.79910790300005,12.898229573000037,2
50.82536162400004,12.920261111000059,3
50.80216361600003,12.937967873000048,3
50.785221069000045,12.881084466000061,3
50.80908515400006,12.948056869000027,3
50.66245130500005,12.965034229000025,3
50.62438320500007,12.922440477000066,3
51.15025539900006,12.924767571000075,3
51.12050124700005,13.116009224000038,3
51.08718420300005,13.763732090000076,3
51.049971483000036,13.712608328000044,3
51.04867666200005,13.680839072000026,2
51.15844475400007,13.497671137000054,3
51.056200868000076,13.756773331000034,3
51.03994384400005,13.733930474000033,3
51.063532131000045,13.82028546500004,3
51.05143682900007,13.757748481000021,3
51.12600113800005,13.580538473000047,3
51.11928630700004,13.605780158000073,3
51.15284898700003,14.355965825000055,2
51.203793888000064,14.25293307100003,3
51.28293393100006,14.506134952000025,3
51.13410049600003,14.946047962000023,3
51.09468708800006,13.920366502000036,3
51.30462413200007,14.072701454000025,3
51.19139183400006,13.834669635000068,2
51.48673998100003,12.410566352000046,2
51.27694667900005,12.72307633400004,2
51.30774560800006,12.26820391900003,3
51.34463750900005,12.263056411000036,3
51.32875454600003,12.322785882000062,3
51.340415403000065,12.40163534800007,3
51.12172497600005,12.493799301000024,3
51.221870727000066,12.714741537000066,2
50.50727318700007,12.209608747000061,3
50.54890822800007,12.015458150000029,3
50.21656058100007,12.319333211000071,3
50.66947819900008,12.503662831000042,3
50.735666525000056,12.513954740000031,3
50.85940455800005,12.924509801000056,2
50.83666412700006,12.894550656000035,3
51.11848734900008,13.121813140000029,3
50.98580266100004,13.63625614600005,2
50.93558903500008,13.78033983000006,2
51.06077970800004,13.60631046800006,3
51.06270787900007,13.600745782000047,3
51.053745941000045,13.728916684000069,3
51.03385379400004,13.733870591000027,3
51.28926932500008,13.689265075000037,3
51.16084767900003,13.471036649000041,3
50.93778312300003,14.011582043000033,3
51.14723511300008,14.892269101000068,3
51.174156468000035,14.109870923000074,3
51.27266071100007,14.431809890000068,3
51.52114612400004,14.665905707000036,2
51.34995083300004,12.430399469000065,3
51.30711579800004,12.586756689000026,3
51.35568380600006,12.49371073900005,3
51.35572564100005,12.493634085000053,3
51.44131908700007,12.27397204500005,3
51.34019878400005,12.35411282900003,3
51.345439113000054,12.83832717000007,3
50.537145655000074,12.501987948000021,3
50.881315148000056,12.586914689000025,3
50.829334234000044,12.634723122000025,3
50.51316075200003,12.238016449000042,3
50.66619680000008,12.379547065000054,3
50.54682999600004,12.787769182000034,2
50.807678363000036,12.936360555000022,2
50.74426775400008,13.069554639000046,3
50.876174150000054,12.826219220000041,3
50.838377011000034,12.911270718000026,3
50.83279407300006,12.864514967000048,2
50.63623508100005,12.96589434200007,3
50.582764946000054,12.877549565000038,2
51.354423659000076,13.613201090000075,1
50.814361158000054,13.884507197000062,2
51.13666441300006,13.752881122000076,3
51.03441193900005,13.814908720000062,2
51.05550367300003,13.757539282000039,3
51.05495100700006,13.736644555000055,3
51.04628575800007,13.741145664000044,3
51.05626067500003,13.74130586800004,3
51.061919878000026,13.735025176000022,2
51.06396897400003,13.848095429000068,3
51.064474698000026,13.739731194000058,3
50.99585157800004,13.794370854000022,3
51.05033286500003,13.660887416000037,3
51.31904216300006,13.426513299000021,3
51.22534798800007,13.356040533000055,3
51.40054397200004,12.191944327000044,3
51.376391409000064,12.399365399000033,2
51.31519160300007,12.360920488000033,3
51.271691804000056,12.676385980000077,3
51.36371361700003,12.399303876000033,3
51.32090789000006,12.359153337000066,3
51.302602903000036,12.323045149000052,3
51.31351735900006,12.296961943000042,2
51.34592841700004,12.352894262000063,2
51.262943300000074,12.739534657000036,3
51.36487784800005,12.739504232000058,2
50.723171698000044,12.359756133000076,2
50.49512081200004,12.151882084000022,3
50.35921060100003,12.472344959000054,3
50.73278988100003,12.37999790200007,3
50.91308651700007,13.333936013000027,2
50.70442572800005,13.040409298000043,3
50.531140668000035,12.995150515000034,3
50.647128957000064,13.15918436100003,3
51.19505711100004,13.452535588000046,2
51.12994130000004,13.712976426000068,2
51.02271958100005,13.804366944000037,2
50.816443597000045,13.885794514000054,3
51.047229766000044,13.708961570000042,3
50.82876103700005,13.61721009300004,2
51.09809281100007,14.398046083000054,3
51.25376629700003,14.888020251000057,3
51.33156749700004,14.968225141000062,2
50.91773541900005,14.803027212000075,3
51.24889946800005,12.422144695000043,3
51.313413651000076,12.293281281000077,3
51.10195555900003,12.694390028000043,3
50.72513590300008,12.411704447000034,3
50.68688672800005,12.699940768000033,2
50.705189390000044,12.500414668000076,3
50.618931693000036,12.704273858000022,2
50.76493225100006,12.902899696000077,2
50.82130368900005,12.932777714000053,3
50.81269510200008,12.811640191000038,3
50.59347459900005,12.712089567000021,3
50.79833185200005,13.229581409000048,3
50.66671580500008,13.13877231600003,3
50.91472065000005,13.041677626000023,3
50.97855778500008,12.98200773800005,3
50.97855778500008,12.98200773800005,3
50.992697615000054,12.866138220000039,3
50.885627199000055,13.763905685000054,2
51.085694380000064,13.692649430000074,3
51.001641395000036,14.022547484000029,2
51.09660579400003,13.718983459000071,3
51.05099987600005,13.704732559000036,3
51.07355973300008,13.724325212000053,2
50.85330941800004,13.792505823000056,3
51.29436798300003,13.531512957000075,2
51.306532477000076,13.299102598000047,3
51.17838853500007,14.423666560000072,3
51.176769096000044,14.459196434000035,3
51.17552459600006,14.425134008000043,3
51.16384467000006,14.96057346400005,3
51.14971238000004,14.991683131000059,3
51.37612036400003,14.07044152900005,3
51.27629987600005,14.113867237000022,2
50.97274356400004,14.61233285000003,3
51.39511123300008,12.383784155000058,2
51.33978035400003,12.476919747000068,3
51.48071877500007,12.341609193000068,3
51.35070260800006,12.405901569000036,3
51.371761079000066,12.331818518000034,3
51.34835792900003,12.542669756000066,3
51.321013909000044,12.365669181000044,3
51.33002367700004,12.34567304500007,3
51.31198533400004,12.307829956000035,3
51.33696850300004,12.376298655000028,3
51.36395402900007,12.40162282800003,3
51.28409296700005,12.592487787000039,3
50.51069721600004,12.411823447000074,3
50.27946977700003,12.237652532000027,3
50.79909263800005,12.363861212000074,3
50.72129688000007,12.541313241000069,3
50.99103851800004,13.269112737000057,2
50.58690381400004,12.699668816000042,2
50.84805489800004,12.898166048000064,3
50.819354401000055,12.915062012000021,3
50.78311400600006,12.88430844100003,3
50.45737586400003,12.722576030000027,3
51.12129637900006,13.138540417000058,3
50.87196923400006,13.32008356700004,3
51.045690093000076,12.793860524000024,3
50.87734989100005,13.723042305000035,2
50.92939611700007,13.70575827700003,2
51.04945359300007,13.678081302000066,3
51.058659516000034,13.76327724500004,3
51.047231570000065,13.736200523000036,3
51.07299666800003,13.742533969000021,3
51.06395519500006,13.73837003500006,2
51.056638657000065,13.833479733000047,3
51.03872673400008,13.864158571000075,3
51.04588463500005,13.806905674000063,3
51.00318384000008,13.821093261000044,3
51.02616375200006,13.755819497000061,3
51.03348654500007,13.711874528000067,3
51.008007260000056,13.848450661000072,3
51.057982966000054,13.531146512000078,3
51.04626562700008,13.741113432000077,3
51.34925668600005,13.495949151000048,3
51.11725622100005,13.478687353000055,3
51.17611025300005,13.542965521000042,3
50.95874282200003,14.01020505200006,3
51.01359904200007,14.57285143100006,2
51.40673291400003,14.291261614000064,3
51.435728297000026,14.23575297800005,3
51.43791213800006,14.263736395000024,3
51.10600463500003,14.653487160000054,3
50.90601046900008,14.812348221000036,3
51.50585866900008,12.812663457000042,2
51.31492885700004,12.373163240000054,1
51.28050488300005,12.592017437000038,2
51.43803746400005,12.204020461000027,3
51.32077420600007,12.367502263000063,3
51.30353959000007,12.396513370000037,3
51.33797689700003,12.333398917000068,3
51.23144600900008,12.716346815000065,3
51.33082090400006,12.583711054000048,2
51.52919793400008,12.350255149000077,3
51.48736364000007,12.461217572000066,3
50.50359643100006,12.137337331000026,3
50.66337478000003,12.347105222000039,2
50.83820356500007,12.470763590000047,3
50.81705256400005,12.703917327000056,3
50.423453100000074,12.171111066000037,3
50.495814100000075,12.125818217000074,3
50.55661433000006,12.210202610000067,2
50.48883167400004,12.135342871000034,3
50.464085786000055,12.16720898400007,2
50.811203559000035,12.385599221000064,2
50.507828817000075,12.524374238000064,2
50.85390842100003,12.857142321000026,2
50.84350663300006,12.93922033900003,3
50.86234394100006,13.421686059000024,3
50.733960022000076,13.568044136000026,3
50.90791330600007,13.036643305000041,3
50.97054308200006,13.121584735000056,3
51.04783246400007,12.797767881000027,3
51.03835049500003,13.735026323000056,3
51.042507743000044,13.676891289000025,3
51.072734284000035,13.690103307000072,3
51.07258142000006,13.735845935000043,2
50.937746848000074,13.647648634000063,3
51.11963757600006,13.350106090000054,2
51.10545400600006,13.68466322200004,3
50.954382569000074,13.962782323000056,3
51.13067620000004,13.917479644000025,3
51.339455007000026,12.470432612000025,2
51.33998319600005,12.325973895000061,3
51.35548381000007,12.306775607000077,2
51.34446960300005,12.371894952000048,3
51.41785668800003,12.298741242000062,3
51.30885665400007,12.574807814000053,3
51.42370447800005,12.286012542000037,3
51.018593216000056,12.660644812000044,3
51.21404141900007,12.343467543000031,3
51.23665630100004,12.722751750000043,3
51.57152188100008,12.753665871000067,3
51.46673332000006,12.658689365000043,3
51.30445975900005,13.093117706000044,3
50.818042382000044,12.396341354000072,2
50.62491868500007,12.304317910000066,2
50.78706032000008,12.724853213000074,3
50.82588385500003,13.325861168000074,2
50.886470158000066,12.801007109000068,2
50.84350600600004,12.939221100000054,3
50.801310314000034,12.973357543000077,3
50.84351591600006,12.939209064000067,3
50.83279338400007,12.906170605000057,3
50.874542731000076,13.326635456000076,3
51.04953519000003,13.758723803000066,3
51.06482031100006,13.614583208000056,3
51.04724064700008,13.75165068800004,3
51.069675791000066,13.756043956000042,2
51.06861426800003,13.75987215200007,3
51.023018610000065,13.751348422000035,3
51.05411646200008,13.719186639000043,3
51.061615491000055,13.734504298000047,3
51.022611819000076,14.202817659000061,2
51.15043103700003,14.977256448000048,3
51.19161294100007,14.218266939000046,3
51.17695117800008,14.429653072000065,3
51.16544722800006,14.971400605000042,3
51.16954739100004,14.979415506000066,3
51.34305789100006,14.24312923900004,2
51.44558220700003,14.10655951700005,3
51.35862289000005,12.375792001000036,3
51.355749874000026,12.49358968100006,3
51.31240139100004,12.371953915000063,3
51.349195483000074,12.310558650000075,3
51.347996343000034,12.313526205000073,3
51.33693637500005,12.393289674000073,3
51.33852807100004,12.369333399000027,3
51.31188143500003,12.946085943000071,2
51.61211552100008,12.967789562000064,3
50.50153179800003,12.133668845000045,3
50.72024337100004,12.486565106000057,2
51.00410095700005,12.94976904500004,3
50.851883361000034,12.887664248000021,3
50.906798379000065,13.349458818000073,3
51.161153469000055,13.611882328000036,3
51.03243617600003,13.776296839000054,3
50.99453907600008,13.80181736000003,3
51.370013724000046,14.961682968000048,3
51.10126011700004,13.979797488000031,3
51.10984542400007,13.91976545500006,3
51.501696336000066,14.627079543000036,3
50.950773233000064,14.888354312000047,3
50.989174767000065,14.614369399000054,3
51.343198836000056,12.386102402000063,3
51.135815337000054,12.508458036000036,3
51.37903397200006,12.418590399000038,3
51.38674106600007,12.389540982000028,3
51.33249667700005,12.440512907000027,3
51.32269284600005,12.343051582000044,3
51.341226833000064,12.380632952000042,3
51.294647318000045,12.75018996800003,3
51.47153292200005,12.453481350000061,3
50.42930086300004,12.17881470900005,3
50.60809506500004,12.16409926700004,3
50.82947789500008,12.390806568000073,3
50.84575109000008,12.93980222700003,3
50.805797433000066,12.923697084000025,3
51.18379108200003,12.920697008000047,3
51.00396164000006,13.647273736000045,3
50.90568796800005,13.687680348000072,2
51.12093320300005,13.597426890000065,3
51.09020102100004,13.693138422000061,3
51.06259785000003,13.595124377000047,3
51.04508748400008,13.815412564000042,3
51.07788891300004,13.702140864000057,3
50.98006978800004,13.629796923000072,3
50.954054030000066,13.935912557000051,2
51.28998755400005,13.322825610000052,3
51.00841101900005,14.58911321200003,3
51.17691389200007,14.429042691000063,3
51.161023346000036,14.992032987000073,2
51.35313541100004,12.45912198700006,3
51.327842264000026,12.30949828200005,3
51.34683070800003,12.395943122000062,3
51.34116875800004,12.367444706000072,3
51.49254911000003,12.738978324000072,3
50.81219624100004,12.536816928000064,2
50.50626191600003,12.062830101000031,3
50.621956639000075,12.891698280000071,2
51.175724408000065,13.142727816000047,3
51.03740236700003,13.806490150000059,2
51.03759619500005,13.610633482000026,3
51.039664997000045,13.772038524000038,3
51.10670289300003,13.715819671000077,3
51.054207097000074,13.719318859000055,3
50.98670531700003,13.759187380000071,3
50.87823729300004,13.91315957200004,2
50.98867502000007,14.603401130000066,3
51.34066498200008,12.409030916000063,2
51.332364992000066,12.338900632000048,3
51.34437883000004,12.597196667000048,3
50.70155555300005,13.430388570000048,2
50.84765736500003,12.844865199000026,3
50.69793565800006,12.739774841000042,3
50.83370086900004,12.922060131000023,3
50.84929956500008,12.895382743000027,3
50.783881604000044,12.996675507000077,2
50.62652733600004,12.968526413000063,3
51.10028648500003,12.974996763000036,3
50.916283286000066,13.346608189000051,3
50.911646200000064,13.32459244100005,2
51.01807264000007,13.706994101000078,2
51.08229016400003,13.700662976000046,2
51.056215681000026,13.756728833000068,3
51.051091505000045,13.769619057000057,3
51.043829026000026,13.807346776000031,3
51.04470540600005,13.778244980000068,3
51.02674355000005,13.799904956000034,3
51.063775442000065,13.746736442000042,3
51.009608058000026,13.831841172000054,3
51.01510513100004,13.662512035000077,3
51.12444748900003,13.283346078000022,3
51.201558126000066,13.594857450000063,3
50.91894411100003,14.07611302500004,3
51.307908594000025,13.293268130000058,3
51.17741732200005,14.139748347000022,3
51.441100369000026,14.246546623000029,3
51.399686994000035,14.786434433000068,2
51.02967064900008,14.555075619000036,3
51.365295323000055,12.45547450500004,3
51.53110575200003,12.34040303100005,1
51.39016354000006,12.37712577800005,3
51.320689204000075,12.37674258900006,3
51.37487939500005,12.492919794000045,3
51.30535426400007,12.432875205000073,3
51.32184188100007,12.415087214000039,3
51.31734253800005,12.325674641000035,3
51.343832372000065,12.38371800300007,3
51.33664927800004,12.371584554000037,3
51.102901607000035,12.393278503000033,3
51.292356779000045,12.51692573400004,3
51.59015533200005,12.602107637000074,2
51.523275031000026,12.512341734000074,3
50.40348441500004,12.266852137000058,2
50.71327434900007,12.478976146000036,2
50.77331230600004,12.675575453000022,3
50.49866855300007,12.17151246000003,3
50.86655935500005,12.804045188000032,3
50.83169669800003,12.956831498000042,3
50.832412704000035,12.924738306000052,3
50.592716540000026,12.706487672000037,2
50.95231671000005,12.751262040000029,3
50.72736215300006,12.700109079000072,3
51.021544541000026,13.960085290000052,2
51.02553740900004,13.793887011000038,3
51.05834703200003,13.797428957000022,2
51.08764181500004,13.260919320000028,3
51.12560121800004,13.747681187000069,2
51.05873210200008,13.763712755000029,3
51.05096570200004,13.729108567000026,3
51.068034874000034,13.754935364000062,3
51.06385568200005,13.760826972000075,3
51.00563316500006,13.808713978000071,3
51.28928261900006,13.476099274000035,3
51.16671865400008,13.495285888000069,2
50.98040942800003,13.86115731700005,3
50.961901382000065,13.93294699300003,3
51.12668492800003,13.916254880000054,3
51.36008456900004,12.36203583300005,3
51.45582386900003,12.634786376000022,3
51.46515701200008,12.215042614000026,3
51.36314598400003,12.399512819000051,3
51.33532017500005,12.339722435000056,3
51.33570874600008,12.366873574000067,3
51.335215693000066,12.370537327000022,3
51.33929557100004,12.40099241400003,3
51.42235369500003,12.856425453000043,3
51.36702106200005,12.737482216000046,3
50.75218029100006,12.620505387000037,3
50.50813453200004,12.14291785100005,3
50.51954744000005,12.130792690000021,3
50.50889239800006,12.128009312000074,3
50.81795673600004,12.393203910000068,3
50.73238011400008,12.43742794700006,3
50.71902465100004,12.484742176000054,3
50.677372124000044,12.472399955000071,3
50.81293086900007,12.858847525000044,3
50.832035175000044,12.918502317000048,2
50.80295515100005,12.883000767000055,3
50.52254442200007,12.996410714000035,3
50.99062824900005,12.969616416000065,2
51.01782823500008,12.731606365000061,3
50.75100604900007,12.879159800000025,3
51.12406449500003,13.746330360000059,3
51.021740986000054,13.803244495000058,3
51.081217577000075,13.670482597000046,2
51.059233068000026,13.728775245000065,3
51.064339078000046,13.767327263000027,2
51.12768319400004,13.844254801000034,3
51.04708375000007,13.709195505000025,3
51.07034039800004,13.689797727000041,3
51.08145848800007,13.722218607000059,3
51.06447555500006,13.689932359000068,3
51.23982543200003,13.661390508000068,3
51.26095156100007,13.546342768000045,3
51.12366457300004,13.579505207000068,3
50.93172540000006,13.927129765000075,3
50.902019636000034,14.006740524000065,3
51.27996486200004,14.10413531100005,1
51.05486760200006,14.412610732000076,3
51.158497906000036,14.983281847000057,3
51.14366913300006,14.942914256000051,3
51.103342084000076,14.881661536000024,3
51.44254312500004,14.269766808000043,3
50.89185587000003,14.806817160000037,3
50.96031528700007,14.699711927000067,3
50.96106506900003,14.716531830000065,3
51.33056635100007,12.38098932500003,3
51.21095398600005,12.951733406000074,3
51.407615186000044,12.186738673000036,3
51.28599806300008,12.429496955000047,3
51.32374927400008,12.309841016000064,3
51.33018342200006,12.33281297700006,3
51.36660309500007,12.349868610000044,3
50.78412105100006,12.632398522000074,1
50.80491789300004,12.749760667000032,3
50.44890502800007,12.047642241000062,2
50.750120535000065,12.330859584000052,2
50.88391331100007,13.192135022000059,1
51.073277165000036,13.017677744000025,1
50.719639707000056,12.76726609800005,2
51.05460042900006,13.368900113000052,3
50.85065865400003,12.928952468000034,3
50.84590466700007,12.90318866900003,3
50.547205733000055,12.78111059500003,3
50.531010620000075,12.773899028000073,3
51.08115967300006,12.99574836000005,2
50.698884891000034,13.110623625000073,3
50.73433092200003,12.925546616000076,3
51.03359366700005,13.749642739000024,3
51.05613340900004,13.83177018400005,3
51.05924900400004,13.48028518600006,3
51.05853498100004,13.73072950900007,3
51.02295434700005,13.767156653000029,3
51.04175982300006,13.799266846000023,3
51.041869629000075,13.683735168000055,3
51.01418604100007,13.646253788000024,3
51.03757165900004,13.598095178000051,3
51.163673542000026,13.729348343000026,3
51.10761314800004,13.633948279000037,3
51.000606239000035,14.021428472000025,3
51.407170662000055,13.438540137000075,3
51.295750594000026,13.248572983000031,3
51.31827947600004,13.308335187000068,3
50.92968248900007,14.132761694000067,3
51.18357191700005,15.00050748800004,2
51.143894000000046,14.03229466700003,2
51.28817148500008,13.902816246000043,3
51.10247699100006,13.913407093000046,3
51.320464309000045,12.356889245000048,2
51.34189504400007,12.368926111000064,3
51.33942771300008,12.385145325000053,3
51.34796545300003,12.593589265000048,3
51.259083461000046,12.734795637000047,3
51.32622952300005,12.59231688400007,3
50.70688693100004,12.458972434000032,3
50.55706600800005,12.35062391100007,3
50.30856470500004,12.25265672100005,3
51.08668780000005,13.108043114000054,3
50.97823812400003,12.731478651000032,3
51.039920719000065,13.613194467000028,2
51.04824972800003,13.748594798000056,3
51.030503974000055,13.81615554900003,3
51.03222034300006,13.700755130000061,3
50.89634894100004,14.792430956000032,1
51.150894451000056,14.989938473000052,3
51.284729765000066,14.197638095000059,2
51.42279285400008,14.605447004000041,2
50.89448370400004,14.801649231000056,3
50.945217385000035,14.885445537000066,3
51.06499508200005,14.892955777000054,3
51.07783653100006,12.725214751000067,1
51.39297232500007,12.343878441000072,3
51.315323496000076,12.394444665000037,3
51.412580803000026,12.544729372000063,3
51.47670535600008,12.981032259000074,2
50.503875866000044,12.206824320000067,2
50.85953176800007,12.763801616000023,3
50.60853267400006,12.542491600000062,3
50.88012497300008,12.84282053000004,1
50.91837018700005,12.840663802000051,3
50.86362107400004,12.951813181000034,3
50.53921414400003,12.787047820000055,3
51.32504806700007,13.283220112000038,1
51.04430206300003,13.738648996000052,3
51.04394856500005,13.816103561000034,3
51.050610704000064,13.726923602000056,3
51.012086906000036,13.825903340000025,3
51.062144603000036,13.686807701000077,3
50.88690324600003,13.903233724000074,3
50.966770429000064,13.933491230000072,3
51.23762572500004,14.520926647000067,3
51.136753138000074,14.489395480000042,3
51.42817611800007,14.229768019000062,3
51.52761482100004,14.510957197000039,3
50.979146091000075,14.630920348000075,3
51.38908215200007,12.651077585000053,3
51.31927494300004,12.328173569000057,3
51.340499040000054,12.395373667000058,3
51.13100365200006,12.261353605000068,3
51.59124532200008,12.587599860000068,3
50.59519905600007,12.030766333000031,3
50.50017160600004,12.142273575000047,3
50.79895680200008,12.387772941000037,3
50.64946394700007,12.559643939000068,3
50.82591958800003,12.388275777000047,3
50.72081256800004,12.43627538100003,3
50.84073273400003,12.924294872000075,3
50.50270117900004,12.603796209000052,3
50.457277641000076,12.828077630000053,3
51.139989307000064,13.119385392000027,2
51.05090181800006,13.704354317000025,3
51.089127278000035,13.247572774000048,2
51.25464784700006,13.724101890000043,3
51.04908375100007,13.691635034000058,2
51.122821489000046,13.592960964000042,3
51.158719767000036,13.452267277000033,2
50.99737587200008,14.00722700700004,2
51.05619254100003,14.370285013000057,3
51.01659459800004,14.573187813000061,3
50.88228264800006,14.813498821000053,3
51.01703237400005,12.599907882000025,2
51.42658445100005,12.207037544000059,2
51.32167721900004,12.403990520000036,3
50.37271941100005,12.151830890000042,2
50.80633542000004,12.581286409000029,3
50.91059424000008,12.808980059000021,2
50.83394165900006,12.969536822000066,3
50.59638946000007,12.666790116000072,3
51.21569286400006,13.172026639000023,3
51.026896125000064,13.114217802000042,3
50.87777735200007,13.040996538000059,3
50.709060984000075,12.860366417000023,3
50.91289357100004,14.174383703000046,3
51.053383558000064,14.071072858000036,2
51.270443716000045,13.237509430000046,2
51.12737240000007,13.74818648300004,3
51.06770735100008,13.626104554000051,3
51.04332266400007,13.747639290000052,3
51.12966811100006,13.793829498000036,3
51.09057886100004,13.705777109000053,3
51.03897653900003,13.707892429000026,3
51.07561424900007,13.726351196000053,3
51.04356577300007,13.704229741000063,3
51.027619378000054,13.654019405000042,3
51.12583005100004,13.580529041000034,3
50.982817889000046,13.86589791800003,3
51.305353050000065,13.271392207000076,3
51.15149973600006,14.245302597000034,3
51.14862149500004,14.916151694000064,3
51.44883062000008,14.951942991000067,2
51.38120780000003,14.08210361700003,3
51.18089684700004,13.82674929500007,3
51.18323027400004,13.828584806000038,3
51.093491061000066,14.001771862000055,3
51.33039555000005,12.392375213000037,3
51.26222312600004,12.269378278000033,3
51.334103887000026,12.39259880800006,3
51.425892961000045,12.568929174000061,3
51.37898603200006,12.300993008000034,2
51.361160565000034,12.574325568000063,2
51.396974588000035,12.274207943000022,3
51.33838702600008,12.374632361000067,3
51.321032252000066,12.365667993000045,3
51.32780077600006,12.265948817000037,3
51.32060003400005,12.271601334000025,3
51.36345069400005,12.361495899000033,3
51.34286653400005,12.363252875000057,3
51.33674894900008,12.332769674000076,3
51.52381496700008,12.346765541000025,3
51.28177532700005,13.039496405000023,2
51.56758884300007,12.974536905000036,2
50.553234426000074,12.278445781000073,3
50.50653082100007,12.154139916000076,2
50.477812580000034,12.324521197000024,3
50.50380744800003,12.363592716000028,3
50.53173204700005,12.423489266000047,3
50.78510038500008,12.663996014000077,3
50.495180549000054,12.125939338000023,3
50.41492217100006,12.173187105000068,3
50.71163390500004,12.370413061000022,3
50.732095453000056,12.505251694000037,3
50.82811184900004,12.826967069000034,3
50.80670086400005,12.881486573000075,2
50.79619717800006,12.910523590000025,3
50.612674397000035,12.722822500000063,3
51.118599302000064,13.124095542000077,3
50.89667120400003,13.331435627000076,3
50.72761195500004,12.751580185000023,3
51.045894978000035,13.72250721100005,3
51.05227111900007,13.757407157000046,2
51.05160463300007,13.707297250000067,3
51.046272645000045,13.754811324000059,3
50.99593577600007,13.791444393000063,3
51.00746551700007,13.689950171000078,3
51.02663707800008,13.710087567000073,3
51.05931742700005,13.72487508000006,3
51.302486370000054,13.535601094000071,2
51.17765680500003,14.143630004000045,3
51.14136939900004,14.44125471600006,3
51.509979230000056,14.623749158000066,3
51.306809961000056,12.263851450000061,3
51.30728813800005,12.326760203000049,3
51.40194281700008,12.45919968100003,3
51.338084097000035,12.41031577800004,3
51.35984750700004,12.443492528000036,3
51.33076324700005,12.309446709000042,3
51.33537953900003,12.33764112700004,3
51.34446687600007,12.371565531000044,3
51.215337583000064,12.462118819000068,3
51.36565307300003,12.725760798000067,3
51.50625471800004,12.78737254400005,3
50.77687625900006,12.428152633000025,1
50.82528020900003,12.53850152900003,3
50.81780688900005,12.54458306400005,3
50.48723833400004,12.121128429000066,3
50.73372176600003,12.565930503000061,3
50.73480088100007,12.506812421000063,3
50.88555945200005,12.496662509000032,3
50.81193758400008,12.890973119000023,2
50.85290144100003,12.884491682000032,3
51.156657316000064,12.94334217100004,3
50.85787724000005,13.17318814500004,3
50.970406111000045,13.007584996000048,3
50.90555752100005,12.958782824000025,3
50.84302182500005,13.056753357000048,3
51.04609200700003,13.754507666000052,3
51.12025250000005,13.75223876900003,3
51.035199040000066,13.71960394100006,2
51.054166433000034,13.777844917000039,3
51.051279822000026,13.73318598700007,3
51.07166963700007,13.74896252800005,3
51.025963567000076,13.760811701000023,3
51.00973278100008,13.800095963000047,3
51.07712249800005,13.719483352000054,3
51.03642195300006,13.586747131000038,3
50.918022876000066,13.546945093000033,2
51.13494960200006,13.58540178800007,3
51.09069765100003,13.359838395000054,2
50.95572960700008,13.927535266000064,3
51.32593331900006,13.372886477000065,3
51.295722786000056,13.285952714000075,2
51.179665398000054,14.425996824000038,2
51.09785769000007,14.378628811000056,3
51.09435194000008,14.535188168000047,3
51.259285668000075,14.809554325000022,3
51.435283921000064,14.242874914000026,3
51.17585432000004,13.844107909000058,3
51.00971312400003,14.58187730000003,3
51.42649737700003,12.56907142600005,3
51.353667306000034,12.388748337000038,3
51.32796540900006,12.308974840000076,3
51.29017099600003,13.049801241000068,3
51.52602647500004,12.326905013000044,2
51.39207330200003,12.437902174000044,3
51.35861259300003,12.425742489000072,3
51.38626523000005,12.456682771000033,3
51.376384717000064,12.399363937000032,3
51.40058017900003,12.192482798000071,3
51.36330054000007,12.361663092000072,3
51.29682322200006,12.490174180000054,3
51.35038659300005,12.454465281000068,3
51.33746912000004,12.334022124000057,3
51.360693258000026,12.28206893500004,3
51.33226941200007,12.326879838000025,3
51.34483743800007,12.321802349000052,2
51.33813507900004,12.385597365000024,3
51.343579254000076,12.383067509000057,3
51.346276927000076,12.371356849000051,3
51.33407026100008,12.39744354000004,3
51.116647776000036,12.495549824000022,3
51.12049554400005,12.486364484000035,3
51.522557376000066,12.342462596000075,3
51.36541529500005,12.675341743000047,3
51.55174507000004,12.974192247000076,3
50.49485803300007,12.131297901000039,3
50.720295262000036,12.486506306000024,3
50.85066077300007,12.947903591000056,2
50.84007213500007,12.901642412000058,3
50.805950831000075,12.850487824000027,2
51.00314965600006,13.383140604000062,3
50.727591732000064,12.734667295000065,3
51.02853646900007,13.745829654000033,3
51.05965114900005,13.745652403000065,3
51.08813555800003,13.737791443000049,3
51.03186128800007,13.730276094000033,3
51.08571955900004,13.692868386000043,3
50.955313355000044,13.700566266000067,3
50.85438039100006,13.789425820000076,2
51.156187044000035,13.567032668000024,2
51.20880611700005,14.228521278000073,2
51.44331901500004,14.274633917000074,3
51.348056719000056,12.54009783500004,3
51.36870255900004,12.430567935000056,3
51.392865534000066,12.439051190000043,3
51.35869328900003,12.375751186000059,3
51.168427388000055,12.494968571000072,2
51.53415419900006,12.322205653000026,3
50.81346512700003,12.678178847000027,3
50.64941509200003,12.559679594000045,3
50.94000572400006,13.433299229000056,3
50.86220756500006,12.811960557000077,3
50.833716741000046,12.926412424000034,3
50.82079936800005,12.882028900000023,3
50.788584478000075,12.926272403000041,3
50.61223929300007,12.708233046000032,3
50.52371497000007,12.765275243000076,3
50.524033200000076,12.766456165000022,3
51.063683523000066,13.18219797300003,2
50.85378512900007,13.346158245000026,2
50.85817219300003,13.319595350000043,3
51.08857038700006,13.253227052000057,3
50.89477978200006,12.82255897400006,2
50.99212487500006,12.966261657000075,3
50.74800913300004,12.819362214000023,3
50.87964457500004,13.953926875000036,2
51.04640439700006,13.755092877000038,3
51.00751396000004,13.843204096000022,3
51.05098553200003,13.80816434600007,3
51.03699658100004,13.74538698400005,2
51.00987540800003,13.831887900000027,3
51.05342795000007,13.744608289000041,3
51.10248500300003,13.770206157000075,2
51.106147683000074,13.73489379700004,3
51.033784525000044,13.749612974000058,3
51.03463409600005,13.70356606100006,3
51.075063329000045,13.729697287000022,3
51.081036597000036,13.70959414300006,3
50.96320794300004,13.937643517000026,3
51.26289153300007,13.294041175000075,3
50.972113913000044,14.26028444700006,3
51.13209273600006,14.958440281000037,3
51.21428497000005,14.925453962000063,2
51.49140144200004,14.352233735000027,3
51.54581138600008,14.538379862000056,3
51.49723432500008,14.642111065000051,3
50.97531816500003,14.695955570000024,3
51.07185773300006,14.590485454000031,2
51.10287388000006,14.69594627400005,2
50.89514023600003,14.810212223000065,3
50.955230751000045,14.652501933000053,3
51.20407015700005,12.701339394000058,2
51.334217283000044,12.383075561000055,3
51.34267170900006,12.381167714000071,3
51.337860834000026,12.225257585000065,2
51.321573052000076,12.427693615000067,3
51.34204605800005,12.411239626000054,3
51.08655997500006,12.429568137000047,3
51.375993634000054,12.801856018000024,3
51.218989340000064,12.709319453000035,3
51.45877089000004,12.586451693000072,3
51.651422885000045,12.682305490000033,3
50.678373975000056,12.702612079000062,2
50.817424671000026,12.65452388500006,3
50.413537889000054,12.448294111000052,3
50.69732309500006,12.434891337000067,3
50.72077060400005,12.438209327000038,3
50.83451477600005,12.93630678900007,3
50.55526839500004,12.674521696000056,2
50.90999074100006,13.33697733200006,3
51.00519398900008,13.293869680000057,2
51.127262029000065,13.558255188000032,2
51.04783811300007,13.772782354000071,3
51.05322434400006,13.736151163000045,3
51.04570977000003,13.740922848000025,3
51.050760154000045,13.775728094000044,3
50.946500971000034,13.739102406000029,3
51.02211648000008,13.615926881000064,2
50.86177181900007,13.536628492000034,3
51.11833492900007,13.370361519000028,2
50.93022158900004,13.87921170900006,3
51.03823946500006,14.088211951000062,3
51.11232349100004,13.961909164000076,3
51.263942530000065,13.904972990000033,3
51.18575290700005,13.806534431000046,3
51.081581534000065,14.018084198000054,2
51.34835972900004,12.419999930000074,2
51.40857007200003,12.187288488000036,3
51.334564200000045,12.33937596100003,3
51.32680946700003,12.305363214000067,3
51.34245153300003,12.372154329000068,3
50.78503724900003,12.620005175000074,3
51.119561633000046,13.125978825000061,3
51.13646097900005,13.143081539000036,3
50.77945991800004,12.866999312000075,3
51.01605651400007,13.699014263000038,3
51.03716564000007,13.744802613000047,3
51.132206962000055,13.541012205000072,2
51.05394352800005,14.431406434000053,3
51.12643247600005,14.982102112000064,2
51.16279634700004,13.875596090000045,2
50.860356575000026,14.818330808000042,3
51.34964197800008,12.832703397000046,3
51.441329823000046,12.863734769000075,2
51.313914648000036,12.405991890000053,3
51.22744249900006,13.015178526000057,3
50.84952679000003,12.443991520000054,2
50.39231231900004,12.346602973000074,2
50.72293089000004,12.48855551400004,3
50.71798420500005,12.458031783000024,3
50.65723488000003,13.234385294000049,2
50.82321300500007,13.001324003000036,3
50.82022670300006,12.934754081000051,3
50.82500282600006,12.900962401000072,2
50.816784692000056,12.901043911000045,3
51.08115415300006,12.995763492000037,3
50.91080692600008,13.322405394000043,3
50.80765208200006,13.323209604000056,3
50.969512647000045,13.134201031000032,3
50.63304982100004,12.80800895300007,3
51.044296890000055,13.779854017000048,2
50.88133994200007,13.71357736400006,3
51.02792718200004,13.787843761000033,3
51.04005127500005,13.771001330000047,3
51.04973944500006,13.725959289000059,3
51.05765195600003,13.724872238000046,3
51.07256340600003,13.73586229700004,3
51.02751084300007,13.537432839000076,2
50.97385145700008,13.71106329500003,3
51.09705907400007,13.693076459000054,3
51.09595867100006,13.694771822000064,3
51.17881733200005,14.432789784000022,2
51.15561132400006,14.948965001000033,3
51.537628932000075,14.191331397000056,3
51.48623626300008,14.351177120000045,3
51.271047585000076,14.091207138000073,3
51.49614845700006,14.71700906500007,2
51.589381555000045,13.083749830000045,2
51.32684147600003,12.373736648000033,3
51.37579817900007,12.418934789000048,2
51.26261511900003,12.461455579000074,3
51.24784023300003,12.407023135000031,3
51.22270381900006,12.913264966000042,3
51.310132914000064,12.396139495000057,3
51.34263129100003,12.302142607000064,3
51.34302381600003,12.376635683000075,3
51.345103434000066,12.414445010000065,3
51.339518174000034,12.36575980300006,3
51.33450044800003,12.353968868000038,3
51.19922313400008,12.42003888000005,3
51.526035139000044,12.337007705000076,3
51.522721439000065,12.654268951000063,3
51.25884111100004,12.989395563000073,3
50.88953590400007,12.728989005000074,3
50.82808933800004,12.549259126000038,3
50.82106240600007,12.621095604000061,3
50.704525928000066,12.500465759000065,3
50.83386467100007,12.915722281000058,3
50.76157937600004,12.925261823000028,2
50.877619769000034,12.82782006900004,2
50.83501295900004,12.927629090000039,2
50.56989219900004,13.004371572000025,3
51.15299360000006,13.56631414900005,3
51.06256106200004,13.745354827000028,3
51.24045823300003,13.727250641000069,3
51.06578333300007,13.765776298000048,3
51.06093864800005,13.884855402000028,2
51.06372699900004,13.821486249000031,3
51.03746220100004,13.705120719000035,3
51.054319906000046,13.719837129000041,3
51.03088024400006,13.70169487100003,3
51.386839458000054,13.12767500800004,3
51.18152676900007,15.006917901000065,1
51.101836254000034,14.198905556000057,2
51.175971650000065,14.42370849200006,3
51.14571211400005,14.98137814000006,3
51.293377752000026,14.823677116000056,3
51.44071140600005,14.261005168000054,3
51.324783618000026,12.344224588000031,3
51.37336157500005,12.47743408100007,3
51.33174504900006,12.381596602000059,3
51.303586765000034,12.396431084000028,3
51.314745035000044,12.372524944000077,3
51.34249003100007,12.303860028000031,3
51.318366653000055,12.27480425500005,3
51.31736164900008,12.325675313000033,3
51.32516776800003,12.409394955000039,3
51.34265547700005,12.413648815000045,3
51.31898117600008,12.345109038000032,3
51.05850322900005,12.690561886000069,3
51.261789744000055,12.738650105000033,3
50.507794827000055,12.216301972000053,3
50.75806025800006,12.640691141000048,3
50.53894037300006,12.140510033000055,3
50.314062172000035,12.363025919000052,3
50.903419747000044,13.342404072000022,2
50.832852124000055,12.876025644000038,2
50.830693591000056,12.962019015000067,2
50.84466891500006,12.912317935000033,3
50.77319308800003,13.204796779000048,3
50.86466543600005,13.011559314000067,3
50.83040755900004,13.895326128000022,2
51.06197446400006,13.687962214000038,3
51.32125872800003,13.402705800000035,2
51.052279974000044,13.756128257000057,3
51.05621072500003,13.820896057000027,3
51.071692969000026,13.740571427000077,3
51.05894985800006,13.710776188000068,3
51.08331681400006,13.685726316000057,3
51.32475396900003,13.471661420000032,3
51.288942586000076,14.876354370000058,2
51.148264907000055,14.94818280000004,3
51.08601407200007,14.975167150000061,3
51.34354933700007,14.068884258000026,3
51.09803685900005,14.66612643600007,3
51.07861274700008,14.601433906000068,3
51.344255572000066,12.479238441000064,2
51.38469410500005,12.273494461000041,3
51.40591686700003,12.192462006000028,2
51.34552016200007,12.450296010000045,3
51.32071958000006,12.373675357000025,3
51.33285409800004,12.373729921000063,3
51.319265088000066,12.420498253000062,3
51.34511979400003,12.274879567000028,3
51.33487295700007,12.368113967000056,3
51.33407026100008,12.39744354000004,3
51.339093468000044,12.394775336000066,3
51.30654818700003,12.649249858000076,3
51.38061342600008,12.488063692000026,3
51.29700235900003,13.113501298000074,3
51.56215897200008,12.990878011000063,3
50.72848649000008,12.484147680000035,3
50.75136849100005,12.629166432000034,3
50.83570460100003,12.469707022000023,3
50.49537403700003,12.105674157000067,3
50.79623920100005,12.304258508000032,2
50.731129286000055,12.73784334100003,2
51.12508243700006,13.10108206700005,2
50.635798657000066,12.820206566000024,2
50.85843231900003,12.870036998000046,3
50.83570184200005,12.924324933000037,3
50.792355877000034,12.905783811000049,2
50.53501309100005,12.691175386000054,3
50.89467135700005,13.345272904000069,2
50.904208021000045,13.337863318000075,3
50.89514895600007,13.322192506000022,2
50.65878781600003,13.338360300000033,3
50.998352484000065,13.799784399000032,1
50.95764642900008,13.927644316000055,2
51.02374029300006,13.798387582000032,3
51.02683817600007,13.756702219000033,3
51.02870335500006,13.743035990000067,3
50.96930566100008,13.919210416000055,3
51.17956965900004,14.420238187000052,3
51.18628502800004,14.442391385000064,3
51.154739446000065,14.992161398000064,2
51.143858125000065,14.974954973000024,3
51.46375360700006,14.216689152000072,3
51.43093358100003,14.285288037000043,3
51.39796807100004,14.807960867000077,3
51.36501517900007,12.336298881000062,2
51.36044765300005,12.567893669000057,2
51.33065732400007,12.392671710000059,3
51.40124174600004,12.407097387000022,3
51.39045344700003,12.240547035000077,3
51.32709211900004,12.173175320000041,3
51.41039392700003,12.393388901000037,3
51.37025193800008,12.338687852000021,3
51.37025015300003,12.338686210000049,3
51.318862360000026,12.344073040000069,3
51.33236664800006,12.338826849000043,2
51.32273932500004,12.208651202000055,3
51.37473652500006,12.746261330000038,3
50.86394577600004,12.770534368000028,2
50.52585623300007,12.414627726000049,3
50.54640246900004,12.300134140000068,3
50.49700902600006,12.179050751000034,3
50.492178540000054,12.128938472000073,3
50.73463324800008,12.495012379000059,2
50.793366408000054,12.92997039900007,3
50.823582542000054,12.898068366000075,3
50.567070820000026,12.728923245000033,3
50.516304595000065,12.818553627000028,3
51.124931563000075,13.120066804000032,2
50.89125561900005,13.341380178000065,2
50.85368234400005,13.474286177000067,3
50.93987525800003,13.208480745000031,2
50.86169806000004,13.076430981000044,2
51.031085835000056,13.747204139000075,3
51.061412215000075,13.885778775000063,3
51.16351092200006,13.796869868000044,3
51.042294877000074,13.79768940100007,3
51.06927499200003,13.730411392000065,3
51.06386136800006,13.945402197000021,3
51.05762899200005,13.531820340000024,3
50.995887141000026,13.64653663200005,3
51.096022049000055,13.694683725000061,2
51.10695949400008,13.649707032000038,3
51.159024499000054,13.473713582000073,3
50.95956244200005,14.024210824000022,3
51.32056954800004,13.279888459000063,3
51.30429048600007,13.30523235000004,3
51.14758303500008,14.897890680000046,3
51.45036296200004,14.103311963000067,3
51.11975878900006,13.922003109000059,3
51.608747418000064,12.925940930000024,2
51.35673470200004,12.414697854000053,3
51.33242972000005,12.341112156000065,3
51.32492018700003,12.274268802000051,3
51.25888522500003,12.46807289000003,3
51.13763229500006,12.739586017000022,3
51.526038312000026,12.337017740000022,3
50.78396029800007,12.679685684000049,3
50.50533864200003,12.140323570000021,3
50.494403789000046,12.104856160000054,3
50.64791634900007,12.642082542000026,2
50.72425062900004,12.496464675000027,3
50.83979373100004,12.894518480000045,3
50.73764258600005,13.50313837400006,3
50.98455270300008,12.998529217000055,3
51.046176657000046,13.755290711000043,3
51.05426946800003,13.721514674000048,3
51.02789626300006,13.787922196000068,3
51.03615678600005,13.683620164000047,3
51.08269652200005,13.692593097000042,3
50.98110208700007,13.630163665000055,3
51.03312592900005,13.56842083500004,3
50.97200033900003,13.927228297000056,2
51.20589789100006,14.670445802000074,2
51.107454088000054,14.103880999000069,3
51.14741445900006,14.980049231000066,3
51.15391163500004,14.824156818000063,3
51.44708797000004,14.093088198000032,2
51.12629778500008,13.943977447000066,3
50.90403861400006,14.826732930000048,3
51.29818945100004,12.327007309000066,1
51.32053063200004,12.369106196000075,3
51.26789741600004,12.38129189700004,3
51.34198873100007,12.358665318000021,3
51.33776538400008,12.371328638000023,3
51.35965319700006,12.635088241000062,3
51.52305504900005,12.292248683000025,3
51.46234704300008,12.643816549000064,3
50.75623900100004,12.627004313000043,2
50.416382069000065,12.166383258000053,3
50.43916553000008,12.092628712000021,3
50.31870249500008,12.25655174600007,3
50.686119261000044,12.565974334000032,3
50.59576339800003,12.708976613000061,3
51.30060861000004,13.624255133000077,2
51.03745424400006,13.749005150000073,3
51.20521694400003,13.713708074000067,2
51.07991535800005,13.758901575000039,3
51.12920942800008,13.532901320000065,3
50.80086260000007,13.881042198000046,3
51.282501495000076,12.469624507000049,2
51.47289825900003,12.706270010000026,2
51.30656180900007,12.380634827000051,3
51.33613360800007,12.337193685000045,3
51.33692978900007,12.394464246000041,3
51.23945988100007,13.040564782000047,3
50.846941593000054,12.46333179000004,3
50.29816018000008,12.378955445000031,2
50.49634746000004,12.113545130000034,3
50.54274189600005,12.07472444900003,3
50.82419657300005,12.931382124000038,3
50.58222442500005,12.696412622000025,2
50.69641422800004,12.734689048000064,3
50.83010683900005,12.916592636000075,3
50.84053274000007,13.41518779100005,3
50.88802716600003,13.329731004000053,3
50.917148835000035,13.35014816100005,3
50.70157326900005,13.065677660000063,3
51.07714566800007,13.717618169000048,3
51.06473731300008,13.74045207000006,3
51.011911895000026,13.666469206000045,2
51.05061493200003,13.782832433000067,3
51.05389130000003,13.803318052000066,3
51.04695603300007,13.765313008000021,3
51.045787234000045,13.79851037900005,3
51.11865100600005,13.766563370000028,3
51.00824837700003,13.843364658000041,3
51.02688041000005,13.715672953000023,3
51.098967723000044,14.404443621000041,3
51.25930716500005,14.809550572000035,3
51.192209029000026,14.95296062500006,3
51.42841670700005,14.300520278000022,3
51.09709616300006,14.665797018000035,3
51.353504404000034,12.376714771000024,3
51.35395332200005,12.372336800000028,3
51.363072396000064,12.39951908300003,3
51.31400209800006,12.451645117000055,3
51.27308633200005,12.43297129800004,1
51.37940686600007,12.323858665000046,3
51.327746768000054,12.513799558000073,3
51.32772668600006,12.51380778600003,3
51.32778365200005,12.513784444000066,3
51.30444626600007,12.382123152000077,3
51.32051484100003,12.376790597000024,3
51.33827509200006,12.383603028000039,3
51.325931516000026,12.407585894000022,3
51.34327550100005,12.37679827200003,3
51.078930497000044,12.656937644000038,3
50.74299112300008,12.390701990000025,2
50.486976766000055,12.387005206000026,2
50.66293906000004,12.340389913000024,3
50.54400033700006,12.052518146000068,3
50.48526679200006,12.142363957000043,3
50.718284905000075,12.490014976000055,3
50.729758110000034,12.492524289000073,3
50.98555537300007,13.097461644000077,2
50.82416486800008,12.928119808000076,3
50.54124004800008,12.912299722000057,3
50.59599181600004,13.292069634000029,2
50.62851544500006,12.823967175000064,3
51.04690749700006,13.708451903000025,3
51.05200414700005,13.761542613000074,3
51.04148199600007,13.79682168100004,3
51.05612703500003,13.732648164000068,3
51.05987544100003,13.718204709000076,3
51.07633647100005,13.718260456000053,3
50.91093151900003,13.491047207000065,3
50.97898721700005,13.930989940000075,2
51.07492832500003,14.01660296600005,1
51.14695557300007,14.77742371100004,3
51.152978887000074,14.97346305900004,3
51.44181508600008,14.250181757000064,3
51.10208852900007,14.67506497100004,3
51.33916798000007,12.362887283000077,2
51.346213714000044,12.392163459000074,3
51.31495662300006,12.378417565000063,3
51.20251441700003,12.42735882900007,3
51.375661689000026,12.41806010700003,3
51.39886798500004,12.191579363000073,3
51.34363391200003,12.42551037000004,3
51.30254873400003,12.450832043000048,3
51.24769987800005,12.392669856000055,3
51.33780702900003,12.332447303000038,3
51.331115985000054,12.373996998000052,3
51.33874838000003,12.382246983000073,3
51.33812187400008,12.405062175000069,3
51.05763656600004,12.556999911000048,3
51.11122851300007,12.510562813000035,3
51.26083423500006,12.51915215300005,3
51.39533484400005,12.705596628000023,3
51.29609163400005,13.103785217000052,3
51.56474839900005,12.975969210000073,3
51.56591360600004,12.972956967000073,3
50.73589940100004,12.488334465000037,2
50.418992985000045,12.177561665000042,3
50.40254006600003,12.317700681000076,2
50.73518312500005,12.373812675000067,2
50.973838572000034,13.814956562000077,3
50.91696505800007,14.152042357000028,3
51.28532358400008,14.508358952000037,3
51.31441244700005,14.825401020000072,2
51.14236712400003,14.014953095000067,3
50.95434595800003,14.599573164000049,3
51.02142430500004,14.898121670000023,2
51.36764005100008,12.409184589000063,2
51.32849219000008,12.417957813000044,3
51.21990155100008,12.33531458400006,3
51.24187351000006,12.890086846000031,3
51.50742210200008,12.476954122000052,3
50.818200180000076,12.738986321000027,3
50.72749103000007,12.373714172000064,3
50.74102381300003,12.680186208000066,3
50.640456707000055,12.822597261000055,3
50.83704407100004,12.895850255000028,3
50.597449606000055,12.661298947000034,3
50.56000355000003,12.632705061000024,3
50.70313973400005,13.007686360000037,3
50.98323722900005,12.98844672000007,3
51.02006484900005,12.854723685000067,3
51.06073902900005,13.919002169000066,2
50.99267813700004,13.643521101000033,3
51.052347387000054,13.73505717300003,2
51.061899510000046,13.854823534000047,3
51.00099660600006,13.802208875000076,3
51.03259695300005,13.748528198000031,3
51.03846641000007,13.614568470000052,3
51.04723412800007,13.70895434700003,3
51.031269276000046,13.547847755000078,3
51.318380097000045,13.322878998000022,3
51.317370502000074,13.378947470000071,3
51.192465807000076,14.444546357000036,2
51.43616485200005,14.272867220000023,3
51.45513916900006,14.195209372000022,3
51.28378606100006,12.184996381000076,2
51.42507925600006,12.197005097000044,3
51.41106501500008,12.393334571000025,3
51.27306864500008,12.432995350000056,3
51.32162215500006,12.342566086000033,3
51.34019803000007,12.369616954000037,3
51.422683378000045,12.561535922000076,3
50.81599757500004,12.661655005000057,3
50.48012309900008,12.141173540000068,3
50.84564581700005,13.447502446000044,2
50.82265042300003,12.893989757000043,2
51.12609442100006,13.123535111000024,3
51.076610456000026,12.902567644000044,3
51.168502051000075,13.472216138000022,2
51.006458750000036,13.795414182000059,3
51.01756022700005,13.78904985400004,3
51.025423352000075,13.756886158000043,3
51.056369765000056,13.721883589000072,3
51.01424147000006,13.477951917000041,3
51.32089083100004,14.022850649000077,2
51.14694596900006,14.97586238100007,3
51.45270297600007,14.099067626000021,3
51.44194182100006,14.282269902000053,3
51.17160902100005,14.421680433000063,3
51.49372679000004,12.74066693800006,2
51.34953851800003,12.520065675000069,3
51.348585497000045,12.504560017000074,3
51.34623428700007,12.445506762000036,3
51.332197317000066,12.34438487400007,3
51.34090680000003,12.324934907000056,3
51.33139887700003,12.388366241000028,3
51.294794988000035,13.109049655000035,3
50.67785434900003,12.477245965000066,2
50.64434765100003,12.326420454000072,3
50.36619374500003,11.991125349000072,2
50.70968317200004,13.10276553600005,1
50.795293482000034,12.984957290000068,3
50.91782374300004,13.356942640000057,3
51.01539811300006,13.66785803700003,3
51.057301203000065,13.74350682000005,3
51.12737436400005,13.748187020000046,3
51.06939806100007,13.693441177000068,3
51.17905470100004,14.42360497900006,3
51.43572182500003,14.23574891000004,3
51.56010301800006,12.546978827000032,3
51.305372918000046,12.32384219200003,3
51.31446913100007,12.325884014000053,3
51.32501738800005,12.296766011000045,3
51.32459212100008,12.293490263000024,3
51.33536070400004,12.370772529000021,3
50.81660183400004,12.656567172000052,3
50.701967007000064,13.199602999000035,3
51.01286111200005,13.82378114200003,3
51.04140843700003,13.706990602000076,3
51.26957304800004,13.534261822000076,3
51.098476566000045,14.348255464000033,2
51.17887390200008,14.432880359000023,3
51.34682018700005,12.332239084000037,2
51.36543775300004,12.403140564000068,3
51.24777923700003,12.279284037000025,3
51.38346396000003,12.380457472000046,3
51.35546163500004,12.444295117000024,3
51.317007111000066,12.413916154000049,3
51.30254981000007,12.45086496500005,3
51.33860678800005,12.342246042000056,3
51.34935739000008,12.315181863000078,3
51.34659462800005,12.400142047000031,3
51.33120911800006,12.371414198000025,3
51.60291974900008,12.961068623000074,3
50.84661068100007,12.705835764000028,3
50.82221298700006,12.938246915000036,2
50.83433311400006,12.954927377000047,3
50.534622074000026,12.907834755000067,3
51.15739349900008,13.161469587000056,3
50.66681526200006,13.051058827000077,3
50.627239469000074,13.08128070500004,3
50.85382039600006,12.95809510500004,3
51.05078526300008,13.734653856000023,3
51.04702612600005,13.75554074200005,3
51.04011484500006,13.805886266000073,3
51.044730884000046,13.863773951000042,2
51.01905303800004,13.789773280000077,3
50.995470856000054,13.827016688000072,3
51.08815349500003,13.719750674000068,3
51.01656884800008,13.640548159000048,3
51.081044416000054,13.693188046000046,3
51.29625407600008,13.695749067000065,3
50.971646587000066,13.935370023000075,3
50.90568488200006,14.002594487000067,3
50.92966921800007,14.132768855000052,3
51.43393345700008,14.153620989000046,3
51.397172846000046,14.294560065000042,3
51.30550457100003,14.457685124000022,3
50.90683555100003,14.837051922000057,3
51.283329682000044,12.640520125000023,2
51.17397357400006,12.488670091000074,2
51.429421053000056,12.199029821000067,2
51.26237676000005,12.462440891000028,3
51.38897414100006,12.24572192200003,3
51.25954024300006,12.383351943000036,3
51.31998058200003,12.394839274000049,3
51.35414337200007,12.373717510000063,3
51.33799636200007,12.385070595000059,3
51.33177436500006,12.381687444000022,3
51.37531706300007,12.482844674000035,3
51.55172519000007,12.969751092000024,3
51.447627115000046,12.97051738700003,3
50.80916700200004,12.708109038000032,3
50.55606884400004,12.45563695800007,3
50.492202089000045,12.45582250900003,2
50.31303336500008,12.33235615700005,3
50.50256428100005,12.138806656000042,3
50.49897957700006,12.187781940000036,2
50.46572642900003,12.242541018000054,3
50.81691312000004,12.845635291000065,3
50.79410319200008,12.942978495000034,3
50.81321505200003,12.897390204000033,3
50.866896507000035,12.751227177000032,3
50.99343981800007,12.70117635300005,3
50.85394927600004,12.881727732000058,3
51.07471084300005,13.736426631000029,2
51.069193175000066,13.730477617000076,3
51.04950975100007,13.774413367000022,3
51.053147839000076,13.725291406000053,3
51.049280897000074,13.806289333000052,3
51.03289181900004,13.75797910700004,3
51.05741313600004,13.746479855000075,3
51.01309850300004,13.790593005000062,2
51.060955782000065,13.677604209000037,3
51.161707773000046,13.565017316000024,3
50.97190425000008,13.863574995000022,3
51.29372328900007,13.294885278000038,3
51.30645760500005,13.284428648000073,3
51.03955695500008,14.131112656000028,2
51.178137194000044,14.423384565000049,3
51.433638475000066,14.264693722000061,2
51.24427019900003,12.859929797000063,3
51.335274437000066,12.480097398000055,3
51.34059644700005,12.37678851100003,3
51.35553758900005,12.571443587000033,3
51.392887459000065,12.844779335000055,3
51.29696470500005,13.106458302000021,3
50.50322425500008,12.14199369000005,3
50.81850085700006,12.394101083000066,3
50.96191469000007,13.074656549000053,3
50.50577137000005,12.976906341000074,2
50.70210336200006,13.439347745000077,3
51.02187222400005,13.398088183000027,3
50.71103720900004,13.272651470000028,3
50.760673534000034,13.069814872000052,3
50.93724113800005,13.783995036000022,3
51.03395328000005,13.749080224000068,2
51.11620809100003,13.78003996600006,2
51.120871471000044,13.746184639000035,3
51.083024601000034,13.77812074600007,3
51.12487413800005,13.743121975000065,3
51.03394990100003,13.723189631000025,3
50.82245817300003,13.616968452000037,3
50.86432545800005,13.491585908000047,3
51.091277337000065,13.497549453000033,3
51.103345320000074,13.656194076000077,3
50.921139459000074,13.85756695200007,3
50.88364824700005,13.98029206900003,3
50.94280646500005,13.803252733000022,3
51.299941862000026,13.31865666300007,2
51.299037455000075,13.311022403000038,2
51.063822447000064,13.983847794000042,3
51.12135532900004,14.352267600000062,3
51.055922414000065,14.371219881000059,3
51.33718302300008,14.944600838000042,3
51.17650541200004,13.843081394000023,3
51.168507076000026,13.987461780000046,3
51.13622710700008,13.94928729000003,2
51.08661602300003,14.01817204100007,3
51.37506246600003,14.614442864000068,3
51.36332356500003,12.395725111000047,2
51.38043942000007,12.393003643000043,3
51.30040675600003,12.43113704700005,3
51.349780416000044,12.414520981000067,3
51.32524204600003,12.306122285000072,3
51.14070808300005,12.651638184000035,2
51.52472578900006,12.344315472000062,3
51.562555632000056,12.992233768000062,3
50.40933740100007,12.034372134000023,2
50.83012044900005,12.450723940000046,3
50.735002387000065,12.376814758000023,3
50.84469995900008,12.937930693000055,3
50.83401883000005,12.901242463000074,3
50.41822558900003,12.976822380000044,3
50.858185829000035,13.31959964500004,3
50.62687547200005,13.081909821000067,3
50.88074287200004,12.781995172000052,3
51.047270764000075,13.736934890000043,3
50.89861442800003,13.889934667000034,3
51.14857707500005,13.647968760000026,3
51.14724622400007,13.770216120000043,3
51.053913333000025,13.73738155600006,2
51.061902082000074,13.854817523000065,3
51.28395839800004,13.617740038000022,3
51.129388334000055,14.178220429000078,3
51.23867446700007,14.525898227000027,3
51.483040696000046,14.350531199000045,3
51.345810146000076,12.400692377000041,3
51.34946657900008,12.520037688000059,3
51.33062821000004,12.362954158000036,3
51.40284834500005,12.221830772000033,3
51.31921403500007,12.336200977000033,3
51.318453712000064,12.330864245000043,3
51.32704204500004,12.338183250000043,3
51.328583965000064,12.363728150000043,3
51.124649454000064,12.494705324000051,2
51.23109942800005,12.706094344000064,3
51.49502994300008,12.468831200000068,3
50.81404403200003,12.550015314000063,3
50.80931492500008,12.384506521000048,2
50.88320783300003,13.170460761000072,2
50.75608304800005,12.804211998000028,2
50.869387646000064,12.889096406000021,3
50.86672407000003,12.858668145000024,3
50.819948528000054,12.957640678000075,3
50.55752849500004,12.954861820000076,3
50.99170185500003,12.966218636000065,3
51.05231504100004,13.772129882000058,2
51.04715816100003,13.735161507000043,3
51.051854211000034,13.692510797000068,3
51.06306492600004,13.736856379000074,2
51.11871317100008,13.753640924000024,3
51.09047785300004,13.702447407000022,3
51.03268722900003,13.69780606200004,3
50.99442992200005,13.691515666000043,3
50.76532565400004,13.753969229000063,3
51.16574884100004,13.571774424000068,3
50.95108825900007,13.852333441000042,3
50.95902884700007,13.908876434000035,3
51.31430674200004,13.289982537000071,3
51.36456700700006,14.863109348000023,3
51.30388673400006,12.446042292000072,3
51.34698241000007,12.543828640000072,3
51.31288312000004,12.41791250700004,3
51.31856043000005,12.394745322000063,3
51.37335029700006,12.817864762000056,3
50.54842430000008,12.271076597000047,3
50.47480492100004,12.369279603000052,3
50.624739711000075,12.291861833000041,3
50.832990289000065,12.532902156000034,3
50.52366803100006,12.13269316700007,3
50.73683967200003,12.373419639000076,3
50.686010794000026,12.562249338000072,3
50.69241777600007,12.698715771000025,3
50.93067911000003,12.703841836000038,2
50.62782339700004,12.814922828000022,3
51.10779994300003,13.63273698200004,2
51.04412978200003,13.79778923400005,3
51.005973907000055,13.794808921000026,3
51.17209913000005,13.820476667000037,3
51.00179986000006,13.793551426000022,3
50.850309612000046,13.535813971000039,2
50.95746959400003,13.922610766000048,3
50.905963936000035,14.812438200000031,3
51.11166631200007,12.492299600000024,2
51.33807042600006,12.405491856000026,3
51.33712656900008,12.338826722000022,3
51.31273928000007,12.54000329300004,2
51.32629783900006,12.172461359000067,3
51.33868281400004,12.343057351000027,3
51.31810435400007,12.247062872000072,3
51.33967807500005,12.371768684000074,3
51.345747696000046,12.401888861000032,3
51.33147730400003,12.40727954700003,3
50.84583479300005,12.463747083000044,2
51.35410885400006,12.315036317000022,3
50.84592534400008,12.903140662000055,3
50.821864170000026,12.947110260000045,3
50.86683292200007,13.31602405600006,3
51.325402137000026,13.718725930000062,2
51.04248622600005,13.680188951000048,3
50.991860419000034,13.690696436000053,3
51.05425865600006,13.288771326000074,3
51.13654788300005,14.182856374000039,3
51.247188091000055,14.887441233000061,3
51.50422336200006,14.641052107000064,3
51.37606605500008,12.36380069300003,2
51.41468538600003,12.311481440000023,3
51.41982774100006,12.30492257800006,3
51.136820415000045,12.448447059000046,3
51.439517386000034,12.617382639000027,3
51.31136256600007,13.017489329000057,2
50.52638260400005,12.382074977000059,3
50.50940780700006,12.14904014700005,3
50.84350726800005,12.801346903000024,2
50.83861909700005,12.900214954000035,3
50.83953894700005,12.948652871000036,3
50.58434125100007,13.009530635000033,3
50.94687685900004,12.678154858000028,3
51.06281230900004,13.742993874000035,3
51.008462509000026,13.829646291000074,3
51.05356485400006,13.741265586000054,3
51.05920300500003,13.783211941000047,3
51.04721192200003,13.751533620000032,3
51.026795175000075,13.80961613900007,3
51.004825451000045,13.806880547000048,3
51.07755464200005,13.707535420000056,3
51.04702888400004,13.708618564000062,3
51.037838091000026,13.698240702000021,3
51.12958497900007,13.580933153000046,3
50.96794552500006,13.932755959000076,2
51.23873166200008,13.318177094000077,3
51.302002524000045,13.304144410000049,3
51.024529975000064,14.216874892000021,3
51.09672977300005,14.392183339000042,3
51.50385909000005,14.636225029000059,3
51.505496795000056,14.632177170000034,3
51.53809188100007,14.674476776000063,3
51.044670162000045,14.628963475000035,3
51.35029688800006,12.455170821000024,2
51.35200408500003,12.479341371000032,3
51.40375361400004,12.398536415000024,3
51.31643949800008,12.35993839400004,3
51.32313321400005,12.274957049000022,3
51.30818374800003,12.31318795900006,3
51.31945557900008,12.341191133000052,3
51.33912556900003,12.39561494000003,3
51.36550641300005,12.746459779000077,2
51.48683406200007,12.33558401700003,3
50.70691826400008,12.459063766000043,2
50.619200275000026,12.981157789000065,2
50.81374409800003,12.933522589000063,3
50.83443629000004,12.923032233000072,3
50.833971973000075,12.926502441000025,3
50.837137271000074,12.959902855000053,3
50.53116888900007,13.00317969100007,3
50.90515147500008,13.346689078000054,3
51.06377704500005,13.746730272000036,3
51.171650243000045,13.528028447000054,3
51.04608329200005,13.74167265400007,3
51.04392668300005,13.78133235000007,1
51.09302118800008,13.70122470900003,3
51.050268360000075,13.67236553400005,3
50.834876905000044,13.76874884700004,3
51.167876447000026,13.492571307000048,3
51.16270425600004,13.443456812000022,3
51.29353579200006,13.294672770000034,3
51.443463734000034,14.243966944000022,2
51.07703475400007,14.339044984000054,3
51.27560881900007,14.097483752000073,3
51.18060006300004,13.83549240700006,3
51.06513253600008,14.668576195000071,3
50.89386426900006,14.792482999000072,3
51.143028067000046,12.639222777000043,1
51.37059112800006,12.339183978000051,3
51.35211887600008,12.479351098000052,2
51.31850330800006,12.341760453000063,2
51.31897027600007,12.406576186000052,3
51.549632657000075,13.086080025000058,3
51.36282201500006,12.363469115000044,2
51.35443784200004,12.390060789000074,3
51.382237760000066,12.493877239000028,3
51.349867035000045,12.335116111000048,3
51.332109786000046,12.404155710000055,3
51.33065259800003,12.380485860000022,3
51.29148306800005,12.59037328900007,3
51.12806639900003,12.805680540000026,3
51.51693737100004,12.358005173000038,3
51.586811741000076,12.569699358000037,2
51.45884143400008,13.15579073300006,2
50.81318681000005,12.759325964000027,2
50.81733112900008,12.38628684500003,2
50.96343038700007,13.280770067000049,1
50.52147666800005,13.03078643400005,2
51.14666920500008,13.113143807000029,3
50.54920980900005,13.098709739000071,3
50.820971427000075,13.084775974000024,3
50.99677564000007,12.96018089200004,3
50.986747808000075,12.979997959000059,3
50.886820002000036,13.045056858000066,3
50.88428036100004,12.807907023000041,3
51.005585815000074,13.803634159000069,3
51.04667651400007,13.762151256000038,3
51.03649663400006,13.71527726200003,3
51.04973084400007,13.669960550000042,3
51.31409383600004,13.288057370000047,3
51.360259589000066,14.167588960000046,3
50.89960602800005,14.654188674000068,2
51.33848253700006,12.371090035000066,2
51.304005920000066,12.217617444000041,3
51.34662683500005,12.389991348000024,3
51.461318849000065,12.665235591000055,3
50.610149731000035,12.245525266000072,3
50.61014223800004,12.245461886000044,3
50.466162506000046,12.341317811000067,3
50.81000949100007,12.595629969000072,2
50.80159928300003,12.72742033700007,3
50.48774756700004,12.13717407400003,3
50.49346168200003,12.146301101000063,3
50.41013851000008,12.047896896000054,3
50.497828981000055,12.163070430000062,3
50.71254562000007,12.414181874000064,3
50.80139194900005,12.88917153500006,2
50.58573161600003,12.70388467400005,3
50.95213145200006,13.33884832700005,2
50.94263827900005,13.389583181000035,3
50.79574453200007,13.134628268000029,3
50.914860426000075,13.344560416000036,3
50.91303815400005,13.34788939200007,3
50.89813453700003,13.33524225900004,3
50.93295454500003,13.014244977000033,3
51.019253621000075,13.741228278000051,3
51.13317973200003,13.598589508000032,3
51.38781759700004,13.469770038000036,3
51.04554639200006,13.770502375000035,3
51.02078596100006,13.766271030000041,3
51.05330597200003,13.796325023000065,3
50.99782962900008,13.822407823000049,2
51.06398915800003,13.74590223100006,3
51.025594787000045,13.72517239800004,3
50.99307708400005,13.766848868000068,3
51.032441540000036,13.701977484000054,3
50.96033073000007,13.94721204700005,3
50.98445780900005,13.897255698000038,3
50.945980947000066,13.903325234000022,3
50.97594490900008,13.86942890000006,3
50.969804887000066,13.870992995000051,2
51.300556458000074,13.337936642000045,3
51.037362692000045,14.160237702000074,3
51.13757428800005,14.181010408000077,3
51.104799193000076,14.193443932000037,3
51.17693198100005,14.429122979000056,3
51.334122656000034,14.967741277000073,2
51.35495306200005,14.50687762900003,3
51.38380570100003,12.456081095000059,2
51.376028821000034,12.316730157000052,3
51.35112097700005,12.435022120000042,3
51.337271989000044,12.509962014000052,3
51.36131816200003,12.483650683000064,3
51.33837646300003,12.491266633000066,3
51.29873923500003,12.333027419000075,3
51.38766355200005,12.76655844000004,3
51.51290768500007,12.336709877000033,3
50.35677396600005,12.469332898000062,3
50.80358866000006,12.715761170000064,3
50.34911239000007,12.159860366000032,3
50.18486891800006,12.310910514000057,3
50.65192325800007,12.661182507000035,3
51.006363005000026,12.92356329200004,2
50.77689589500005,12.926050747000033,3
51.04034777800007,13.781912290000037,2
51.04876242700004,13.71786413600006,3
51.05049498900007,13.842548493000038,3
50.93698737700004,13.591245585000024,3
51.24956257900004,13.779659931000026,3
51.39776867000006,13.458482598000046,2
51.30178194900003,13.303785877000053,3
51.06570009300003,14.198794083000053,2
51.05574057200005,14.419890700000053,3
51.18882501200005,14.181456583000056,3
51.17442319500003,14.39220419000003,3
51.18511058300004,14.437330135000025,3
51.43725023300004,14.264741843000024,2
50.91000261500005,14.661498750000021,3
50.909973696000066,14.661505877000025,3
51.28216155900003,12.428536820000033,3
51.31962789800008,12.353398249000065,3
51.357175178000034,12.376730545000044,2
51.40310254100007,12.741739260000031,2
51.37886846300006,12.323633632000053,3
51.28676106200004,12.46414244400006,3
51.40227422400005,12.19846164200004,3
51.36408834900004,12.358656970000027,3
51.32916407400006,12.380062763000069,3
51.32527657800006,12.367883904000053,3
51.33325043100007,12.373642705000066,3
51.34978412400005,12.354864968000072,3
51.04743674300005,12.616840722000063,3
51.202419132000045,12.386610076000068,3
50.72225027800005,12.493894415000057,3
50.488883971000064,12.42072773800004,2
50.62102316100004,12.264112616000034,3
50.796418748000065,12.702100200000075,3
50.866907738000066,12.751219436000042,3
50.80374823200003,12.73050771800007,3
50.71827101000008,12.514282435000041,3
50.83679595800004,12.94277131900003,3
50.890069270000026,12.935549324000021,3
50.84093859400008,12.926886358000047,3
50.58384164100005,12.709067401000027,3
50.92238524700008,13.222718231000044,3
50.65064901100004,13.059621418000063,3
51.05105032800003,13.769600100000048,3
51.17125965500003,13.52550343200005,2
51.043450903000064,13.728091363000033,2
51.05332371600008,13.782045627000059,3
51.07827637400004,13.757585065000058,3
50.999012350000044,13.649754190000067,3
51.167838292000056,13.491570208000041,3
51.11006185100007,13.64084138000004,3
51.12979217900005,13.590831779000041,2
51.11366066800008,13.934373486000027,2
51.070485459000054,13.932779857000071,3
50.90600910000006,14.812352586000031,3
51.34007199700005,12.40831425600004,3
51.37212992900004,12.330774865000024,3
51.345604293000065,12.404546828000036,3
51.32272135100004,12.373481901000048,3
51.33556774900006,12.355953850000049,3
51.345525991000045,12.406006568000066,3
51.509944061000056,12.355977306000057,3
51.45653308800007,12.927371871000048,3
50.53564818400008,12.401361528000052,3
50.90395023500008,13.192548781000028,3
50.79433442700008,12.942963920000068,3
50.83517946500007,12.870916648000048,3
50.62183729800006,13.031446009000035,3
51.15762052200006,12.92997060600004,3
51.05880794300003,13.77818906300007,3
50.89094017800005,13.951969002000055,3
50.84233515100004,13.962336795000056,2
51.19684535700003,14.409386521000044,3
51.14157395700005,14.404925939000066,3
51.34034937600006,12.408642481000072,2
51.346592946000044,12.486471183000049,3
51.312851875000035,12.44318639000005,3
51.30123751000008,12.39620410200007,3
51.319454171000075,12.352605352000069,3
51.21398269500003,12.355278141000042,3
50.56995677000003,12.274404822000065,3
50.67516745200004,12.511575328000049,3
50.86758036900005,12.881868707000024,3
50.78866048700007,12.834614830000021,3
50.83088150800006,12.915866691000076,3
50.830882279000036,12.915866051000023,3
50.811449829000026,12.873091761000069,3
50.84346855100006,12.88604144900006,3
50.89468049700008,13.33275289900007,3
50.90267430400007,13.33049286000005,3
50.75376962900003,12.858326269000031,3
50.63005999400008,12.810153859000025,3
50.61788426600003,12.801189883000063,2
50.64906167500004,12.721231247000048,3
51.046493869000074,13.741572560000066,3
51.03701450600005,13.739346165000029,2
50.96587692400004,13.639179118000072,3
51.04758425600005,13.750480178000032,3
51.049742465000065,13.757188212000074,3
51.05339907700005,13.746648739000022,3
51.07672192000007,13.755626088000042,3
51.010373221000066,13.813551294000035,3
51.03105221200008,13.74753753400006,3
51.067996117000064,13.518107031000056,3
51.11267864400003,13.609217000000058,3
51.29935794600004,13.304260374000023,3
51.09273200900003,14.739347445000021,2
51.182161257000075,14.432122990000039,3
51.19100704300007,14.954048703000069,3
51.17029935800008,14.998374357000046,3
51.292233159000034,14.822347474000026,3
51.43291885300005,14.263396570000054,3
51.58974414100004,12.607782740000061,1
51.27702564200007,12.367353802000025,3
51.32835274400003,12.40389616400006,3
51.41646495500004,12.281550082000024,3
51.37842345100006,12.490397227000074,3
51.36899060800005,12.394143469000028,3
51.36782916400006,12.405499132000045,3
51.362036369000066,12.399850421000053,3
51.27141837200003,12.48116764100007,3
51.35788050600007,12.28478124000003,3
51.33533452900008,12.366595113000074,3
51.336693241000035,12.374283371000047,3
51.33083536200007,12.411211399000024,3
51.33667316100008,12.381558028000029,3
50.71507612000005,12.374322740000025,2
50.52452674600005,12.381506900000034,3
50.833371879000026,12.490890181000054,3
50.82030669400007,12.566036275000044,3
50.49956758500008,12.134177948000058,3
50.53092748300003,12.10820241500005,2
50.67328280900006,12.528587746000028,3
50.75175481500003,12.471647666000024,3
50.75861456500007,12.502487183000028,3
50.738339806000056,12.490756306000037,2
50.98957664100004,13.080270608000035,2
50.86150300400004,12.951844366000046,2
50.846006748000036,12.902951651000024,3
50.74986997500008,13.068415186000038,3
51.06205791100007,13.927740047000043,3
51.05751386800006,13.768098876000067,3
51.073792938000054,13.690046591000055,3
51.21093486900003,13.736928671000044,3
50.96987696300005,13.827624102000073,2
51.02571336500006,13.78886766900007,3
51.03595012900007,13.785322631000042,3
50.93178908400006,13.705415900000048,3
51.08091419800007,13.641715402000045,2
51.05258006300005,13.691133566000076,3
51.03620085700004,13.697288664000041,3
50.97186730700008,13.629329977000054,3
50.842467587000044,13.671110457000054,3
51.00372698500007,13.656916344000024,3
51.11054268400005,13.601269095000077,3
51.41475272400004,13.45073701900003,2
51.42724203300003,14.22746787400007,3
51.44952977400004,14.26174467800007,3
51.177442040000074,13.825036587000056,3
50.94602747600004,14.791202209000062,3
51.28295320900003,12.464076188000035,3
51.358339708000074,12.39515377600003,3
51.47396567700008,12.711344905000033,2
51.42255288600006,12.235817006000048,2
51.38100351700007,12.318247735000057,3
51.39167820500006,12.372249216000057,3
51.30137679300003,12.372978880000062,3
51.28556705300008,12.365923967000072,3
51.33096497300005,12.337900682000054,3
51.33531596200004,12.339661715000034,3
51.12154148800005,12.493748641000025,3
51.52461407100003,12.34387890100004,3
51.46825471100004,12.668962693000026,3
50.49778655100005,12.139499638000075,3
50.358645428000045,12.099491085000068,3
50.60618262400004,12.16830223200003,3
50.72178221400003,12.476241346000052,3
50.72795780400003,13.454056957000034,2
50.586331606000044,12.861102601000027,3
50.809122022000054,12.858730759000025,3
50.60174686600004,12.978644924000037,3
50.57756765800008,12.617420969000023,3
50.58442456300003,12.69630961200005,3
51.121331389000034,13.128850235000073,3
50.92180053900006,13.341959932000066,3
50.631597458000044,12.805703381000058,3
51.058545380000055,13.828784847000065,3
51.04523050700004,13.754043448000061,3
51.060477304000074,13.526761245000046,3
51.10977849900007,13.748193958000059,3
51.024065224000026,13.759087842000042,3
51.01268655600006,13.694009923000067,3
51.03430851200005,13.731004778000056,3
51.03087615900006,13.701720926000064,3
51.03907168000006,13.805407617000071,3
50.99530080100004,13.653599181000061,3
51.17052417900004,13.318060579000075,3
51.13374600600008,13.474642002000053,3
50.96034286100007,13.943456852000054,3
51.02547464300005,14.034828868000034,3
51.047410109000054,14.432361576000062,3
51.10881660100006,14.107757027000048,3
51.16230125300007,14.956811495000068,3
51.15763483300003,14.984089704000041,3
51.29226403300004,14.822205245000077,2
51.446077700000046,14.088500576000058,3
51.50896613000003,14.629081409000037,3
51.36021818300003,14.60788344100007,3
50.99188217900007,14.605374023000024,3
50.90172223700006,14.818401894000033,2
51.32237570700005,12.421728850000022,2
51.33930402100003,12.36622622300007,3
51.192862932000025,12.465967746000047,2
51.29143761300003,12.443985530000077,3
51.44550006800006,12.418555731000026,3
51.41939606600005,12.259319738000045,3
51.37419803100005,12.411803518000056,3
51.38179166800006,12.485096474000045,3
51.34616628600003,12.427773536000075,3
51.309329725000055,12.386720173000072,3
51.17389736000007,12.505900742000051,2
51.43109318200004,12.681662678000066,3
51.347697923000055,12.806132318000039,3
51.60018459500003,12.576935926000033,3
50.47863462300006,12.143180635000022,3
50.47864000800007,12.143171332000065,3
50.453090426000074,12.464305661000026,3
50.86343191600008,12.756122618000063,3
50.82715571600005,12.547983436000038,3
50.48744593500004,12.117778738000027,3
50.78914254400007,12.475528893000046,3
50.74149160200005,12.376846513000032,3
50.86322071600006,12.872449592000066,2
50.824649375000035,12.927319730000022,3
50.815768784000056,12.96784341600005,3
50.82454149200004,12.931005175000053,3
50.51799009200005,12.715465055000038,3
50.953142969000055,13.345205130000068,3
50.75292178900003,13.035087769000029,2
50.67805077500003,13.114954227000055,3
51.13925020900007,13.591359872000055,2
51.046362172000045,13.701894707000065,2
51.09387744600008,13.691042975000073,2
51.13001174200008,13.749016878000077,2
51.08640179100007,13.739345749000051,3
51.029123611000045,13.833079798000028,2
51.03395056700003,13.720989506000024,3
51.02909841600007,13.746279839000067,3
50.98603125100004,13.859808174000023,3
50.86457894400007,13.942975165000064,3
51.312413509000066,13.287534477000065,2
51.179779643000074,14.427290246000041,3
51.123223014000075,14.186114142000065,3
51.05581353500003,14.43964415000005,3
51.04424953900008,14.488935354000034,3
51.43006143400004,14.265738292000037,3
51.308370112000034,14.327969238000037,3
51.26338020000003,13.91251608600004,3
51.10275414700004,14.669476803000066,3
51.35643068500008,12.415686378000032,3
51.51874763700005,12.655602948000023,1
51.17973576000003,12.76099978700006,3
51.301575169000046,12.260858347000067,3
51.25724430400004,12.731744942000034,3
51.26142661600005,12.705751798000051,3
51.35188642000003,12.42657319400007,2
51.361448867000036,12.370335074000025,3
51.310539309000035,12.426683355000023,3
51.31775600600008,12.309126605000074,3
51.320391673000074,12.323426311000048,2
51.341168270000026,12.39537391600004,3
51.342207167000026,12.411264471000038,3
51.342854189000036,12.380722001000038,3
51.129546850000054,12.804240598000035,2
50.64773546500004,12.459034065000026,3
50.55006975200007,12.27308875400007,2
50.75649742400003,12.502370399000029,3
50.75335237400003,12.629691606000051,3
50.49784474900008,12.169261882000058,3
50.72666722100007,12.489583608000032,3
50.835746232000076,12.939776813000037,2
50.83356921600006,12.879153931000076,3
50.59468923600008,13.010842469000067,3
50.57894334800005,12.831027867000046,3
50.862666208000064,13.169091644000048,3
50.91522156800005,13.344195324000054,3
50.91195640600006,13.35740773200007,3
50.85293172400003,13.305074390000073,3
50.70027131100005,13.020006157000068,2
50.862743574000035,13.06339052100003,3
50.70423254500008,12.786359166000068,3
51.04286944300003,13.751621968000052,1
51.06103626600003,13.732489070000042,2
51.05985304700005,13.468923948000054,3
51.02530664400007,13.803433965000067,3
51.044621447000054,13.761281710000048,3
51.08870442800003,13.800922229000037,2
51.00867960700003,13.874379943000065,3
51.04280569300005,13.723585250000042,2
51.058857587000034,13.689303711000036,3
51.04050207800003,13.77699771600004,3
51.049524691000045,13.662595891000024,3
50.99415838800007,13.654237452000075,3
50.908986352000056,13.599662585000033,3
51.12538209400003,13.57421370000003,3
51.121292794000055,13.381165706000047,3
50.98721064000006,13.857567323000069,3
50.947581005000075,13.870685675000061,2
51.321422959000074,13.318290597000043,3
51.30090771700003,13.309091597000076,3
51.022936283000035,14.20984272800007,3
51.02608931700007,14.219274226000039,3
51.18126486400007,14.435240313000065,3
51.09478057900003,14.426235132000045,3
51.19269539000004,14.218386244000044,3
51.15360629400004,14.992482455000072,3
51.14349393800006,14.948236745000031,2
51.329624497000054,13.947432070000048,3
51.28387014600003,14.08570846300006,3
51.11183456200007,13.918364542000063,3
51.50224593400003,14.711793915000044,3
50.89636117100008,14.792430892000027,3
51.50265249200004,12.772367538000026,2
51.35192827000003,12.426130852000028,2
51.33810016600006,12.405220069000052,3
51.39374705600005,12.228703155000062,3
51.36786230200005,12.382717357000047,3
51.32660547300003,12.280682796000065,3
51.34541181700007,12.435862585000052,3
51.34633250300004,12.353933534000078,3
51.11154322600004,12.492414918000065,3
51.46124815300004,12.203441858000076,3
51.23624110900005,13.043622526000036,3
51.36062736500003,13.05379769600006,3
51.29446859700005,13.118508817000077,3
51.46494132000004,12.977079174000039,3
50.50189147300006,12.415834408000023,3
50.47450967100008,12.369085030000065,3
50.49614849100004,12.121829947000037,3
50.62986938600005,12.592192242000067,3
50.71509033600006,12.374296542000025,3
50.82049443400007,12.386523877000059,3
50.991603987000076,13.123936168000057,3
50.61974819400007,12.869816383000057,2
51.042260715000054,13.739402553000048,2
51.02985165500007,13.771088939000037,2
51.06392509600005,13.738293242000054,3
51.057290641000066,13.304656091000027,3
51.05558452500003,14.433133596000062,2
51.17227786600006,12.491166073000045,3
51.35046035200003,12.457751230000042,3
51.31234955100007,12.444493312000077,3
51.321866284000066,12.341390095000065,3
51.28731391600007,12.584121981000067,3
51.40896998000005,12.539558830000033,3
50.598244686000044,12.353344347000075,2
50.40861831900003,12.031670155000029,2
50.85230291500005,12.45348132600003,3
50.49107853700008,12.10945675000005,3
50.73787435100007,13.46822558200006,2
51.04160220600005,13.212846871000067,2
50.807764758000076,12.840791699000022,3
50.83164754900008,12.922567248000064,3
50.82071624300005,12.939690351000024,2
50.90582858400006,12.863427700000045,3
51.10380517800007,13.67420628800005,3
51.06229790900005,13.593484467000053,1
51.12619104500004,13.848421938000058,3
50.77795714400003,12.618613590000052,3
50.82180971500003,12.956853327000033,3
50.82125673500008,12.894719027000065,3
50.79726184400005,12.896211373000028,3
50.79403912500004,12.90112678500003,3
50.48410613600004,12.973141454000029,3
50.50472784800007,12.509506532000046,3
51.20630605400004,12.965150822000055,2
51.15092741300003,13.117800595000062,3
51.13805592400007,13.097558303000028,3
50.68018493400007,13.119523322000077,3
51.034604510000065,13.731145870000034,2
51.04182061900008,13.706884757000068,3
51.08444418400006,13.273697969000068,3
51.04977525400005,13.740604119000068,3
51.05279266000008,13.805031467000049,3
51.05200083200003,13.761582806000035,3
51.07195666200005,13.747232836000023,3
51.00036664800007,13.79595359800004,3
51.03878378600007,13.717999081000073,3
50.76955890800008,13.733585767000022,3
50.98338345700006,13.605166246000067,3
51.13195548200008,13.578555212000026,3
50.97513578600007,13.930855087000054,3
51.30253005000003,13.30473409700005,3
51.17844077700005,14.452988359000074,3
50.97107889100005,14.850008280000054,3
51.33179956600003,12.405721155000037,2
51.36001130900007,12.537749416000054,1
51.43821420300003,12.204376672000024,3
51.35613926700006,12.389331021000032,3
51.40140175700003,12.529538235000075,3
51.33255620700004,12.421675135000044,3
51.26856522600008,12.36574005400007,3
51.342872758000055,12.38289934900007,3
51.280475609000064,12.592031655000028,3
51.39598752300003,12.711750779000056,3
50.83417277600006,12.489703254000062,3
50.634934162000036,12.300054884000076,2
50.49265643800004,12.299489928000071,3
50.41834828300006,12.477938175000077,3
50.63376712100006,12.345417600000076,3
50.808236597000075,12.690988482000023,3
50.78027335500008,12.701517551000052,3
50.49328949000005,12.153421481000066,2
50.54808562100004,12.004510504000052,3
50.39514362600005,12.332437759000072,3
50.471214143000054,12.073466729000074,2
50.92239456400006,13.386747626000044,2
50.84311493700005,12.884470087000068,3
50.85290843800004,12.884470989000022,3
51.120971620000034,13.112659044000054,3
51.04908948000008,12.802117346000045,2
51.04213092700007,13.739140303000056,3
51.03984920400006,13.770814830000063,3
50.88253627300003,13.875723623000056,3
51.00487249400004,13.82274093600006,3
51.05887022100006,13.704276468000046,3
51.07670381300005,13.706188258000054,3
51.23220687700007,13.412947144000043,3
50.96399355800003,13.934188593000044,3
50.970182926000064,13.873130942000046,3
51.16217345700005,14.38915376400007,3
51.148187860000064,14.38796598500005,2
51.31257252100005,14.330631390000065,3
51.49735413700006,14.347517264000032,3
51.145515104000026,14.021141262000071,3
51.32886588800005,12.371237091000069,3
51.319005581000056,12.277821546000041,2
51.364456113000074,12.356649111000024,3
51.30774669500005,12.268203468000024,2
51.23684360900006,12.877432256000077,3
51.34539035000006,12.408561287000055,3
51.36126203300006,12.370554151000022,3
51.33432008900007,12.39222280000007,3
51.13344914700008,12.49426052800004,3
51.22243560800007,12.388576286000045,3
51.540741153000056,12.330083638000076,3
50.71724223000007,12.504038302000026,2
50.585195181000074,12.397028126000066,3
50.62597599000003,12.289595219000034,3
50.91120139700007,13.333305765000034,3
50.83574951200006,12.939756897000052,3
50.50300761400007,12.530953123000074,3
50.542289339000035,12.787869224000076,3
51.08881185400003,12.965982659000076,2
50.67805246900008,13.114956117000077,3
51.04617570000005,13.741882743000076,2
51.08536967800006,13.737327311000058,3
51.14205943700006,13.760426617000064,3
51.03710516700005,13.634450686000037,3
51.07186490300006,13.726828556000044,3
51.03143806400004,13.548541226000054,3
51.291531950000035,13.527720455000065,3
51.170478606000074,13.473847447000026,2
50.96623230200004,13.87333095300005,3
50.962681614000076,13.937965542000029,3
51.20195418600008,14.41478746200005,2
51.17238222000003,14.431887356000061,3
51.40397456300008,14.050126506000026,3
51.09988558800006,13.913396575000036,2
51.51090045600006,14.58369731700003,3
50.89950618100005,14.795119016000058,3
51.06265898700008,14.634510315000057,2
51.32724137400004,12.386535901000059,3
51.35096323800008,12.437614851000035,3
51.33048328600006,12.373606229000075,3
51.27627295700006,12.396513844000026,3
51.30623098500007,12.396464662000028,3
51.32425383100008,12.291177767000022,3
51.35014596900004,12.376516604000074,3
51.35166116600004,12.37354164900006,3
51.15135116500005,12.513035582000043,3
51.337351510000076,12.364587742000026,3
51.30535167200003,13.104789005000043,2
51.30462565900007,13.100660563000076,3
51.23597803800004,13.194156061000058,2
51.564594502000034,12.976759832000027,2
50.70781737400006,12.494853269000032,3
50.57643056300003,12.23476518800004,2
50.71563875700008,12.477889153000035,2
50.792329135000045,12.383664114000055,3
50.95966536000003,13.421610970000074,3
51.02302113400003,13.302706527000055,2
50.84601467700003,12.936331809000023,2
50.82685858000008,12.914128369000025,3
50.85720687000003,12.949392114000034,3
50.548640602000035,12.781070291000049,3
51.11809946500006,13.132211237000035,2
50.91429778000003,13.338819689000047,3
51.04993119100004,12.814869830000077,3
50.77153471300005,12.860045795000076,2
51.06369311200007,13.747045946000071,3
51.06498698100006,13.665940369000054,3
51.062321644000065,13.735662390000073,3
51.043047871000056,13.773235727000042,3
51.05598145700003,13.755837068000062,3
51.07110418100007,13.759276047000071,3
51.00973924700003,13.800105044000077,3
51.033141527000055,13.737368761000027,3
51.08740297300005,13.634122538000042,3
50.83777586100007,13.675757610000062,2
51.28606083500006,13.543477841000026,3
50.90472964400004,14.038628583000047,3
51.020697691000066,14.218324058000064,2
51.09576029600004,14.304254768000021,3
51.37556930900007,14.855817776000038,3
51.35691235500008,14.226589408000052,2
51.461917878000065,14.282265263000056,3
51.46243659100003,14.08189567100004,3
51.42659482700003,14.368960537000078,2
51.24316264600003,14.168786695000051,3
51.355718875000036,12.370142888000032,3
51.39202619300005,12.404614560000027,3
51.438352817000066,12.277148665000027,3
51.331433021000066,12.318587433000062,3
51.31617747700005,12.261718549000022,3
51.27710183600004,12.261629718000052,3
50.99498351900007,12.565266854000072,3
51.166713481000045,12.25517889300005,3
51.19565348200007,12.415851923000048,3
50.41626010400006,12.173544335000031,3
50.833925942000064,12.518321314000048,2
50.54455782500003,12.039463957000066,3
50.54347315500007,12.117040129000031,3
50.50648179600006,12.061527350000063,2
50.491392673000064,12.162111047000053,3
50.72149869800006,12.374730388000046,3
50.69308262900006,12.511209701000041,3
50.588987588000066,13.01492823600006,3
51.04311221800003,13.334411121000073,3
50.846159483000065,12.845540355000026,3
50.867637468000055,12.906824277000055,3
50.843991112000026,12.905558455000062,3
50.61800153900003,12.731044230000066,3
51.13772237200004,13.137404970000034,3
51.12223210600007,13.105147630000033,3
50.77221003200003,13.037778970000033,3
50.73214579000006,12.70228408500003,3
50.70904501200005,12.774233740000057,3
51.02056747000006,13.707414817000029,2
51.03374395800006,13.734400307000044,2
51.038138727000046,13.775015341000028,3
51.059300076000056,13.728996789000064,3
51.03719354900005,13.792774566000048,2
51.03565435300004,13.725124064000056,3
51.05630836100005,13.683298335000075,3
51.28827464400007,13.524359314000037,3
51.105157303000055,13.67934432800007,2
51.23866434900003,13.318332600000076,3
51.203297630000066,14.305545426000037,3
51.17998437000006,14.44549304000003,2
51.27231439900004,14.885461629000076,3
51.17431200300007,14.906076509000059,3
51.42701307100003,14.241338210000038,3
51.54330728600007,14.726043033000053,3
51.05953075600007,14.581574320000072,3
50.99080661200003,14.707360035000022,3
51.34115427900008,12.383625979000044,3
51.32833014200003,12.403801991000023,3
51.51891657500005,12.318672725000056,2
51.41546613600008,12.30777308200004,2
51.33951134200004,12.328320980000058,3
51.39484443100008,12.37253028400005,3
51.33421548800004,12.482082942000034,3
51.33991034200005,12.37132484600005,3
51.334815055000035,12.336532975000068,3
51.34380681200008,12.381198716000029,3
51.00165017300003,12.679775045000042,2
51.15290489300003,12.64137050000005,3
51.23322605300007,12.721973719000061,3
51.580570625000064,13.054502182000022,3
51.52731140700007,13.124621537000053,3
50.62095806900004,12.264278254000033,2
50.47412267800007,12.368830002000038,2
50.504328798000074,12.160106335000023,3
50.62024402600008,12.533344293000027,2
50.74781554700007,12.571256402000074,3
50.71829991000004,12.765405014000066,3
50.82524080400003,12.967178269000044,3
50.845178066000074,12.91942646700005,3
50.84865953800005,12.89677649600003,3
50.58607643300007,12.702638467000043,3
50.938051802000075,12.806022838000047,3
51.03757669300006,13.610515346000057,3
51.03124710700007,13.831053864000069,3
51.04980951200008,13.774715135000065,3
51.06106390100007,13.885215706000054,3
51.162965377000035,14.842109513000025,3
51.31528741400007,14.705252711000071,3
51.44126792800006,14.237428339000076,3
51.52730132200003,14.510402164000027,2
51.09275393200005,14.664496725000049,2
51.31354033900004,12.29695760800007,3
51.304500691000044,12.327413378000074,3
51.258925728000065,12.467780854000068,3
51.127510123000036,12.503790628000047,2
51.316160241000034,12.572547292000024,3
50.682238392000045,12.634288250000054,3
50.35538408800005,12.465938640000047,2
50.529549366000026,12.444547714000066,3
50.61535899100005,12.323983637000026,2
50.86633385700003,12.729706470000053,2
50.65221123600003,12.696936453000035,3
51.08127794400008,13.05976890900007,2
50.84763114200007,12.926156277000075,3
50.77185319100005,12.902368969000065,3
50.598917535000055,13.000815614000032,2
51.040894242000036,13.063423253000053,3
50.68037119300004,12.803737799000032,3
51.154329715000074,13.479883334000021,3
51.06447091900003,13.767734565000069,3
51.08987750800003,13.69361144000004,3
51.38345427000007,14.237347976000024,3
51.314603342000055,12.411983388000067,3
50.832719936000046,12.915406827000027,3
50.79947190000007,12.799073720000024,3
50.58954382600007,12.642520088000026,3
51.17904784500007,12.918187311000054,3
50.72504921400008,12.70097733800003,3
51.09078253700005,13.722538411000073,3
51.04157129100008,13.766555581000034,3
50.99480069600003,13.645874036000066,3
51.00372327300005,13.654662724000048,3
50.81638233900003,13.684624881000047,2
51.135736449000035,13.456199477000041,3
51.11274376700004,14.879666377000035,3
51.42768685400006,14.236922304000075,3
51.445295454000075,14.24247781500003,3
51.54006803400006,14.725397025000063,3
50.99632659100007,14.61653343300003,3
51.35171723700006,12.390744676000054,3
51.11989409000006,12.42443411000005,3
51.12450607400007,12.500056426000071,3
51.52817248200006,12.353134067000042,3
51.29713975900006,13.113440851000064,3
50.585918641000035,12.372768997000037,3
50.50481203000004,12.379878503000043,3
50.49057115700003,12.126232407000032,3
50.546290930000055,11.987957118000054,3
50.685985584000036,12.562064336000049,3
50.639529939000056,12.628391187000034,3
50.84019301100005,12.90073213200003,3
50.79654148700007,12.908401799000046,3
50.83963756800006,12.888055136000048,3
50.62932230700005,13.375873846000047,2
50.71767380500006,12.884601090000046,3
51.119987922000064,13.790409723000039,3
51.07143641000005,13.670783888000074,2
51.057762971000045,13.746428255000069,3
50.93702638100007,13.55763921700003,3
51.09774463400004,13.691692643000067,3
50.95952803800003,13.855373539000027,3
50.983726525000066,14.257914564000032,3
51.05225782800005,14.639268095000034,3
51.179649177000044,14.394525117000057,3
51.16713521300005,14.970314508000058,3
51.06982681900007,14.643344580000075,3
51.32242089700003,12.331918534000067,3
51.37426718900008,12.324796739000021,3
51.34776730600004,12.536988441000062,3
51.265609089000066,12.497123766000072,3
51.37739152000006,12.737383066000064,3
51.59006792300005,13.094817292000073,2
51.459073054000044,13.116015020000077,3
50.53482039200003,12.251419466000073,3
50.766169406000074,12.713452053000026,2
50.84466379100007,12.671396220000076,3
50.53137301100003,12.415609205000067,3
50.511549212000034,12.12433778600007,2
51.040860717000044,13.667106774000047,3
51.319350314000076,12.360439702000065,3
51.362451933000045,12.40079568300007,3
51.37799164100005,12.830614554000022,2
50.72248058900004,12.49512786300005,3
50.49243378800003,12.128623829000048,3
50.800583913000025,12.883955857000046,2
50.79491896300004,12.941334718000064,2
50.82293702700008,12.93412375500003,3
51.202190640000026,14.29398788900005,2
51.14650112800007,14.864805916000023,3
51.36327683600007,12.403308607000042,3
51.36408568300004,12.358453355000051,3
51.34453641700003,12.38976371900003,3
50.703625600000066,12.492481286000043,3
50.81739464600008,12.382874614000059,3
50.802875967000034,12.911383589000025,2
50.60384981300007,13.036103768000032,2
50.99848511600004,13.827099307000026,3
51.04587464900004,13.538585314000045,3
50.87888820100005,13.677253757000074,3
51.15353848400008,14.985912694000035,3
51.16914841800008,14.979756418000022,3
51.52442824500008,12.352781953000033,3
50.48236948200008,12.375621095000042,3
50.69066719300008,13.344920115000036,2
50.885908322000034,12.767046614000037,3
51.02205626700004,13.258028330000059,2
51.02145473500008,13.256991438000057,2
50.68231107100007,12.94117205200007,3
50.518233905000045,13.036515394000048,3
51.063772079000046,13.185585291000052,3
51.169240683000055,13.043847742000025,3
50.92295887100005,13.346626473000072,3
50.980249177000076,13.717057303000047,3
51.009581843000035,13.833974323000064,2
51.02138618400005,13.79093085200003,3
51.067203979000055,13.674461243000053,2
51.16513656200004,13.472727771000052,3
51.14526164700004,14.921861028000023,3
51.44298152500005,14.095754119000048,2
51.25829335600008,14.251634402000036,3
50.92738276400007,14.718647740000051,3
51.296197017000054,12.389944153000044,3
51.30340980400007,12.222806676000062,3
51.25926313300005,12.504534163000073,3
50.506801136000036,12.147805572000038,3
50.50766787400005,12.462092143000064,2
50.78032817500008,12.703108952000036,3
50.52674215300004,12.249901841000053,3
50.24567952800004,12.301485692000028,3
50.502092979000054,12.134622248000028,3
50.620695874000035,12.468028859000071,3
50.95370430600008,13.350709757000061,2
50.99261331100007,13.116837743000076,3
51.051610123000046,13.720353937000027,3
51.03269994500005,13.73083622300004,3
50.957983597000066,13.948418016000062,3
50.92511440800007,14.180469447000064,3
51.34831959500008,12.376227179000068,3
51.367162095000026,12.366710746000024,3
50.70613085800005,12.494099565000056,2
50.59203090400007,13.012853127000028,3
50.73107746900007,12.790365447000056,3
51.09915072300004,13.73060231200003,3
51.099516718000075,13.712930811000035,3
51.05072125300006,13.75161057400004,2
51.29527451300004,13.73287061600007,2
51.053532887000074,13.799543715000027,3
50.99751125900008,13.904122269000027,3
51.11167609700004,13.833989522000024,3
51.12040189900006,13.776338888000055,3
51.00378511100007,13.864450205000026,3
51.07126924500005,13.731529482000042,3
51.044465391000074,13.66679934900003,3
51.07679310800006,13.717913839000062,3
51.294559726000045,13.528174616000058,2
51.29436037800008,13.534986752000066,2
51.10893690100005,13.641134330000057,2
50.94959050600005,13.976120927000068,3
50.92444266000007,14.133257745000037,3
51.11162401300004,13.917948371000023,3
51.159129224000026,14.052165135000052,3
51.139884540000025,14.737285303000021,3
51.32513767000006,12.376899327000046,3
51.59051523900007,12.594284009000035,3
50.69610109800004,12.488750717000073,3
50.69835859500006,12.376532803000032,2
50.824680605000026,13.051517181000065,3
50.79626433300007,12.98089795900006,3
50.54149996500007,12.824006633000067,3
50.864305486000035,13.389235416000076,3
50.71311370900003,12.780008021000071,3
51.04784264800003,13.749210782000034,2
51.04782932900008,13.762465874000043,2
51.014584144000025,13.69720221800003,3
51.03887552400005,13.663439062000066,3
51.251532834000045,13.686252988000035,3
50.837288167000054,13.918296479000048,3
51.48763515500008,14.19122602300007,3
51.32063692200006,12.382980622000048,2
51.32763835900005,12.327915337000036,2
51.37602866200007,12.371852027000045,3
51.372735187000046,12.475745729000039,3
51.35488285900004,12.394659876000048,3
51.34615148200004,12.446224091000033,3
50.834735256000045,12.38890714200005,2
50.50732210700005,12.409614360000035,2
50.78924462900005,12.73477298000006,3
50.798439872000074,12.693643046000034,3
50.609112863000064,11.996178515000054,2
50.46705226300003,12.020072282000058,3
50.56965797500004,12.00076739800005,3
50.42615675500008,12.092145082000059,3
50.61850948400007,12.469038493000028,3
50.62069649700004,12.511787704000028,3
50.81057083700006,12.894766382000057,2
50.90906903000007,12.976590401000067,3
50.85297490100004,12.88427445900004,2
50.864274902000034,12.852625604000025,3
50.793013923000046,12.901766284000075,3
50.59802682000003,12.641244374000053,3
50.76193168800006,13.07643226500005,2
50.858255694000036,13.073368843000026,3
51.03705567800006,13.788521659000025,3
50.98554493800003,13.44760158400004,3
50.98690826200004,13.448148027000059,3
51.00127433400007,13.459472492000032,3
51.38240705900006,13.200168965000046,3
51.18630632500003,14.442457103000038,2
51.19886698700003,14.021445896000046,3
51.208793024000045,14.027970511000035,3
50.93536921900005,14.64950712700005,3
51.35011783700003,12.224465364000025,3
51.506330121000076,12.449248161000071,3
51.468217855000034,12.978188240000065,3
50.698158858000056,12.481977562000054,2
50.55477237700006,12.273445529000071,3
50.85229058200008,12.453431769000076,3
50.81968128300008,12.564320458000054,3
50.66639683200003,12.644845621000059,3
